|article_id|context|question|model_name|precision|distance_metric|top_n|article_in_top_n|article_position|passage_in_top_n|passage_position
0|Q185113|A cape usually represents a marked change in trend of the coastline which makes them prone to natural forms of erosion, mainly tidal actions. This results in capes having a relatively short geological lifespan. Capes can be formed by glaciers, volcanoes, and changes in sea level. Erosion plays a large role in each of these methods of formation.|What makes a cape prone to natural forms of erosion, mainly tidal actions?|baai-bge|fp32|l2|5|True|0|True|0
1|Q185113|A cape usually represents a marked change in trend of the coastline which makes them prone to natural forms of erosion, mainly tidal actions. This results in capes having a relatively short geological lifespan. Capes can be formed by glaciers, volcanoes, and changes in sea level. Erosion plays a large role in each of these methods of formation.|What makes a cape prone to natural forms of erosion, mainly tidal actions?|baai-bge|fp32|l2|10|True|0|True|0
2|Q185113|A cape usually represents a marked change in trend of the coastline which makes them prone to natural forms of erosion, mainly tidal actions. This results in capes having a relatively short geological lifespan. Capes can be formed by glaciers, volcanoes, and changes in sea level. Erosion plays a large role in each of these methods of formation.|What makes a cape prone to natural forms of erosion, mainly tidal actions?|baai-bge|fp32|l2|20|True|0|True|0
3|Q185113|A cape usually represents a marked change in trend of the coastline which makes them prone to natural forms of erosion, mainly tidal actions. This results in capes having a relatively short geological lifespan. Capes can be formed by glaciers, volcanoes, and changes in sea level. Erosion plays a large role in each of these methods of formation.|What makes a cape prone to natural forms of erosion, mainly tidal actions?|baai-bge|fp32|l2|25|True|0|True|0
4|Q185113|A cape usually represents a marked change in trend of the coastline which makes them prone to natural forms of erosion, mainly tidal actions. This results in capes having a relatively short geological lifespan. Capes can be formed by glaciers, volcanoes, and changes in sea level. Erosion plays a large role in each of these methods of formation.|What makes a cape prone to natural forms of erosion, mainly tidal actions?|baai-bge|fp32|l2|50|True|0|True|0
5|Q185113|A cape usually represents a marked change in trend of the coastline which makes them prone to natural forms of erosion, mainly tidal actions. This results in capes having a relatively short geological lifespan. Capes can be formed by glaciers, volcanoes, and changes in sea level. Erosion plays a large role in each of these methods of formation.|What makes a cape prone to natural forms of erosion, mainly tidal actions?|baai-bge|fp32|cosine|5|True|0|True|0
6|Q185113|A cape usually represents a marked change in trend of the coastline which makes them prone to natural forms of erosion, mainly tidal actions. This results in capes having a relatively short geological lifespan. Capes can be formed by glaciers, volcanoes, and changes in sea level. Erosion plays a large role in each of these methods of formation.|What makes a cape prone to natural forms of erosion, mainly tidal actions?|baai-bge|fp32|cosine|10|True|0|True|0
7|Q185113|A cape usually represents a marked change in trend of the coastline which makes them prone to natural forms of erosion, mainly tidal actions. This results in capes having a relatively short geological lifespan. Capes can be formed by glaciers, volcanoes, and changes in sea level. Erosion plays a large role in each of these methods of formation.|What makes a cape prone to natural forms of erosion, mainly tidal actions?|baai-bge|fp32|cosine|20|True|0|True|0
8|Q185113|A cape usually represents a marked change in trend of the coastline which makes them prone to natural forms of erosion, mainly tidal actions. This results in capes having a relatively short geological lifespan. Capes can be formed by glaciers, volcanoes, and changes in sea level. Erosion plays a large role in each of these methods of formation.|What makes a cape prone to natural forms of erosion, mainly tidal actions?|baai-bge|fp32|cosine|25|True|0|True|0
9|Q185113|A cape usually represents a marked change in trend of the coastline which makes them prone to natural forms of erosion, mainly tidal actions. This results in capes having a relatively short geological lifespan. Capes can be formed by glaciers, volcanoes, and changes in sea level. Erosion plays a large role in each of these methods of formation.|What makes a cape prone to natural forms of erosion, mainly tidal actions?|baai-bge|fp32|cosine|50|True|0|True|0
10|Q185113|A cape usually represents a marked change in trend of the coastline which makes them prone to natural forms of erosion, mainly tidal actions. This results in capes having a relatively short geological lifespan. Capes can be formed by glaciers, volcanoes, and changes in sea level. Erosion plays a large role in each of these methods of formation.|What makes a cape prone to natural forms of erosion, mainly tidal actions?|baai-bge|fp32|dot|5|True|0|True|0
11|Q185113|A cape usually represents a marked change in trend of the coastline which makes them prone to natural forms of erosion, mainly tidal actions. This results in capes having a relatively short geological lifespan. Capes can be formed by glaciers, volcanoes, and changes in sea level. Erosion plays a large role in each of these methods of formation.|What makes a cape prone to natural forms of erosion, mainly tidal actions?|baai-bge|fp32|dot|10|True|0|True|0
12|Q185113|A cape usually represents a marked change in trend of the coastline which makes them prone to natural forms of erosion, mainly tidal actions. This results in capes having a relatively short geological lifespan. Capes can be formed by glaciers, volcanoes, and changes in sea level. Erosion plays a large role in each of these methods of formation.|What makes a cape prone to natural forms of erosion, mainly tidal actions?|baai-bge|fp32|dot|20|True|0|True|0
13|Q185113|A cape usually represents a marked change in trend of the coastline which makes them prone to natural forms of erosion, mainly tidal actions. This results in capes having a relatively short geological lifespan. Capes can be formed by glaciers, volcanoes, and changes in sea level. Erosion plays a large role in each of these methods of formation.|What makes a cape prone to natural forms of erosion, mainly tidal actions?|baai-bge|fp32|dot|25|True|0|True|0
14|Q185113|A cape usually represents a marked change in trend of the coastline which makes them prone to natural forms of erosion, mainly tidal actions. This results in capes having a relatively short geological lifespan. Capes can be formed by glaciers, volcanoes, and changes in sea level. Erosion plays a large role in each of these methods of formation.|What makes a cape prone to natural forms of erosion, mainly tidal actions?|baai-bge|fp32|dot|50|True|0|True|0
15|Q185113|A cape usually represents a marked change in trend of the coastline which makes them prone to natural forms of erosion, mainly tidal actions. This results in capes having a relatively short geological lifespan. Capes can be formed by glaciers, volcanoes, and changes in sea level. Erosion plays a large role in each of these methods of formation.|What makes a cape prone to natural forms of erosion, mainly tidal actions?|baai-bge|binary|hamming|5|True|0|True|0
16|Q185113|A cape usually represents a marked change in trend of the coastline which makes them prone to natural forms of erosion, mainly tidal actions. This results in capes having a relatively short geological lifespan. Capes can be formed by glaciers, volcanoes, and changes in sea level. Erosion plays a large role in each of these methods of formation.|What makes a cape prone to natural forms of erosion, mainly tidal actions?|baai-bge|binary|hamming|10|True|0|True|0
17|Q185113|A cape usually represents a marked change in trend of the coastline which makes them prone to natural forms of erosion, mainly tidal actions. This results in capes having a relatively short geological lifespan. Capes can be formed by glaciers, volcanoes, and changes in sea level. Erosion plays a large role in each of these methods of formation.|What makes a cape prone to natural forms of erosion, mainly tidal actions?|baai-bge|binary|hamming|20|True|0|True|0
18|Q185113|A cape usually represents a marked change in trend of the coastline which makes them prone to natural forms of erosion, mainly tidal actions. This results in capes having a relatively short geological lifespan. Capes can be formed by glaciers, volcanoes, and changes in sea level. Erosion plays a large role in each of these methods of formation.|What makes a cape prone to natural forms of erosion, mainly tidal actions?|baai-bge|binary|hamming|25|True|0|True|0
19|Q185113|A cape usually represents a marked change in trend of the coastline which makes them prone to natural forms of erosion, mainly tidal actions. This results in capes having a relatively short geological lifespan. Capes can be formed by glaciers, volcanoes, and changes in sea level. Erosion plays a large role in each of these methods of formation.|What makes a cape prone to natural forms of erosion, mainly tidal actions?|baai-bge|binary|hamming|50|True|0|True|0
20|Q185113|A cape usually represents a marked change in trend of the coastline which makes them prone to natural forms of erosion, mainly tidal actions. This results in capes having a relatively short geological lifespan. Capes can be formed by glaciers, volcanoes, and changes in sea level. Erosion plays a large role in each of these methods of formation.|What makes a cape prone to natural forms of erosion, mainly tidal actions?|bert|fp32|l2|5|False|-1|False|-1
21|Q185113|A cape usually represents a marked change in trend of the coastline which makes them prone to natural forms of erosion, mainly tidal actions. This results in capes having a relatively short geological lifespan. Capes can be formed by glaciers, volcanoes, and changes in sea level. Erosion plays a large role in each of these methods of formation.|What makes a cape prone to natural forms of erosion, mainly tidal actions?|bert|fp32|l2|10|False|-1|False|-1
22|Q185113|A cape usually represents a marked change in trend of the coastline which makes them prone to natural forms of erosion, mainly tidal actions. This results in capes having a relatively short geological lifespan. Capes can be formed by glaciers, volcanoes, and changes in sea level. Erosion plays a large role in each of these methods of formation.|What makes a cape prone to natural forms of erosion, mainly tidal actions?|bert|fp32|l2|20|False|-1|False|-1
23|Q185113|A cape usually represents a marked change in trend of the coastline which makes them prone to natural forms of erosion, mainly tidal actions. This results in capes having a relatively short geological lifespan. Capes can be formed by glaciers, volcanoes, and changes in sea level. Erosion plays a large role in each of these methods of formation.|What makes a cape prone to natural forms of erosion, mainly tidal actions?|bert|fp32|l2|25|False|-1|False|-1
24|Q185113|A cape usually represents a marked change in trend of the coastline which makes them prone to natural forms of erosion, mainly tidal actions. This results in capes having a relatively short geological lifespan. Capes can be formed by glaciers, volcanoes, and changes in sea level. Erosion plays a large role in each of these methods of formation.|What makes a cape prone to natural forms of erosion, mainly tidal actions?|bert|fp32|l2|50|False|-1|False|-1
25|Q185113|A cape usually represents a marked change in trend of the coastline which makes them prone to natural forms of erosion, mainly tidal actions. This results in capes having a relatively short geological lifespan. Capes can be formed by glaciers, volcanoes, and changes in sea level. Erosion plays a large role in each of these methods of formation.|What makes a cape prone to natural forms of erosion, mainly tidal actions?|bert|fp32|cosine|5|False|-1|False|-1
26|Q185113|A cape usually represents a marked change in trend of the coastline which makes them prone to natural forms of erosion, mainly tidal actions. This results in capes having a relatively short geological lifespan. Capes can be formed by glaciers, volcanoes, and changes in sea level. Erosion plays a large role in each of these methods of formation.|What makes a cape prone to natural forms of erosion, mainly tidal actions?|bert|fp32|cosine|10|False|-1|False|-1
27|Q185113|A cape usually represents a marked change in trend of the coastline which makes them prone to natural forms of erosion, mainly tidal actions. This results in capes having a relatively short geological lifespan. Capes can be formed by glaciers, volcanoes, and changes in sea level. Erosion plays a large role in each of these methods of formation.|What makes a cape prone to natural forms of erosion, mainly tidal actions?|bert|fp32|cosine|20|False|-1|False|-1
28|Q185113|A cape usually represents a marked change in trend of the coastline which makes them prone to natural forms of erosion, mainly tidal actions. This results in capes having a relatively short geological lifespan. Capes can be formed by glaciers, volcanoes, and changes in sea level. Erosion plays a large role in each of these methods of formation.|What makes a cape prone to natural forms of erosion, mainly tidal actions?|bert|fp32|cosine|25|False|-1|False|-1
29|Q185113|A cape usually represents a marked change in trend of the coastline which makes them prone to natural forms of erosion, mainly tidal actions. This results in capes having a relatively short geological lifespan. Capes can be formed by glaciers, volcanoes, and changes in sea level. Erosion plays a large role in each of these methods of formation.|What makes a cape prone to natural forms of erosion, mainly tidal actions?|bert|fp32|cosine|50|False|-1|False|-1
30|Q185113|A cape usually represents a marked change in trend of the coastline which makes them prone to natural forms of erosion, mainly tidal actions. This results in capes having a relatively short geological lifespan. Capes can be formed by glaciers, volcanoes, and changes in sea level. Erosion plays a large role in each of these methods of formation.|What makes a cape prone to natural forms of erosion, mainly tidal actions?|bert|fp32|dot|5|False|-1|False|-1
31|Q185113|A cape usually represents a marked change in trend of the coastline which makes them prone to natural forms of erosion, mainly tidal actions. This results in capes having a relatively short geological lifespan. Capes can be formed by glaciers, volcanoes, and changes in sea level. Erosion plays a large role in each of these methods of formation.|What makes a cape prone to natural forms of erosion, mainly tidal actions?|bert|fp32|dot|10|False|-1|False|-1
32|Q185113|A cape usually represents a marked change in trend of the coastline which makes them prone to natural forms of erosion, mainly tidal actions. This results in capes having a relatively short geological lifespan. Capes can be formed by glaciers, volcanoes, and changes in sea level. Erosion plays a large role in each of these methods of formation.|What makes a cape prone to natural forms of erosion, mainly tidal actions?|bert|fp32|dot|20|False|-1|False|-1
33|Q185113|A cape usually represents a marked change in trend of the coastline which makes them prone to natural forms of erosion, mainly tidal actions. This results in capes having a relatively short geological lifespan. Capes can be formed by glaciers, volcanoes, and changes in sea level. Erosion plays a large role in each of these methods of formation.|What makes a cape prone to natural forms of erosion, mainly tidal actions?|bert|fp32|dot|25|False|-1|False|-1
34|Q185113|A cape usually represents a marked change in trend of the coastline which makes them prone to natural forms of erosion, mainly tidal actions. This results in capes having a relatively short geological lifespan. Capes can be formed by glaciers, volcanoes, and changes in sea level. Erosion plays a large role in each of these methods of formation.|What makes a cape prone to natural forms of erosion, mainly tidal actions?|bert|fp32|dot|50|False|-1|False|-1
35|Q185113|A cape usually represents a marked change in trend of the coastline which makes them prone to natural forms of erosion, mainly tidal actions. This results in capes having a relatively short geological lifespan. Capes can be formed by glaciers, volcanoes, and changes in sea level. Erosion plays a large role in each of these methods of formation.|What makes a cape prone to natural forms of erosion, mainly tidal actions?|bert|binary|hamming|5|False|-1|False|-1
36|Q185113|A cape usually represents a marked change in trend of the coastline which makes them prone to natural forms of erosion, mainly tidal actions. This results in capes having a relatively short geological lifespan. Capes can be formed by glaciers, volcanoes, and changes in sea level. Erosion plays a large role in each of these methods of formation.|What makes a cape prone to natural forms of erosion, mainly tidal actions?|bert|binary|hamming|10|False|-1|False|-1
37|Q185113|A cape usually represents a marked change in trend of the coastline which makes them prone to natural forms of erosion, mainly tidal actions. This results in capes having a relatively short geological lifespan. Capes can be formed by glaciers, volcanoes, and changes in sea level. Erosion plays a large role in each of these methods of formation.|What makes a cape prone to natural forms of erosion, mainly tidal actions?|bert|binary|hamming|20|False|-1|False|-1
38|Q185113|A cape usually represents a marked change in trend of the coastline which makes them prone to natural forms of erosion, mainly tidal actions. This results in capes having a relatively short geological lifespan. Capes can be formed by glaciers, volcanoes, and changes in sea level. Erosion plays a large role in each of these methods of formation.|What makes a cape prone to natural forms of erosion, mainly tidal actions?|bert|binary|hamming|25|False|-1|False|-1
39|Q185113|A cape usually represents a marked change in trend of the coastline which makes them prone to natural forms of erosion, mainly tidal actions. This results in capes having a relatively short geological lifespan. Capes can be formed by glaciers, volcanoes, and changes in sea level. Erosion plays a large role in each of these methods of formation.|What makes a cape prone to natural forms of erosion, mainly tidal actions?|bert|binary|hamming|50|False|-1|False|-1
40|Q185113|A cape usually represents a marked change in trend of the coastline which makes them prone to natural forms of erosion, mainly tidal actions. This results in capes having a relatively short geological lifespan. Capes can be formed by glaciers, volcanoes, and changes in sea level. Erosion plays a large role in each of these methods of formation.|What makes a cape prone to natural forms of erosion, mainly tidal actions?|bert-large|fp32|l2|5|False|-1|False|-1
41|Q185113|A cape usually represents a marked change in trend of the coastline which makes them prone to natural forms of erosion, mainly tidal actions. This results in capes having a relatively short geological lifespan. Capes can be formed by glaciers, volcanoes, and changes in sea level. Erosion plays a large role in each of these methods of formation.|What makes a cape prone to natural forms of erosion, mainly tidal actions?|bert-large|fp32|l2|10|False|-1|False|-1
42|Q185113|A cape usually represents a marked change in trend of the coastline which makes them prone to natural forms of erosion, mainly tidal actions. This results in capes having a relatively short geological lifespan. Capes can be formed by glaciers, volcanoes, and changes in sea level. Erosion plays a large role in each of these methods of formation.|What makes a cape prone to natural forms of erosion, mainly tidal actions?|bert-large|fp32|l2|20|False|-1|False|-1
43|Q185113|A cape usually represents a marked change in trend of the coastline which makes them prone to natural forms of erosion, mainly tidal actions. This results in capes having a relatively short geological lifespan. Capes can be formed by glaciers, volcanoes, and changes in sea level. Erosion plays a large role in each of these methods of formation.|What makes a cape prone to natural forms of erosion, mainly tidal actions?|bert-large|fp32|l2|25|False|-1|False|-1
44|Q185113|A cape usually represents a marked change in trend of the coastline which makes them prone to natural forms of erosion, mainly tidal actions. This results in capes having a relatively short geological lifespan. Capes can be formed by glaciers, volcanoes, and changes in sea level. Erosion plays a large role in each of these methods of formation.|What makes a cape prone to natural forms of erosion, mainly tidal actions?|bert-large|fp32|l2|50|False|-1|False|-1
45|Q185113|A cape usually represents a marked change in trend of the coastline which makes them prone to natural forms of erosion, mainly tidal actions. This results in capes having a relatively short geological lifespan. Capes can be formed by glaciers, volcanoes, and changes in sea level. Erosion plays a large role in each of these methods of formation.|What makes a cape prone to natural forms of erosion, mainly tidal actions?|bert-large|fp32|cosine|5|False|-1|False|-1
46|Q185113|A cape usually represents a marked change in trend of the coastline which makes them prone to natural forms of erosion, mainly tidal actions. This results in capes having a relatively short geological lifespan. Capes can be formed by glaciers, volcanoes, and changes in sea level. Erosion plays a large role in each of these methods of formation.|What makes a cape prone to natural forms of erosion, mainly tidal actions?|bert-large|fp32|cosine|10|False|-1|False|-1
47|Q185113|A cape usually represents a marked change in trend of the coastline which makes them prone to natural forms of erosion, mainly tidal actions. This results in capes having a relatively short geological lifespan. Capes can be formed by glaciers, volcanoes, and changes in sea level. Erosion plays a large role in each of these methods of formation.|What makes a cape prone to natural forms of erosion, mainly tidal actions?|bert-large|fp32|cosine|20|False|-1|False|-1
48|Q185113|A cape usually represents a marked change in trend of the coastline which makes them prone to natural forms of erosion, mainly tidal actions. This results in capes having a relatively short geological lifespan. Capes can be formed by glaciers, volcanoes, and changes in sea level. Erosion plays a large role in each of these methods of formation.|What makes a cape prone to natural forms of erosion, mainly tidal actions?|bert-large|fp32|cosine|25|False|-1|False|-1
49|Q185113|A cape usually represents a marked change in trend of the coastline which makes them prone to natural forms of erosion, mainly tidal actions. This results in capes having a relatively short geological lifespan. Capes can be formed by glaciers, volcanoes, and changes in sea level. Erosion plays a large role in each of these methods of formation.|What makes a cape prone to natural forms of erosion, mainly tidal actions?|bert-large|fp32|cosine|50|False|-1|False|-1
50|Q185113|A cape usually represents a marked change in trend of the coastline which makes them prone to natural forms of erosion, mainly tidal actions. This results in capes having a relatively short geological lifespan. Capes can be formed by glaciers, volcanoes, and changes in sea level. Erosion plays a large role in each of these methods of formation.|What makes a cape prone to natural forms of erosion, mainly tidal actions?|bert-large|fp32|dot|5|False|-1|False|-1
51|Q185113|A cape usually represents a marked change in trend of the coastline which makes them prone to natural forms of erosion, mainly tidal actions. This results in capes having a relatively short geological lifespan. Capes can be formed by glaciers, volcanoes, and changes in sea level. Erosion plays a large role in each of these methods of formation.|What makes a cape prone to natural forms of erosion, mainly tidal actions?|bert-large|fp32|dot|10|False|-1|False|-1
52|Q185113|A cape usually represents a marked change in trend of the coastline which makes them prone to natural forms of erosion, mainly tidal actions. This results in capes having a relatively short geological lifespan. Capes can be formed by glaciers, volcanoes, and changes in sea level. Erosion plays a large role in each of these methods of formation.|What makes a cape prone to natural forms of erosion, mainly tidal actions?|bert-large|fp32|dot|20|False|-1|False|-1
53|Q185113|A cape usually represents a marked change in trend of the coastline which makes them prone to natural forms of erosion, mainly tidal actions. This results in capes having a relatively short geological lifespan. Capes can be formed by glaciers, volcanoes, and changes in sea level. Erosion plays a large role in each of these methods of formation.|What makes a cape prone to natural forms of erosion, mainly tidal actions?|bert-large|fp32|dot|25|False|-1|False|-1
54|Q185113|A cape usually represents a marked change in trend of the coastline which makes them prone to natural forms of erosion, mainly tidal actions. This results in capes having a relatively short geological lifespan. Capes can be formed by glaciers, volcanoes, and changes in sea level. Erosion plays a large role in each of these methods of formation.|What makes a cape prone to natural forms of erosion, mainly tidal actions?|bert-large|fp32|dot|50|False|-1|False|-1
55|Q185113|A cape usually represents a marked change in trend of the coastline which makes them prone to natural forms of erosion, mainly tidal actions. This results in capes having a relatively short geological lifespan. Capes can be formed by glaciers, volcanoes, and changes in sea level. Erosion plays a large role in each of these methods of formation.|What makes a cape prone to natural forms of erosion, mainly tidal actions?|bert-large|binary|hamming|5|False|-1|False|-1
56|Q185113|A cape usually represents a marked change in trend of the coastline which makes them prone to natural forms of erosion, mainly tidal actions. This results in capes having a relatively short geological lifespan. Capes can be formed by glaciers, volcanoes, and changes in sea level. Erosion plays a large role in each of these methods of formation.|What makes a cape prone to natural forms of erosion, mainly tidal actions?|bert-large|binary|hamming|10|False|-1|False|-1
57|Q185113|A cape usually represents a marked change in trend of the coastline which makes them prone to natural forms of erosion, mainly tidal actions. This results in capes having a relatively short geological lifespan. Capes can be formed by glaciers, volcanoes, and changes in sea level. Erosion plays a large role in each of these methods of formation.|What makes a cape prone to natural forms of erosion, mainly tidal actions?|bert-large|binary|hamming|20|False|-1|False|-1
58|Q185113|A cape usually represents a marked change in trend of the coastline which makes them prone to natural forms of erosion, mainly tidal actions. This results in capes having a relatively short geological lifespan. Capes can be formed by glaciers, volcanoes, and changes in sea level. Erosion plays a large role in each of these methods of formation.|What makes a cape prone to natural forms of erosion, mainly tidal actions?|bert-large|binary|hamming|25|False|-1|False|-1
59|Q185113|A cape usually represents a marked change in trend of the coastline which makes them prone to natural forms of erosion, mainly tidal actions. This results in capes having a relatively short geological lifespan. Capes can be formed by glaciers, volcanoes, and changes in sea level. Erosion plays a large role in each of these methods of formation.|What makes a cape prone to natural forms of erosion, mainly tidal actions?|bert-large|binary|hamming|50|False|-1|False|-1
60|Q185113|A cape usually represents a marked change in trend of the coastline which makes them prone to natural forms of erosion, mainly tidal actions. This results in capes having a relatively short geological lifespan. Capes can be formed by glaciers, volcanoes, and changes in sea level. Erosion plays a large role in each of these methods of formation.|What makes a cape prone to natural forms of erosion, mainly tidal actions?|distilbert|fp32|l2|5|True|0|True|0
61|Q185113|A cape usually represents a marked change in trend of the coastline which makes them prone to natural forms of erosion, mainly tidal actions. This results in capes having a relatively short geological lifespan. Capes can be formed by glaciers, volcanoes, and changes in sea level. Erosion plays a large role in each of these methods of formation.|What makes a cape prone to natural forms of erosion, mainly tidal actions?|distilbert|fp32|l2|10|True|0|True|0
62|Q185113|A cape usually represents a marked change in trend of the coastline which makes them prone to natural forms of erosion, mainly tidal actions. This results in capes having a relatively short geological lifespan. Capes can be formed by glaciers, volcanoes, and changes in sea level. Erosion plays a large role in each of these methods of formation.|What makes a cape prone to natural forms of erosion, mainly tidal actions?|distilbert|fp32|l2|20|True|0|True|0
63|Q185113|A cape usually represents a marked change in trend of the coastline which makes them prone to natural forms of erosion, mainly tidal actions. This results in capes having a relatively short geological lifespan. Capes can be formed by glaciers, volcanoes, and changes in sea level. Erosion plays a large role in each of these methods of formation.|What makes a cape prone to natural forms of erosion, mainly tidal actions?|distilbert|fp32|l2|25|True|0|True|0
64|Q185113|A cape usually represents a marked change in trend of the coastline which makes them prone to natural forms of erosion, mainly tidal actions. This results in capes having a relatively short geological lifespan. Capes can be formed by glaciers, volcanoes, and changes in sea level. Erosion plays a large role in each of these methods of formation.|What makes a cape prone to natural forms of erosion, mainly tidal actions?|distilbert|fp32|l2|50|True|0|True|0
65|Q185113|A cape usually represents a marked change in trend of the coastline which makes them prone to natural forms of erosion, mainly tidal actions. This results in capes having a relatively short geological lifespan. Capes can be formed by glaciers, volcanoes, and changes in sea level. Erosion plays a large role in each of these methods of formation.|What makes a cape prone to natural forms of erosion, mainly tidal actions?|distilbert|fp32|cosine|5|True|0|True|0
66|Q185113|A cape usually represents a marked change in trend of the coastline which makes them prone to natural forms of erosion, mainly tidal actions. This results in capes having a relatively short geological lifespan. Capes can be formed by glaciers, volcanoes, and changes in sea level. Erosion plays a large role in each of these methods of formation.|What makes a cape prone to natural forms of erosion, mainly tidal actions?|distilbert|fp32|cosine|10|True|0|True|0
67|Q185113|A cape usually represents a marked change in trend of the coastline which makes them prone to natural forms of erosion, mainly tidal actions. This results in capes having a relatively short geological lifespan. Capes can be formed by glaciers, volcanoes, and changes in sea level. Erosion plays a large role in each of these methods of formation.|What makes a cape prone to natural forms of erosion, mainly tidal actions?|distilbert|fp32|cosine|20|True|0|True|0
68|Q185113|A cape usually represents a marked change in trend of the coastline which makes them prone to natural forms of erosion, mainly tidal actions. This results in capes having a relatively short geological lifespan. Capes can be formed by glaciers, volcanoes, and changes in sea level. Erosion plays a large role in each of these methods of formation.|What makes a cape prone to natural forms of erosion, mainly tidal actions?|distilbert|fp32|cosine|25|True|0|True|0
69|Q185113|A cape usually represents a marked change in trend of the coastline which makes them prone to natural forms of erosion, mainly tidal actions. This results in capes having a relatively short geological lifespan. Capes can be formed by glaciers, volcanoes, and changes in sea level. Erosion plays a large role in each of these methods of formation.|What makes a cape prone to natural forms of erosion, mainly tidal actions?|distilbert|fp32|cosine|50|True|0|True|0
70|Q185113|A cape usually represents a marked change in trend of the coastline which makes them prone to natural forms of erosion, mainly tidal actions. This results in capes having a relatively short geological lifespan. Capes can be formed by glaciers, volcanoes, and changes in sea level. Erosion plays a large role in each of these methods of formation.|What makes a cape prone to natural forms of erosion, mainly tidal actions?|distilbert|fp32|dot|5|False|-1|False|-1
71|Q185113|A cape usually represents a marked change in trend of the coastline which makes them prone to natural forms of erosion, mainly tidal actions. This results in capes having a relatively short geological lifespan. Capes can be formed by glaciers, volcanoes, and changes in sea level. Erosion plays a large role in each of these methods of formation.|What makes a cape prone to natural forms of erosion, mainly tidal actions?|distilbert|fp32|dot|10|True|8|False|-1
72|Q185113|A cape usually represents a marked change in trend of the coastline which makes them prone to natural forms of erosion, mainly tidal actions. This results in capes having a relatively short geological lifespan. Capes can be formed by glaciers, volcanoes, and changes in sea level. Erosion plays a large role in each of these methods of formation.|What makes a cape prone to natural forms of erosion, mainly tidal actions?|distilbert|fp32|dot|20|True|8|False|-1
73|Q185113|A cape usually represents a marked change in trend of the coastline which makes them prone to natural forms of erosion, mainly tidal actions. This results in capes having a relatively short geological lifespan. Capes can be formed by glaciers, volcanoes, and changes in sea level. Erosion plays a large role in each of these methods of formation.|What makes a cape prone to natural forms of erosion, mainly tidal actions?|distilbert|fp32|dot|25|True|8|False|-1
74|Q185113|A cape usually represents a marked change in trend of the coastline which makes them prone to natural forms of erosion, mainly tidal actions. This results in capes having a relatively short geological lifespan. Capes can be formed by glaciers, volcanoes, and changes in sea level. Erosion plays a large role in each of these methods of formation.|What makes a cape prone to natural forms of erosion, mainly tidal actions?|distilbert|fp32|dot|50|True|8|False|-1
75|Q185113|A cape usually represents a marked change in trend of the coastline which makes them prone to natural forms of erosion, mainly tidal actions. This results in capes having a relatively short geological lifespan. Capes can be formed by glaciers, volcanoes, and changes in sea level. Erosion plays a large role in each of these methods of formation.|What makes a cape prone to natural forms of erosion, mainly tidal actions?|distilbert|binary|hamming|5|True|0|True|0
76|Q185113|A cape usually represents a marked change in trend of the coastline which makes them prone to natural forms of erosion, mainly tidal actions. This results in capes having a relatively short geological lifespan. Capes can be formed by glaciers, volcanoes, and changes in sea level. Erosion plays a large role in each of these methods of formation.|What makes a cape prone to natural forms of erosion, mainly tidal actions?|distilbert|binary|hamming|10|True|0|True|0
77|Q185113|A cape usually represents a marked change in trend of the coastline which makes them prone to natural forms of erosion, mainly tidal actions. This results in capes having a relatively short geological lifespan. Capes can be formed by glaciers, volcanoes, and changes in sea level. Erosion plays a large role in each of these methods of formation.|What makes a cape prone to natural forms of erosion, mainly tidal actions?|distilbert|binary|hamming|20|True|0|True|0
78|Q185113|A cape usually represents a marked change in trend of the coastline which makes them prone to natural forms of erosion, mainly tidal actions. This results in capes having a relatively short geological lifespan. Capes can be formed by glaciers, volcanoes, and changes in sea level. Erosion plays a large role in each of these methods of formation.|What makes a cape prone to natural forms of erosion, mainly tidal actions?|distilbert|binary|hamming|25|True|0|True|0
79|Q185113|A cape usually represents a marked change in trend of the coastline which makes them prone to natural forms of erosion, mainly tidal actions. This results in capes having a relatively short geological lifespan. Capes can be formed by glaciers, volcanoes, and changes in sea level. Erosion plays a large role in each of these methods of formation.|What makes a cape prone to natural forms of erosion, mainly tidal actions?|distilbert|binary|hamming|50|True|0|True|0
80|Q185113|A cape usually represents a marked change in trend of the coastline which makes them prone to natural forms of erosion, mainly tidal actions. This results in capes having a relatively short geological lifespan. Capes can be formed by glaciers, volcanoes, and changes in sea level. Erosion plays a large role in each of these methods of formation.|What makes a cape prone to natural forms of erosion, mainly tidal actions?|mobilebert|fp32|l2|5|False|-1|False|-1
81|Q185113|A cape usually represents a marked change in trend of the coastline which makes them prone to natural forms of erosion, mainly tidal actions. This results in capes having a relatively short geological lifespan. Capes can be formed by glaciers, volcanoes, and changes in sea level. Erosion plays a large role in each of these methods of formation.|What makes a cape prone to natural forms of erosion, mainly tidal actions?|mobilebert|fp32|l2|10|False|-1|False|-1
82|Q185113|A cape usually represents a marked change in trend of the coastline which makes them prone to natural forms of erosion, mainly tidal actions. This results in capes having a relatively short geological lifespan. Capes can be formed by glaciers, volcanoes, and changes in sea level. Erosion plays a large role in each of these methods of formation.|What makes a cape prone to natural forms of erosion, mainly tidal actions?|mobilebert|fp32|l2|20|False|-1|False|-1
83|Q185113|A cape usually represents a marked change in trend of the coastline which makes them prone to natural forms of erosion, mainly tidal actions. This results in capes having a relatively short geological lifespan. Capes can be formed by glaciers, volcanoes, and changes in sea level. Erosion plays a large role in each of these methods of formation.|What makes a cape prone to natural forms of erosion, mainly tidal actions?|mobilebert|fp32|l2|25|False|-1|False|-1
84|Q185113|A cape usually represents a marked change in trend of the coastline which makes them prone to natural forms of erosion, mainly tidal actions. This results in capes having a relatively short geological lifespan. Capes can be formed by glaciers, volcanoes, and changes in sea level. Erosion plays a large role in each of these methods of formation.|What makes a cape prone to natural forms of erosion, mainly tidal actions?|mobilebert|fp32|l2|50|False|-1|False|-1
85|Q185113|A cape usually represents a marked change in trend of the coastline which makes them prone to natural forms of erosion, mainly tidal actions. This results in capes having a relatively short geological lifespan. Capes can be formed by glaciers, volcanoes, and changes in sea level. Erosion plays a large role in each of these methods of formation.|What makes a cape prone to natural forms of erosion, mainly tidal actions?|mobilebert|fp32|cosine|5|False|-1|False|-1
86|Q185113|A cape usually represents a marked change in trend of the coastline which makes them prone to natural forms of erosion, mainly tidal actions. This results in capes having a relatively short geological lifespan. Capes can be formed by glaciers, volcanoes, and changes in sea level. Erosion plays a large role in each of these methods of formation.|What makes a cape prone to natural forms of erosion, mainly tidal actions?|mobilebert|fp32|cosine|10|False|-1|False|-1
87|Q185113|A cape usually represents a marked change in trend of the coastline which makes them prone to natural forms of erosion, mainly tidal actions. This results in capes having a relatively short geological lifespan. Capes can be formed by glaciers, volcanoes, and changes in sea level. Erosion plays a large role in each of these methods of formation.|What makes a cape prone to natural forms of erosion, mainly tidal actions?|mobilebert|fp32|cosine|20|False|-1|False|-1
88|Q185113|A cape usually represents a marked change in trend of the coastline which makes them prone to natural forms of erosion, mainly tidal actions. This results in capes having a relatively short geological lifespan. Capes can be formed by glaciers, volcanoes, and changes in sea level. Erosion plays a large role in each of these methods of formation.|What makes a cape prone to natural forms of erosion, mainly tidal actions?|mobilebert|fp32|cosine|25|False|-1|False|-1
89|Q185113|A cape usually represents a marked change in trend of the coastline which makes them prone to natural forms of erosion, mainly tidal actions. This results in capes having a relatively short geological lifespan. Capes can be formed by glaciers, volcanoes, and changes in sea level. Erosion plays a large role in each of these methods of formation.|What makes a cape prone to natural forms of erosion, mainly tidal actions?|mobilebert|fp32|cosine|50|False|-1|False|-1
90|Q185113|A cape usually represents a marked change in trend of the coastline which makes them prone to natural forms of erosion, mainly tidal actions. This results in capes having a relatively short geological lifespan. Capes can be formed by glaciers, volcanoes, and changes in sea level. Erosion plays a large role in each of these methods of formation.|What makes a cape prone to natural forms of erosion, mainly tidal actions?|mobilebert|fp32|dot|5|False|-1|False|-1
91|Q185113|A cape usually represents a marked change in trend of the coastline which makes them prone to natural forms of erosion, mainly tidal actions. This results in capes having a relatively short geological lifespan. Capes can be formed by glaciers, volcanoes, and changes in sea level. Erosion plays a large role in each of these methods of formation.|What makes a cape prone to natural forms of erosion, mainly tidal actions?|mobilebert|fp32|dot|10|False|-1|False|-1
92|Q185113|A cape usually represents a marked change in trend of the coastline which makes them prone to natural forms of erosion, mainly tidal actions. This results in capes having a relatively short geological lifespan. Capes can be formed by glaciers, volcanoes, and changes in sea level. Erosion plays a large role in each of these methods of formation.|What makes a cape prone to natural forms of erosion, mainly tidal actions?|mobilebert|fp32|dot|20|False|-1|False|-1
93|Q185113|A cape usually represents a marked change in trend of the coastline which makes them prone to natural forms of erosion, mainly tidal actions. This results in capes having a relatively short geological lifespan. Capes can be formed by glaciers, volcanoes, and changes in sea level. Erosion plays a large role in each of these methods of formation.|What makes a cape prone to natural forms of erosion, mainly tidal actions?|mobilebert|fp32|dot|25|False|-1|False|-1
94|Q185113|A cape usually represents a marked change in trend of the coastline which makes them prone to natural forms of erosion, mainly tidal actions. This results in capes having a relatively short geological lifespan. Capes can be formed by glaciers, volcanoes, and changes in sea level. Erosion plays a large role in each of these methods of formation.|What makes a cape prone to natural forms of erosion, mainly tidal actions?|mobilebert|fp32|dot|50|False|-1|False|-1
95|Q185113|A cape usually represents a marked change in trend of the coastline which makes them prone to natural forms of erosion, mainly tidal actions. This results in capes having a relatively short geological lifespan. Capes can be formed by glaciers, volcanoes, and changes in sea level. Erosion plays a large role in each of these methods of formation.|What makes a cape prone to natural forms of erosion, mainly tidal actions?|mobilebert|binary|hamming|5|False|-1|False|-1
96|Q185113|A cape usually represents a marked change in trend of the coastline which makes them prone to natural forms of erosion, mainly tidal actions. This results in capes having a relatively short geological lifespan. Capes can be formed by glaciers, volcanoes, and changes in sea level. Erosion plays a large role in each of these methods of formation.|What makes a cape prone to natural forms of erosion, mainly tidal actions?|mobilebert|binary|hamming|10|False|-1|False|-1
97|Q185113|A cape usually represents a marked change in trend of the coastline which makes them prone to natural forms of erosion, mainly tidal actions. This results in capes having a relatively short geological lifespan. Capes can be formed by glaciers, volcanoes, and changes in sea level. Erosion plays a large role in each of these methods of formation.|What makes a cape prone to natural forms of erosion, mainly tidal actions?|mobilebert|binary|hamming|20|False|-1|False|-1
98|Q185113|A cape usually represents a marked change in trend of the coastline which makes them prone to natural forms of erosion, mainly tidal actions. This results in capes having a relatively short geological lifespan. Capes can be formed by glaciers, volcanoes, and changes in sea level. Erosion plays a large role in each of these methods of formation.|What makes a cape prone to natural forms of erosion, mainly tidal actions?|mobilebert|binary|hamming|25|False|-1|False|-1
99|Q185113|A cape usually represents a marked change in trend of the coastline which makes them prone to natural forms of erosion, mainly tidal actions. This results in capes having a relatively short geological lifespan. Capes can be formed by glaciers, volcanoes, and changes in sea level. Erosion plays a large role in each of these methods of formation.|What makes a cape prone to natural forms of erosion, mainly tidal actions?|mobilebert|binary|hamming|50|False|-1|False|-1
100|Q185113|A cape usually represents a marked change in trend of the coastline which makes them prone to natural forms of erosion, mainly tidal actions. This results in capes having a relatively short geological lifespan. Capes can be formed by glaciers, volcanoes, and changes in sea level. Erosion plays a large role in each of these methods of formation.|What makes a cape prone to natural forms of erosion, mainly tidal actions?|st-all-distilroberta-large-v1|fp32|l2|5|True|0|True|0
101|Q185113|A cape usually represents a marked change in trend of the coastline which makes them prone to natural forms of erosion, mainly tidal actions. This results in capes having a relatively short geological lifespan. Capes can be formed by glaciers, volcanoes, and changes in sea level. Erosion plays a large role in each of these methods of formation.|What makes a cape prone to natural forms of erosion, mainly tidal actions?|st-all-distilroberta-large-v1|fp32|l2|10|True|0|True|0
102|Q185113|A cape usually represents a marked change in trend of the coastline which makes them prone to natural forms of erosion, mainly tidal actions. This results in capes having a relatively short geological lifespan. Capes can be formed by glaciers, volcanoes, and changes in sea level. Erosion plays a large role in each of these methods of formation.|What makes a cape prone to natural forms of erosion, mainly tidal actions?|st-all-distilroberta-large-v1|fp32|l2|20|True|0|True|0
103|Q185113|A cape usually represents a marked change in trend of the coastline which makes them prone to natural forms of erosion, mainly tidal actions. This results in capes having a relatively short geological lifespan. Capes can be formed by glaciers, volcanoes, and changes in sea level. Erosion plays a large role in each of these methods of formation.|What makes a cape prone to natural forms of erosion, mainly tidal actions?|st-all-distilroberta-large-v1|fp32|l2|25|True|0|True|0
104|Q185113|A cape usually represents a marked change in trend of the coastline which makes them prone to natural forms of erosion, mainly tidal actions. This results in capes having a relatively short geological lifespan. Capes can be formed by glaciers, volcanoes, and changes in sea level. Erosion plays a large role in each of these methods of formation.|What makes a cape prone to natural forms of erosion, mainly tidal actions?|st-all-distilroberta-large-v1|fp32|l2|50|True|0|True|0
105|Q185113|A cape usually represents a marked change in trend of the coastline which makes them prone to natural forms of erosion, mainly tidal actions. This results in capes having a relatively short geological lifespan. Capes can be formed by glaciers, volcanoes, and changes in sea level. Erosion plays a large role in each of these methods of formation.|What makes a cape prone to natural forms of erosion, mainly tidal actions?|st-all-distilroberta-large-v1|fp32|cosine|5|True|0|True|0
106|Q185113|A cape usually represents a marked change in trend of the coastline which makes them prone to natural forms of erosion, mainly tidal actions. This results in capes having a relatively short geological lifespan. Capes can be formed by glaciers, volcanoes, and changes in sea level. Erosion plays a large role in each of these methods of formation.|What makes a cape prone to natural forms of erosion, mainly tidal actions?|st-all-distilroberta-large-v1|fp32|cosine|10|True|0|True|0
107|Q185113|A cape usually represents a marked change in trend of the coastline which makes them prone to natural forms of erosion, mainly tidal actions. This results in capes having a relatively short geological lifespan. Capes can be formed by glaciers, volcanoes, and changes in sea level. Erosion plays a large role in each of these methods of formation.|What makes a cape prone to natural forms of erosion, mainly tidal actions?|st-all-distilroberta-large-v1|fp32|cosine|20|True|0|True|0
108|Q185113|A cape usually represents a marked change in trend of the coastline which makes them prone to natural forms of erosion, mainly tidal actions. This results in capes having a relatively short geological lifespan. Capes can be formed by glaciers, volcanoes, and changes in sea level. Erosion plays a large role in each of these methods of formation.|What makes a cape prone to natural forms of erosion, mainly tidal actions?|st-all-distilroberta-large-v1|fp32|cosine|25|True|0|True|0
109|Q185113|A cape usually represents a marked change in trend of the coastline which makes them prone to natural forms of erosion, mainly tidal actions. This results in capes having a relatively short geological lifespan. Capes can be formed by glaciers, volcanoes, and changes in sea level. Erosion plays a large role in each of these methods of formation.|What makes a cape prone to natural forms of erosion, mainly tidal actions?|st-all-distilroberta-large-v1|fp32|cosine|50|True|0|True|0
110|Q185113|A cape usually represents a marked change in trend of the coastline which makes them prone to natural forms of erosion, mainly tidal actions. This results in capes having a relatively short geological lifespan. Capes can be formed by glaciers, volcanoes, and changes in sea level. Erosion plays a large role in each of these methods of formation.|What makes a cape prone to natural forms of erosion, mainly tidal actions?|st-all-distilroberta-large-v1|fp32|dot|5|True|0|False|-1
111|Q185113|A cape usually represents a marked change in trend of the coastline which makes them prone to natural forms of erosion, mainly tidal actions. This results in capes having a relatively short geological lifespan. Capes can be formed by glaciers, volcanoes, and changes in sea level. Erosion plays a large role in each of these methods of formation.|What makes a cape prone to natural forms of erosion, mainly tidal actions?|st-all-distilroberta-large-v1|fp32|dot|10|True|0|False|-1
112|Q185113|A cape usually represents a marked change in trend of the coastline which makes them prone to natural forms of erosion, mainly tidal actions. This results in capes having a relatively short geological lifespan. Capes can be formed by glaciers, volcanoes, and changes in sea level. Erosion plays a large role in each of these methods of formation.|What makes a cape prone to natural forms of erosion, mainly tidal actions?|st-all-distilroberta-large-v1|fp32|dot|20|True|0|False|-1
113|Q185113|A cape usually represents a marked change in trend of the coastline which makes them prone to natural forms of erosion, mainly tidal actions. This results in capes having a relatively short geological lifespan. Capes can be formed by glaciers, volcanoes, and changes in sea level. Erosion plays a large role in each of these methods of formation.|What makes a cape prone to natural forms of erosion, mainly tidal actions?|st-all-distilroberta-large-v1|fp32|dot|25|True|0|False|-1
114|Q185113|A cape usually represents a marked change in trend of the coastline which makes them prone to natural forms of erosion, mainly tidal actions. This results in capes having a relatively short geological lifespan. Capes can be formed by glaciers, volcanoes, and changes in sea level. Erosion plays a large role in each of these methods of formation.|What makes a cape prone to natural forms of erosion, mainly tidal actions?|st-all-distilroberta-large-v1|fp32|dot|50|True|0|False|-1
115|Q185113|A cape usually represents a marked change in trend of the coastline which makes them prone to natural forms of erosion, mainly tidal actions. This results in capes having a relatively short geological lifespan. Capes can be formed by glaciers, volcanoes, and changes in sea level. Erosion plays a large role in each of these methods of formation.|What makes a cape prone to natural forms of erosion, mainly tidal actions?|st-all-distilroberta-large-v1|binary|hamming|5|True|0|True|0
116|Q185113|A cape usually represents a marked change in trend of the coastline which makes them prone to natural forms of erosion, mainly tidal actions. This results in capes having a relatively short geological lifespan. Capes can be formed by glaciers, volcanoes, and changes in sea level. Erosion plays a large role in each of these methods of formation.|What makes a cape prone to natural forms of erosion, mainly tidal actions?|st-all-distilroberta-large-v1|binary|hamming|10|True|0|True|0
117|Q185113|A cape usually represents a marked change in trend of the coastline which makes them prone to natural forms of erosion, mainly tidal actions. This results in capes having a relatively short geological lifespan. Capes can be formed by glaciers, volcanoes, and changes in sea level. Erosion plays a large role in each of these methods of formation.|What makes a cape prone to natural forms of erosion, mainly tidal actions?|st-all-distilroberta-large-v1|binary|hamming|20|True|0|True|0
118|Q185113|A cape usually represents a marked change in trend of the coastline which makes them prone to natural forms of erosion, mainly tidal actions. This results in capes having a relatively short geological lifespan. Capes can be formed by glaciers, volcanoes, and changes in sea level. Erosion plays a large role in each of these methods of formation.|What makes a cape prone to natural forms of erosion, mainly tidal actions?|st-all-distilroberta-large-v1|binary|hamming|25|True|0|True|0
119|Q185113|A cape usually represents a marked change in trend of the coastline which makes them prone to natural forms of erosion, mainly tidal actions. This results in capes having a relatively short geological lifespan. Capes can be formed by glaciers, volcanoes, and changes in sea level. Erosion plays a large role in each of these methods of formation.|What makes a cape prone to natural forms of erosion, mainly tidal actions?|st-all-distilroberta-large-v1|binary|hamming|50|True|0|True|0
120|Q185113|A cape usually represents a marked change in trend of the coastline which makes them prone to natural forms of erosion, mainly tidal actions. This results in capes having a relatively short geological lifespan. Capes can be formed by glaciers, volcanoes, and changes in sea level. Erosion plays a large role in each of these methods of formation.|What makes a cape prone to natural forms of erosion, mainly tidal actions?|st-all-roberta-large-v1|fp32|l2|5|True|0|True|0
121|Q185113|A cape usually represents a marked change in trend of the coastline which makes them prone to natural forms of erosion, mainly tidal actions. This results in capes having a relatively short geological lifespan. Capes can be formed by glaciers, volcanoes, and changes in sea level. Erosion plays a large role in each of these methods of formation.|What makes a cape prone to natural forms of erosion, mainly tidal actions?|st-all-roberta-large-v1|fp32|l2|10|True|0|True|0
122|Q185113|A cape usually represents a marked change in trend of the coastline which makes them prone to natural forms of erosion, mainly tidal actions. This results in capes having a relatively short geological lifespan. Capes can be formed by glaciers, volcanoes, and changes in sea level. Erosion plays a large role in each of these methods of formation.|What makes a cape prone to natural forms of erosion, mainly tidal actions?|st-all-roberta-large-v1|fp32|l2|20|True|0|True|0
123|Q185113|A cape usually represents a marked change in trend of the coastline which makes them prone to natural forms of erosion, mainly tidal actions. This results in capes having a relatively short geological lifespan. Capes can be formed by glaciers, volcanoes, and changes in sea level. Erosion plays a large role in each of these methods of formation.|What makes a cape prone to natural forms of erosion, mainly tidal actions?|st-all-roberta-large-v1|fp32|l2|25|True|0|True|0
124|Q185113|A cape usually represents a marked change in trend of the coastline which makes them prone to natural forms of erosion, mainly tidal actions. This results in capes having a relatively short geological lifespan. Capes can be formed by glaciers, volcanoes, and changes in sea level. Erosion plays a large role in each of these methods of formation.|What makes a cape prone to natural forms of erosion, mainly tidal actions?|st-all-roberta-large-v1|fp32|l2|50|True|0|True|0
125|Q185113|A cape usually represents a marked change in trend of the coastline which makes them prone to natural forms of erosion, mainly tidal actions. This results in capes having a relatively short geological lifespan. Capes can be formed by glaciers, volcanoes, and changes in sea level. Erosion plays a large role in each of these methods of formation.|What makes a cape prone to natural forms of erosion, mainly tidal actions?|st-all-roberta-large-v1|fp32|cosine|5|True|0|True|0
126|Q185113|A cape usually represents a marked change in trend of the coastline which makes them prone to natural forms of erosion, mainly tidal actions. This results in capes having a relatively short geological lifespan. Capes can be formed by glaciers, volcanoes, and changes in sea level. Erosion plays a large role in each of these methods of formation.|What makes a cape prone to natural forms of erosion, mainly tidal actions?|st-all-roberta-large-v1|fp32|cosine|10|True|0|True|0
127|Q185113|A cape usually represents a marked change in trend of the coastline which makes them prone to natural forms of erosion, mainly tidal actions. This results in capes having a relatively short geological lifespan. Capes can be formed by glaciers, volcanoes, and changes in sea level. Erosion plays a large role in each of these methods of formation.|What makes a cape prone to natural forms of erosion, mainly tidal actions?|st-all-roberta-large-v1|fp32|cosine|20|True|0|True|0
128|Q185113|A cape usually represents a marked change in trend of the coastline which makes them prone to natural forms of erosion, mainly tidal actions. This results in capes having a relatively short geological lifespan. Capes can be formed by glaciers, volcanoes, and changes in sea level. Erosion plays a large role in each of these methods of formation.|What makes a cape prone to natural forms of erosion, mainly tidal actions?|st-all-roberta-large-v1|fp32|cosine|25|True|0|True|0
129|Q185113|A cape usually represents a marked change in trend of the coastline which makes them prone to natural forms of erosion, mainly tidal actions. This results in capes having a relatively short geological lifespan. Capes can be formed by glaciers, volcanoes, and changes in sea level. Erosion plays a large role in each of these methods of formation.|What makes a cape prone to natural forms of erosion, mainly tidal actions?|st-all-roberta-large-v1|fp32|cosine|50|True|0|True|0
130|Q185113|A cape usually represents a marked change in trend of the coastline which makes them prone to natural forms of erosion, mainly tidal actions. This results in capes having a relatively short geological lifespan. Capes can be formed by glaciers, volcanoes, and changes in sea level. Erosion plays a large role in each of these methods of formation.|What makes a cape prone to natural forms of erosion, mainly tidal actions?|st-all-roberta-large-v1|fp32|dot|5|True|0|True|1
131|Q185113|A cape usually represents a marked change in trend of the coastline which makes them prone to natural forms of erosion, mainly tidal actions. This results in capes having a relatively short geological lifespan. Capes can be formed by glaciers, volcanoes, and changes in sea level. Erosion plays a large role in each of these methods of formation.|What makes a cape prone to natural forms of erosion, mainly tidal actions?|st-all-roberta-large-v1|fp32|dot|10|True|0|True|1
132|Q185113|A cape usually represents a marked change in trend of the coastline which makes them prone to natural forms of erosion, mainly tidal actions. This results in capes having a relatively short geological lifespan. Capes can be formed by glaciers, volcanoes, and changes in sea level. Erosion plays a large role in each of these methods of formation.|What makes a cape prone to natural forms of erosion, mainly tidal actions?|st-all-roberta-large-v1|fp32|dot|20|True|0|True|1
133|Q185113|A cape usually represents a marked change in trend of the coastline which makes them prone to natural forms of erosion, mainly tidal actions. This results in capes having a relatively short geological lifespan. Capes can be formed by glaciers, volcanoes, and changes in sea level. Erosion plays a large role in each of these methods of formation.|What makes a cape prone to natural forms of erosion, mainly tidal actions?|st-all-roberta-large-v1|fp32|dot|25|True|0|True|1
134|Q185113|A cape usually represents a marked change in trend of the coastline which makes them prone to natural forms of erosion, mainly tidal actions. This results in capes having a relatively short geological lifespan. Capes can be formed by glaciers, volcanoes, and changes in sea level. Erosion plays a large role in each of these methods of formation.|What makes a cape prone to natural forms of erosion, mainly tidal actions?|st-all-roberta-large-v1|fp32|dot|50|True|0|True|1
135|Q185113|A cape usually represents a marked change in trend of the coastline which makes them prone to natural forms of erosion, mainly tidal actions. This results in capes having a relatively short geological lifespan. Capes can be formed by glaciers, volcanoes, and changes in sea level. Erosion plays a large role in each of these methods of formation.|What makes a cape prone to natural forms of erosion, mainly tidal actions?|st-all-roberta-large-v1|binary|hamming|5|True|0|True|0
136|Q185113|A cape usually represents a marked change in trend of the coastline which makes them prone to natural forms of erosion, mainly tidal actions. This results in capes having a relatively short geological lifespan. Capes can be formed by glaciers, volcanoes, and changes in sea level. Erosion plays a large role in each of these methods of formation.|What makes a cape prone to natural forms of erosion, mainly tidal actions?|st-all-roberta-large-v1|binary|hamming|10|True|0|True|0
137|Q185113|A cape usually represents a marked change in trend of the coastline which makes them prone to natural forms of erosion, mainly tidal actions. This results in capes having a relatively short geological lifespan. Capes can be formed by glaciers, volcanoes, and changes in sea level. Erosion plays a large role in each of these methods of formation.|What makes a cape prone to natural forms of erosion, mainly tidal actions?|st-all-roberta-large-v1|binary|hamming|20|True|0|True|0
138|Q185113|A cape usually represents a marked change in trend of the coastline which makes them prone to natural forms of erosion, mainly tidal actions. This results in capes having a relatively short geological lifespan. Capes can be formed by glaciers, volcanoes, and changes in sea level. Erosion plays a large role in each of these methods of formation.|What makes a cape prone to natural forms of erosion, mainly tidal actions?|st-all-roberta-large-v1|binary|hamming|25|True|0|True|0
139|Q185113|A cape usually represents a marked change in trend of the coastline which makes them prone to natural forms of erosion, mainly tidal actions. This results in capes having a relatively short geological lifespan. Capes can be formed by glaciers, volcanoes, and changes in sea level. Erosion plays a large role in each of these methods of formation.|What makes a cape prone to natural forms of erosion, mainly tidal actions?|st-all-roberta-large-v1|binary|hamming|50|True|0|True|0
140|Q185113|A cape usually represents a marked change in trend of the coastline which makes them prone to natural forms of erosion, mainly tidal actions. This results in capes having a relatively short geological lifespan. Capes can be formed by glaciers, volcanoes, and changes in sea level. Erosion plays a large role in each of these methods of formation.|What makes a cape prone to natural forms of erosion, mainly tidal actions?|st-minilm-l12-v1|fp32|l2|5|True|1|False|-1
141|Q185113|A cape usually represents a marked change in trend of the coastline which makes them prone to natural forms of erosion, mainly tidal actions. This results in capes having a relatively short geological lifespan. Capes can be formed by glaciers, volcanoes, and changes in sea level. Erosion plays a large role in each of these methods of formation.|What makes a cape prone to natural forms of erosion, mainly tidal actions?|st-minilm-l12-v1|fp32|l2|10|True|1|False|-1
142|Q185113|A cape usually represents a marked change in trend of the coastline which makes them prone to natural forms of erosion, mainly tidal actions. This results in capes having a relatively short geological lifespan. Capes can be formed by glaciers, volcanoes, and changes in sea level. Erosion plays a large role in each of these methods of formation.|What makes a cape prone to natural forms of erosion, mainly tidal actions?|st-minilm-l12-v1|fp32|l2|20|True|1|True|10
143|Q185113|A cape usually represents a marked change in trend of the coastline which makes them prone to natural forms of erosion, mainly tidal actions. This results in capes having a relatively short geological lifespan. Capes can be formed by glaciers, volcanoes, and changes in sea level. Erosion plays a large role in each of these methods of formation.|What makes a cape prone to natural forms of erosion, mainly tidal actions?|st-minilm-l12-v1|fp32|l2|25|True|1|True|10
144|Q185113|A cape usually represents a marked change in trend of the coastline which makes them prone to natural forms of erosion, mainly tidal actions. This results in capes having a relatively short geological lifespan. Capes can be formed by glaciers, volcanoes, and changes in sea level. Erosion plays a large role in each of these methods of formation.|What makes a cape prone to natural forms of erosion, mainly tidal actions?|st-minilm-l12-v1|fp32|l2|50|True|1|True|10
145|Q185113|A cape usually represents a marked change in trend of the coastline which makes them prone to natural forms of erosion, mainly tidal actions. This results in capes having a relatively short geological lifespan. Capes can be formed by glaciers, volcanoes, and changes in sea level. Erosion plays a large role in each of these methods of formation.|What makes a cape prone to natural forms of erosion, mainly tidal actions?|st-minilm-l12-v1|fp32|cosine|5|True|0|False|-1
146|Q185113|A cape usually represents a marked change in trend of the coastline which makes them prone to natural forms of erosion, mainly tidal actions. This results in capes having a relatively short geological lifespan. Capes can be formed by glaciers, volcanoes, and changes in sea level. Erosion plays a large role in each of these methods of formation.|What makes a cape prone to natural forms of erosion, mainly tidal actions?|st-minilm-l12-v1|fp32|cosine|10|True|0|False|-1
147|Q185113|A cape usually represents a marked change in trend of the coastline which makes them prone to natural forms of erosion, mainly tidal actions. This results in capes having a relatively short geological lifespan. Capes can be formed by glaciers, volcanoes, and changes in sea level. Erosion plays a large role in each of these methods of formation.|What makes a cape prone to natural forms of erosion, mainly tidal actions?|st-minilm-l12-v1|fp32|cosine|20|True|0|False|-1
148|Q185113|A cape usually represents a marked change in trend of the coastline which makes them prone to natural forms of erosion, mainly tidal actions. This results in capes having a relatively short geological lifespan. Capes can be formed by glaciers, volcanoes, and changes in sea level. Erosion plays a large role in each of these methods of formation.|What makes a cape prone to natural forms of erosion, mainly tidal actions?|st-minilm-l12-v1|fp32|cosine|25|True|0|False|-1
149|Q185113|A cape usually represents a marked change in trend of the coastline which makes them prone to natural forms of erosion, mainly tidal actions. This results in capes having a relatively short geological lifespan. Capes can be formed by glaciers, volcanoes, and changes in sea level. Erosion plays a large role in each of these methods of formation.|What makes a cape prone to natural forms of erosion, mainly tidal actions?|st-minilm-l12-v1|fp32|cosine|50|True|0|False|-1
150|Q185113|A cape usually represents a marked change in trend of the coastline which makes them prone to natural forms of erosion, mainly tidal actions. This results in capes having a relatively short geological lifespan. Capes can be formed by glaciers, volcanoes, and changes in sea level. Erosion plays a large role in each of these methods of formation.|What makes a cape prone to natural forms of erosion, mainly tidal actions?|st-minilm-l12-v1|fp32|dot|5|False|-1|False|-1
151|Q185113|A cape usually represents a marked change in trend of the coastline which makes them prone to natural forms of erosion, mainly tidal actions. This results in capes having a relatively short geological lifespan. Capes can be formed by glaciers, volcanoes, and changes in sea level. Erosion plays a large role in each of these methods of formation.|What makes a cape prone to natural forms of erosion, mainly tidal actions?|st-minilm-l12-v1|fp32|dot|10|False|-1|False|-1
152|Q185113|A cape usually represents a marked change in trend of the coastline which makes them prone to natural forms of erosion, mainly tidal actions. This results in capes having a relatively short geological lifespan. Capes can be formed by glaciers, volcanoes, and changes in sea level. Erosion plays a large role in each of these methods of formation.|What makes a cape prone to natural forms of erosion, mainly tidal actions?|st-minilm-l12-v1|fp32|dot|20|False|-1|False|-1
153|Q185113|A cape usually represents a marked change in trend of the coastline which makes them prone to natural forms of erosion, mainly tidal actions. This results in capes having a relatively short geological lifespan. Capes can be formed by glaciers, volcanoes, and changes in sea level. Erosion plays a large role in each of these methods of formation.|What makes a cape prone to natural forms of erosion, mainly tidal actions?|st-minilm-l12-v1|fp32|dot|25|False|-1|False|-1
154|Q185113|A cape usually represents a marked change in trend of the coastline which makes them prone to natural forms of erosion, mainly tidal actions. This results in capes having a relatively short geological lifespan. Capes can be formed by glaciers, volcanoes, and changes in sea level. Erosion plays a large role in each of these methods of formation.|What makes a cape prone to natural forms of erosion, mainly tidal actions?|st-minilm-l12-v1|fp32|dot|50|False|-1|False|-1
155|Q185113|A cape usually represents a marked change in trend of the coastline which makes them prone to natural forms of erosion, mainly tidal actions. This results in capes having a relatively short geological lifespan. Capes can be formed by glaciers, volcanoes, and changes in sea level. Erosion plays a large role in each of these methods of formation.|What makes a cape prone to natural forms of erosion, mainly tidal actions?|st-minilm-l12-v1|binary|hamming|5|True|0|True|0
156|Q185113|A cape usually represents a marked change in trend of the coastline which makes them prone to natural forms of erosion, mainly tidal actions. This results in capes having a relatively short geological lifespan. Capes can be formed by glaciers, volcanoes, and changes in sea level. Erosion plays a large role in each of these methods of formation.|What makes a cape prone to natural forms of erosion, mainly tidal actions?|st-minilm-l12-v1|binary|hamming|10|True|0|True|0
157|Q185113|A cape usually represents a marked change in trend of the coastline which makes them prone to natural forms of erosion, mainly tidal actions. This results in capes having a relatively short geological lifespan. Capes can be formed by glaciers, volcanoes, and changes in sea level. Erosion plays a large role in each of these methods of formation.|What makes a cape prone to natural forms of erosion, mainly tidal actions?|st-minilm-l12-v1|binary|hamming|20|True|0|True|0
158|Q185113|A cape usually represents a marked change in trend of the coastline which makes them prone to natural forms of erosion, mainly tidal actions. This results in capes having a relatively short geological lifespan. Capes can be formed by glaciers, volcanoes, and changes in sea level. Erosion plays a large role in each of these methods of formation.|What makes a cape prone to natural forms of erosion, mainly tidal actions?|st-minilm-l12-v1|binary|hamming|25|True|0|True|0
159|Q185113|A cape usually represents a marked change in trend of the coastline which makes them prone to natural forms of erosion, mainly tidal actions. This results in capes having a relatively short geological lifespan. Capes can be formed by glaciers, volcanoes, and changes in sea level. Erosion plays a large role in each of these methods of formation.|What makes a cape prone to natural forms of erosion, mainly tidal actions?|st-minilm-l12-v1|binary|hamming|50|True|0|True|0
160|Q185113|A cape usually represents a marked change in trend of the coastline which makes them prone to natural forms of erosion, mainly tidal actions. This results in capes having a relatively short geological lifespan. Capes can be formed by glaciers, volcanoes, and changes in sea level. Erosion plays a large role in each of these methods of formation.|What makes a cape prone to natural forms of erosion, mainly tidal actions?|st-minilm-l12-v2|fp32|l2|5|True|4|True|4
161|Q185113|A cape usually represents a marked change in trend of the coastline which makes them prone to natural forms of erosion, mainly tidal actions. This results in capes having a relatively short geological lifespan. Capes can be formed by glaciers, volcanoes, and changes in sea level. Erosion plays a large role in each of these methods of formation.|What makes a cape prone to natural forms of erosion, mainly tidal actions?|st-minilm-l12-v2|fp32|l2|10|True|4|True|4
162|Q185113|A cape usually represents a marked change in trend of the coastline which makes them prone to natural forms of erosion, mainly tidal actions. This results in capes having a relatively short geological lifespan. Capes can be formed by glaciers, volcanoes, and changes in sea level. Erosion plays a large role in each of these methods of formation.|What makes a cape prone to natural forms of erosion, mainly tidal actions?|st-minilm-l12-v2|fp32|l2|20|True|4|True|4
163|Q185113|A cape usually represents a marked change in trend of the coastline which makes them prone to natural forms of erosion, mainly tidal actions. This results in capes having a relatively short geological lifespan. Capes can be formed by glaciers, volcanoes, and changes in sea level. Erosion plays a large role in each of these methods of formation.|What makes a cape prone to natural forms of erosion, mainly tidal actions?|st-minilm-l12-v2|fp32|l2|25|True|4|True|4
164|Q185113|A cape usually represents a marked change in trend of the coastline which makes them prone to natural forms of erosion, mainly tidal actions. This results in capes having a relatively short geological lifespan. Capes can be formed by glaciers, volcanoes, and changes in sea level. Erosion plays a large role in each of these methods of formation.|What makes a cape prone to natural forms of erosion, mainly tidal actions?|st-minilm-l12-v2|fp32|l2|50|True|4|True|4
165|Q185113|A cape usually represents a marked change in trend of the coastline which makes them prone to natural forms of erosion, mainly tidal actions. This results in capes having a relatively short geological lifespan. Capes can be formed by glaciers, volcanoes, and changes in sea level. Erosion plays a large role in each of these methods of formation.|What makes a cape prone to natural forms of erosion, mainly tidal actions?|st-minilm-l12-v2|fp32|cosine|5|True|3|False|-1
166|Q185113|A cape usually represents a marked change in trend of the coastline which makes them prone to natural forms of erosion, mainly tidal actions. This results in capes having a relatively short geological lifespan. Capes can be formed by glaciers, volcanoes, and changes in sea level. Erosion plays a large role in each of these methods of formation.|What makes a cape prone to natural forms of erosion, mainly tidal actions?|st-minilm-l12-v2|fp32|cosine|10|True|3|False|-1
167|Q185113|A cape usually represents a marked change in trend of the coastline which makes them prone to natural forms of erosion, mainly tidal actions. This results in capes having a relatively short geological lifespan. Capes can be formed by glaciers, volcanoes, and changes in sea level. Erosion plays a large role in each of these methods of formation.|What makes a cape prone to natural forms of erosion, mainly tidal actions?|st-minilm-l12-v2|fp32|cosine|20|True|3|False|-1
168|Q185113|A cape usually represents a marked change in trend of the coastline which makes them prone to natural forms of erosion, mainly tidal actions. This results in capes having a relatively short geological lifespan. Capes can be formed by glaciers, volcanoes, and changes in sea level. Erosion plays a large role in each of these methods of formation.|What makes a cape prone to natural forms of erosion, mainly tidal actions?|st-minilm-l12-v2|fp32|cosine|25|True|3|False|-1
169|Q185113|A cape usually represents a marked change in trend of the coastline which makes them prone to natural forms of erosion, mainly tidal actions. This results in capes having a relatively short geological lifespan. Capes can be formed by glaciers, volcanoes, and changes in sea level. Erosion plays a large role in each of these methods of formation.|What makes a cape prone to natural forms of erosion, mainly tidal actions?|st-minilm-l12-v2|fp32|cosine|50|True|3|False|-1
170|Q185113|A cape usually represents a marked change in trend of the coastline which makes them prone to natural forms of erosion, mainly tidal actions. This results in capes having a relatively short geological lifespan. Capes can be formed by glaciers, volcanoes, and changes in sea level. Erosion plays a large role in each of these methods of formation.|What makes a cape prone to natural forms of erosion, mainly tidal actions?|st-minilm-l12-v2|fp32|dot|5|False|-1|False|-1
171|Q185113|A cape usually represents a marked change in trend of the coastline which makes them prone to natural forms of erosion, mainly tidal actions. This results in capes having a relatively short geological lifespan. Capes can be formed by glaciers, volcanoes, and changes in sea level. Erosion plays a large role in each of these methods of formation.|What makes a cape prone to natural forms of erosion, mainly tidal actions?|st-minilm-l12-v2|fp32|dot|10|False|-1|False|-1
172|Q185113|A cape usually represents a marked change in trend of the coastline which makes them prone to natural forms of erosion, mainly tidal actions. This results in capes having a relatively short geological lifespan. Capes can be formed by glaciers, volcanoes, and changes in sea level. Erosion plays a large role in each of these methods of formation.|What makes a cape prone to natural forms of erosion, mainly tidal actions?|st-minilm-l12-v2|fp32|dot|20|True|11|False|-1
173|Q185113|A cape usually represents a marked change in trend of the coastline which makes them prone to natural forms of erosion, mainly tidal actions. This results in capes having a relatively short geological lifespan. Capes can be formed by glaciers, volcanoes, and changes in sea level. Erosion plays a large role in each of these methods of formation.|What makes a cape prone to natural forms of erosion, mainly tidal actions?|st-minilm-l12-v2|fp32|dot|25|True|11|False|-1
174|Q185113|A cape usually represents a marked change in trend of the coastline which makes them prone to natural forms of erosion, mainly tidal actions. This results in capes having a relatively short geological lifespan. Capes can be formed by glaciers, volcanoes, and changes in sea level. Erosion plays a large role in each of these methods of formation.|What makes a cape prone to natural forms of erosion, mainly tidal actions?|st-minilm-l12-v2|fp32|dot|50|True|11|False|-1
175|Q185113|A cape usually represents a marked change in trend of the coastline which makes them prone to natural forms of erosion, mainly tidal actions. This results in capes having a relatively short geological lifespan. Capes can be formed by glaciers, volcanoes, and changes in sea level. Erosion plays a large role in each of these methods of formation.|What makes a cape prone to natural forms of erosion, mainly tidal actions?|st-minilm-l12-v2|binary|hamming|5|False|-1|False|-1
176|Q185113|A cape usually represents a marked change in trend of the coastline which makes them prone to natural forms of erosion, mainly tidal actions. This results in capes having a relatively short geological lifespan. Capes can be formed by glaciers, volcanoes, and changes in sea level. Erosion plays a large role in each of these methods of formation.|What makes a cape prone to natural forms of erosion, mainly tidal actions?|st-minilm-l12-v2|binary|hamming|10|False|-1|False|-1
177|Q185113|A cape usually represents a marked change in trend of the coastline which makes them prone to natural forms of erosion, mainly tidal actions. This results in capes having a relatively short geological lifespan. Capes can be formed by glaciers, volcanoes, and changes in sea level. Erosion plays a large role in each of these methods of formation.|What makes a cape prone to natural forms of erosion, mainly tidal actions?|st-minilm-l12-v2|binary|hamming|20|True|15|True|15
178|Q185113|A cape usually represents a marked change in trend of the coastline which makes them prone to natural forms of erosion, mainly tidal actions. This results in capes having a relatively short geological lifespan. Capes can be formed by glaciers, volcanoes, and changes in sea level. Erosion plays a large role in each of these methods of formation.|What makes a cape prone to natural forms of erosion, mainly tidal actions?|st-minilm-l12-v2|binary|hamming|25|True|15|True|15
179|Q185113|A cape usually represents a marked change in trend of the coastline which makes them prone to natural forms of erosion, mainly tidal actions. This results in capes having a relatively short geological lifespan. Capes can be formed by glaciers, volcanoes, and changes in sea level. Erosion plays a large role in each of these methods of formation.|What makes a cape prone to natural forms of erosion, mainly tidal actions?|st-minilm-l12-v2|binary|hamming|50|True|15|True|15
180|Q185113|A cape usually represents a marked change in trend of the coastline which makes them prone to natural forms of erosion, mainly tidal actions. This results in capes having a relatively short geological lifespan. Capes can be formed by glaciers, volcanoes, and changes in sea level. Erosion plays a large role in each of these methods of formation.|What makes a cape prone to natural forms of erosion, mainly tidal actions?|st-minilm-l6-v1|fp32|l2|5|False|-1|False|-1
181|Q185113|A cape usually represents a marked change in trend of the coastline which makes them prone to natural forms of erosion, mainly tidal actions. This results in capes having a relatively short geological lifespan. Capes can be formed by glaciers, volcanoes, and changes in sea level. Erosion plays a large role in each of these methods of formation.|What makes a cape prone to natural forms of erosion, mainly tidal actions?|st-minilm-l6-v1|fp32|l2|10|False|-1|False|-1
182|Q185113|A cape usually represents a marked change in trend of the coastline which makes them prone to natural forms of erosion, mainly tidal actions. This results in capes having a relatively short geological lifespan. Capes can be formed by glaciers, volcanoes, and changes in sea level. Erosion plays a large role in each of these methods of formation.|What makes a cape prone to natural forms of erosion, mainly tidal actions?|st-minilm-l6-v1|fp32|l2|20|False|-1|False|-1
183|Q185113|A cape usually represents a marked change in trend of the coastline which makes them prone to natural forms of erosion, mainly tidal actions. This results in capes having a relatively short geological lifespan. Capes can be formed by glaciers, volcanoes, and changes in sea level. Erosion plays a large role in each of these methods of formation.|What makes a cape prone to natural forms of erosion, mainly tidal actions?|st-minilm-l6-v1|fp32|l2|25|False|-1|False|-1
184|Q185113|A cape usually represents a marked change in trend of the coastline which makes them prone to natural forms of erosion, mainly tidal actions. This results in capes having a relatively short geological lifespan. Capes can be formed by glaciers, volcanoes, and changes in sea level. Erosion plays a large role in each of these methods of formation.|What makes a cape prone to natural forms of erosion, mainly tidal actions?|st-minilm-l6-v1|fp32|l2|50|False|-1|False|-1
185|Q185113|A cape usually represents a marked change in trend of the coastline which makes them prone to natural forms of erosion, mainly tidal actions. This results in capes having a relatively short geological lifespan. Capes can be formed by glaciers, volcanoes, and changes in sea level. Erosion plays a large role in each of these methods of formation.|What makes a cape prone to natural forms of erosion, mainly tidal actions?|st-minilm-l6-v1|fp32|cosine|5|False|-1|False|-1
186|Q185113|A cape usually represents a marked change in trend of the coastline which makes them prone to natural forms of erosion, mainly tidal actions. This results in capes having a relatively short geological lifespan. Capes can be formed by glaciers, volcanoes, and changes in sea level. Erosion plays a large role in each of these methods of formation.|What makes a cape prone to natural forms of erosion, mainly tidal actions?|st-minilm-l6-v1|fp32|cosine|10|False|-1|False|-1
187|Q185113|A cape usually represents a marked change in trend of the coastline which makes them prone to natural forms of erosion, mainly tidal actions. This results in capes having a relatively short geological lifespan. Capes can be formed by glaciers, volcanoes, and changes in sea level. Erosion plays a large role in each of these methods of formation.|What makes a cape prone to natural forms of erosion, mainly tidal actions?|st-minilm-l6-v1|fp32|cosine|20|False|-1|False|-1
188|Q185113|A cape usually represents a marked change in trend of the coastline which makes them prone to natural forms of erosion, mainly tidal actions. This results in capes having a relatively short geological lifespan. Capes can be formed by glaciers, volcanoes, and changes in sea level. Erosion plays a large role in each of these methods of formation.|What makes a cape prone to natural forms of erosion, mainly tidal actions?|st-minilm-l6-v1|fp32|cosine|25|False|-1|False|-1
189|Q185113|A cape usually represents a marked change in trend of the coastline which makes them prone to natural forms of erosion, mainly tidal actions. This results in capes having a relatively short geological lifespan. Capes can be formed by glaciers, volcanoes, and changes in sea level. Erosion plays a large role in each of these methods of formation.|What makes a cape prone to natural forms of erosion, mainly tidal actions?|st-minilm-l6-v1|fp32|cosine|50|False|-1|False|-1
190|Q185113|A cape usually represents a marked change in trend of the coastline which makes them prone to natural forms of erosion, mainly tidal actions. This results in capes having a relatively short geological lifespan. Capes can be formed by glaciers, volcanoes, and changes in sea level. Erosion plays a large role in each of these methods of formation.|What makes a cape prone to natural forms of erosion, mainly tidal actions?|st-minilm-l6-v1|fp32|dot|5|False|-1|False|-1
191|Q185113|A cape usually represents a marked change in trend of the coastline which makes them prone to natural forms of erosion, mainly tidal actions. This results in capes having a relatively short geological lifespan. Capes can be formed by glaciers, volcanoes, and changes in sea level. Erosion plays a large role in each of these methods of formation.|What makes a cape prone to natural forms of erosion, mainly tidal actions?|st-minilm-l6-v1|fp32|dot|10|False|-1|False|-1
192|Q185113|A cape usually represents a marked change in trend of the coastline which makes them prone to natural forms of erosion, mainly tidal actions. This results in capes having a relatively short geological lifespan. Capes can be formed by glaciers, volcanoes, and changes in sea level. Erosion plays a large role in each of these methods of formation.|What makes a cape prone to natural forms of erosion, mainly tidal actions?|st-minilm-l6-v1|fp32|dot|20|False|-1|False|-1
193|Q185113|A cape usually represents a marked change in trend of the coastline which makes them prone to natural forms of erosion, mainly tidal actions. This results in capes having a relatively short geological lifespan. Capes can be formed by glaciers, volcanoes, and changes in sea level. Erosion plays a large role in each of these methods of formation.|What makes a cape prone to natural forms of erosion, mainly tidal actions?|st-minilm-l6-v1|fp32|dot|25|False|-1|False|-1
194|Q185113|A cape usually represents a marked change in trend of the coastline which makes them prone to natural forms of erosion, mainly tidal actions. This results in capes having a relatively short geological lifespan. Capes can be formed by glaciers, volcanoes, and changes in sea level. Erosion plays a large role in each of these methods of formation.|What makes a cape prone to natural forms of erosion, mainly tidal actions?|st-minilm-l6-v1|fp32|dot|50|False|-1|False|-1
195|Q185113|A cape usually represents a marked change in trend of the coastline which makes them prone to natural forms of erosion, mainly tidal actions. This results in capes having a relatively short geological lifespan. Capes can be formed by glaciers, volcanoes, and changes in sea level. Erosion plays a large role in each of these methods of formation.|What makes a cape prone to natural forms of erosion, mainly tidal actions?|st-minilm-l6-v1|binary|hamming|5|True|0|True|0
196|Q185113|A cape usually represents a marked change in trend of the coastline which makes them prone to natural forms of erosion, mainly tidal actions. This results in capes having a relatively short geological lifespan. Capes can be formed by glaciers, volcanoes, and changes in sea level. Erosion plays a large role in each of these methods of formation.|What makes a cape prone to natural forms of erosion, mainly tidal actions?|st-minilm-l6-v1|binary|hamming|10|True|0|True|0
197|Q185113|A cape usually represents a marked change in trend of the coastline which makes them prone to natural forms of erosion, mainly tidal actions. This results in capes having a relatively short geological lifespan. Capes can be formed by glaciers, volcanoes, and changes in sea level. Erosion plays a large role in each of these methods of formation.|What makes a cape prone to natural forms of erosion, mainly tidal actions?|st-minilm-l6-v1|binary|hamming|20|True|0|True|0
198|Q185113|A cape usually represents a marked change in trend of the coastline which makes them prone to natural forms of erosion, mainly tidal actions. This results in capes having a relatively short geological lifespan. Capes can be formed by glaciers, volcanoes, and changes in sea level. Erosion plays a large role in each of these methods of formation.|What makes a cape prone to natural forms of erosion, mainly tidal actions?|st-minilm-l6-v1|binary|hamming|25|True|0|True|0
199|Q185113|A cape usually represents a marked change in trend of the coastline which makes them prone to natural forms of erosion, mainly tidal actions. This results in capes having a relatively short geological lifespan. Capes can be formed by glaciers, volcanoes, and changes in sea level. Erosion plays a large role in each of these methods of formation.|What makes a cape prone to natural forms of erosion, mainly tidal actions?|st-minilm-l6-v1|binary|hamming|50|True|0|True|0
200|Q185113|A cape usually represents a marked change in trend of the coastline which makes them prone to natural forms of erosion, mainly tidal actions. This results in capes having a relatively short geological lifespan. Capes can be formed by glaciers, volcanoes, and changes in sea level. Erosion plays a large role in each of these methods of formation.|What makes a cape prone to natural forms of erosion, mainly tidal actions?|st-minilm-l6-v2|fp32|l2|5|False|-1|False|-1
201|Q185113|A cape usually represents a marked change in trend of the coastline which makes them prone to natural forms of erosion, mainly tidal actions. This results in capes having a relatively short geological lifespan. Capes can be formed by glaciers, volcanoes, and changes in sea level. Erosion plays a large role in each of these methods of formation.|What makes a cape prone to natural forms of erosion, mainly tidal actions?|st-minilm-l6-v2|fp32|l2|10|False|-1|False|-1
202|Q185113|A cape usually represents a marked change in trend of the coastline which makes them prone to natural forms of erosion, mainly tidal actions. This results in capes having a relatively short geological lifespan. Capes can be formed by glaciers, volcanoes, and changes in sea level. Erosion plays a large role in each of these methods of formation.|What makes a cape prone to natural forms of erosion, mainly tidal actions?|st-minilm-l6-v2|fp32|l2|20|False|-1|False|-1
203|Q185113|A cape usually represents a marked change in trend of the coastline which makes them prone to natural forms of erosion, mainly tidal actions. This results in capes having a relatively short geological lifespan. Capes can be formed by glaciers, volcanoes, and changes in sea level. Erosion plays a large role in each of these methods of formation.|What makes a cape prone to natural forms of erosion, mainly tidal actions?|st-minilm-l6-v2|fp32|l2|25|False|-1|False|-1
204|Q185113|A cape usually represents a marked change in trend of the coastline which makes them prone to natural forms of erosion, mainly tidal actions. This results in capes having a relatively short geological lifespan. Capes can be formed by glaciers, volcanoes, and changes in sea level. Erosion plays a large role in each of these methods of formation.|What makes a cape prone to natural forms of erosion, mainly tidal actions?|st-minilm-l6-v2|fp32|l2|50|False|-1|False|-1
205|Q185113|A cape usually represents a marked change in trend of the coastline which makes them prone to natural forms of erosion, mainly tidal actions. This results in capes having a relatively short geological lifespan. Capes can be formed by glaciers, volcanoes, and changes in sea level. Erosion plays a large role in each of these methods of formation.|What makes a cape prone to natural forms of erosion, mainly tidal actions?|st-minilm-l6-v2|fp32|cosine|5|False|-1|False|-1
206|Q185113|A cape usually represents a marked change in trend of the coastline which makes them prone to natural forms of erosion, mainly tidal actions. This results in capes having a relatively short geological lifespan. Capes can be formed by glaciers, volcanoes, and changes in sea level. Erosion plays a large role in each of these methods of formation.|What makes a cape prone to natural forms of erosion, mainly tidal actions?|st-minilm-l6-v2|fp32|cosine|10|False|-1|False|-1
207|Q185113|A cape usually represents a marked change in trend of the coastline which makes them prone to natural forms of erosion, mainly tidal actions. This results in capes having a relatively short geological lifespan. Capes can be formed by glaciers, volcanoes, and changes in sea level. Erosion plays a large role in each of these methods of formation.|What makes a cape prone to natural forms of erosion, mainly tidal actions?|st-minilm-l6-v2|fp32|cosine|20|False|-1|False|-1
208|Q185113|A cape usually represents a marked change in trend of the coastline which makes them prone to natural forms of erosion, mainly tidal actions. This results in capes having a relatively short geological lifespan. Capes can be formed by glaciers, volcanoes, and changes in sea level. Erosion plays a large role in each of these methods of formation.|What makes a cape prone to natural forms of erosion, mainly tidal actions?|st-minilm-l6-v2|fp32|cosine|25|False|-1|False|-1
209|Q185113|A cape usually represents a marked change in trend of the coastline which makes them prone to natural forms of erosion, mainly tidal actions. This results in capes having a relatively short geological lifespan. Capes can be formed by glaciers, volcanoes, and changes in sea level. Erosion plays a large role in each of these methods of formation.|What makes a cape prone to natural forms of erosion, mainly tidal actions?|st-minilm-l6-v2|fp32|cosine|50|False|-1|False|-1
210|Q185113|A cape usually represents a marked change in trend of the coastline which makes them prone to natural forms of erosion, mainly tidal actions. This results in capes having a relatively short geological lifespan. Capes can be formed by glaciers, volcanoes, and changes in sea level. Erosion plays a large role in each of these methods of formation.|What makes a cape prone to natural forms of erosion, mainly tidal actions?|st-minilm-l6-v2|fp32|dot|5|True|2|False|-1
211|Q185113|A cape usually represents a marked change in trend of the coastline which makes them prone to natural forms of erosion, mainly tidal actions. This results in capes having a relatively short geological lifespan. Capes can be formed by glaciers, volcanoes, and changes in sea level. Erosion plays a large role in each of these methods of formation.|What makes a cape prone to natural forms of erosion, mainly tidal actions?|st-minilm-l6-v2|fp32|dot|10|True|2|False|-1
212|Q185113|A cape usually represents a marked change in trend of the coastline which makes them prone to natural forms of erosion, mainly tidal actions. This results in capes having a relatively short geological lifespan. Capes can be formed by glaciers, volcanoes, and changes in sea level. Erosion plays a large role in each of these methods of formation.|What makes a cape prone to natural forms of erosion, mainly tidal actions?|st-minilm-l6-v2|fp32|dot|20|True|2|False|-1
213|Q185113|A cape usually represents a marked change in trend of the coastline which makes them prone to natural forms of erosion, mainly tidal actions. This results in capes having a relatively short geological lifespan. Capes can be formed by glaciers, volcanoes, and changes in sea level. Erosion plays a large role in each of these methods of formation.|What makes a cape prone to natural forms of erosion, mainly tidal actions?|st-minilm-l6-v2|fp32|dot|25|True|2|False|-1
214|Q185113|A cape usually represents a marked change in trend of the coastline which makes them prone to natural forms of erosion, mainly tidal actions. This results in capes having a relatively short geological lifespan. Capes can be formed by glaciers, volcanoes, and changes in sea level. Erosion plays a large role in each of these methods of formation.|What makes a cape prone to natural forms of erosion, mainly tidal actions?|st-minilm-l6-v2|fp32|dot|50|True|2|False|-1
215|Q185113|A cape usually represents a marked change in trend of the coastline which makes them prone to natural forms of erosion, mainly tidal actions. This results in capes having a relatively short geological lifespan. Capes can be formed by glaciers, volcanoes, and changes in sea level. Erosion plays a large role in each of these methods of formation.|What makes a cape prone to natural forms of erosion, mainly tidal actions?|st-minilm-l6-v2|binary|hamming|5|True|0|True|0
216|Q185113|A cape usually represents a marked change in trend of the coastline which makes them prone to natural forms of erosion, mainly tidal actions. This results in capes having a relatively short geological lifespan. Capes can be formed by glaciers, volcanoes, and changes in sea level. Erosion plays a large role in each of these methods of formation.|What makes a cape prone to natural forms of erosion, mainly tidal actions?|st-minilm-l6-v2|binary|hamming|10|True|0|True|0
217|Q185113|A cape usually represents a marked change in trend of the coastline which makes them prone to natural forms of erosion, mainly tidal actions. This results in capes having a relatively short geological lifespan. Capes can be formed by glaciers, volcanoes, and changes in sea level. Erosion plays a large role in each of these methods of formation.|What makes a cape prone to natural forms of erosion, mainly tidal actions?|st-minilm-l6-v2|binary|hamming|20|True|0|True|0
218|Q185113|A cape usually represents a marked change in trend of the coastline which makes them prone to natural forms of erosion, mainly tidal actions. This results in capes having a relatively short geological lifespan. Capes can be formed by glaciers, volcanoes, and changes in sea level. Erosion plays a large role in each of these methods of formation.|What makes a cape prone to natural forms of erosion, mainly tidal actions?|st-minilm-l6-v2|binary|hamming|25|True|0|True|0
219|Q185113|A cape usually represents a marked change in trend of the coastline which makes them prone to natural forms of erosion, mainly tidal actions. This results in capes having a relatively short geological lifespan. Capes can be formed by glaciers, volcanoes, and changes in sea level. Erosion plays a large role in each of these methods of formation.|What makes a cape prone to natural forms of erosion, mainly tidal actions?|st-minilm-l6-v2|binary|hamming|50|True|0|True|0
220|Q185113|A cape usually represents a marked change in trend of the coastline which makes them prone to natural forms of erosion, mainly tidal actions. This results in capes having a relatively short geological lifespan. Capes can be formed by glaciers, volcanoes, and changes in sea level. Erosion plays a large role in each of these methods of formation.|What makes a cape prone to natural forms of erosion, mainly tidal actions?|st-multi-qa-minilm-l6-cos-v1|fp32|l2|5|False|-1|False|-1
221|Q185113|A cape usually represents a marked change in trend of the coastline which makes them prone to natural forms of erosion, mainly tidal actions. This results in capes having a relatively short geological lifespan. Capes can be formed by glaciers, volcanoes, and changes in sea level. Erosion plays a large role in each of these methods of formation.|What makes a cape prone to natural forms of erosion, mainly tidal actions?|st-multi-qa-minilm-l6-cos-v1|fp32|l2|10|False|-1|False|-1
222|Q185113|A cape usually represents a marked change in trend of the coastline which makes them prone to natural forms of erosion, mainly tidal actions. This results in capes having a relatively short geological lifespan. Capes can be formed by glaciers, volcanoes, and changes in sea level. Erosion plays a large role in each of these methods of formation.|What makes a cape prone to natural forms of erosion, mainly tidal actions?|st-multi-qa-minilm-l6-cos-v1|fp32|l2|20|False|-1|False|-1
223|Q185113|A cape usually represents a marked change in trend of the coastline which makes them prone to natural forms of erosion, mainly tidal actions. This results in capes having a relatively short geological lifespan. Capes can be formed by glaciers, volcanoes, and changes in sea level. Erosion plays a large role in each of these methods of formation.|What makes a cape prone to natural forms of erosion, mainly tidal actions?|st-multi-qa-minilm-l6-cos-v1|fp32|l2|25|False|-1|False|-1
224|Q185113|A cape usually represents a marked change in trend of the coastline which makes them prone to natural forms of erosion, mainly tidal actions. This results in capes having a relatively short geological lifespan. Capes can be formed by glaciers, volcanoes, and changes in sea level. Erosion plays a large role in each of these methods of formation.|What makes a cape prone to natural forms of erosion, mainly tidal actions?|st-multi-qa-minilm-l6-cos-v1|fp32|l2|50|False|-1|False|-1
225|Q185113|A cape usually represents a marked change in trend of the coastline which makes them prone to natural forms of erosion, mainly tidal actions. This results in capes having a relatively short geological lifespan. Capes can be formed by glaciers, volcanoes, and changes in sea level. Erosion plays a large role in each of these methods of formation.|What makes a cape prone to natural forms of erosion, mainly tidal actions?|st-multi-qa-minilm-l6-cos-v1|fp32|cosine|5|False|-1|False|-1
226|Q185113|A cape usually represents a marked change in trend of the coastline which makes them prone to natural forms of erosion, mainly tidal actions. This results in capes having a relatively short geological lifespan. Capes can be formed by glaciers, volcanoes, and changes in sea level. Erosion plays a large role in each of these methods of formation.|What makes a cape prone to natural forms of erosion, mainly tidal actions?|st-multi-qa-minilm-l6-cos-v1|fp32|cosine|10|False|-1|False|-1
227|Q185113|A cape usually represents a marked change in trend of the coastline which makes them prone to natural forms of erosion, mainly tidal actions. This results in capes having a relatively short geological lifespan. Capes can be formed by glaciers, volcanoes, and changes in sea level. Erosion plays a large role in each of these methods of formation.|What makes a cape prone to natural forms of erosion, mainly tidal actions?|st-multi-qa-minilm-l6-cos-v1|fp32|cosine|20|False|-1|False|-1
228|Q185113|A cape usually represents a marked change in trend of the coastline which makes them prone to natural forms of erosion, mainly tidal actions. This results in capes having a relatively short geological lifespan. Capes can be formed by glaciers, volcanoes, and changes in sea level. Erosion plays a large role in each of these methods of formation.|What makes a cape prone to natural forms of erosion, mainly tidal actions?|st-multi-qa-minilm-l6-cos-v1|fp32|cosine|25|False|-1|False|-1
229|Q185113|A cape usually represents a marked change in trend of the coastline which makes them prone to natural forms of erosion, mainly tidal actions. This results in capes having a relatively short geological lifespan. Capes can be formed by glaciers, volcanoes, and changes in sea level. Erosion plays a large role in each of these methods of formation.|What makes a cape prone to natural forms of erosion, mainly tidal actions?|st-multi-qa-minilm-l6-cos-v1|fp32|cosine|50|False|-1|False|-1
230|Q185113|A cape usually represents a marked change in trend of the coastline which makes them prone to natural forms of erosion, mainly tidal actions. This results in capes having a relatively short geological lifespan. Capes can be formed by glaciers, volcanoes, and changes in sea level. Erosion plays a large role in each of these methods of formation.|What makes a cape prone to natural forms of erosion, mainly tidal actions?|st-multi-qa-minilm-l6-cos-v1|fp32|dot|5|False|-1|False|-1
231|Q185113|A cape usually represents a marked change in trend of the coastline which makes them prone to natural forms of erosion, mainly tidal actions. This results in capes having a relatively short geological lifespan. Capes can be formed by glaciers, volcanoes, and changes in sea level. Erosion plays a large role in each of these methods of formation.|What makes a cape prone to natural forms of erosion, mainly tidal actions?|st-multi-qa-minilm-l6-cos-v1|fp32|dot|10|False|-1|False|-1
232|Q185113|A cape usually represents a marked change in trend of the coastline which makes them prone to natural forms of erosion, mainly tidal actions. This results in capes having a relatively short geological lifespan. Capes can be formed by glaciers, volcanoes, and changes in sea level. Erosion plays a large role in each of these methods of formation.|What makes a cape prone to natural forms of erosion, mainly tidal actions?|st-multi-qa-minilm-l6-cos-v1|fp32|dot|20|False|-1|False|-1
233|Q185113|A cape usually represents a marked change in trend of the coastline which makes them prone to natural forms of erosion, mainly tidal actions. This results in capes having a relatively short geological lifespan. Capes can be formed by glaciers, volcanoes, and changes in sea level. Erosion plays a large role in each of these methods of formation.|What makes a cape prone to natural forms of erosion, mainly tidal actions?|st-multi-qa-minilm-l6-cos-v1|fp32|dot|25|False|-1|False|-1
234|Q185113|A cape usually represents a marked change in trend of the coastline which makes them prone to natural forms of erosion, mainly tidal actions. This results in capes having a relatively short geological lifespan. Capes can be formed by glaciers, volcanoes, and changes in sea level. Erosion plays a large role in each of these methods of formation.|What makes a cape prone to natural forms of erosion, mainly tidal actions?|st-multi-qa-minilm-l6-cos-v1|fp32|dot|50|False|-1|False|-1
235|Q185113|A cape usually represents a marked change in trend of the coastline which makes them prone to natural forms of erosion, mainly tidal actions. This results in capes having a relatively short geological lifespan. Capes can be formed by glaciers, volcanoes, and changes in sea level. Erosion plays a large role in each of these methods of formation.|What makes a cape prone to natural forms of erosion, mainly tidal actions?|st-multi-qa-minilm-l6-cos-v1|binary|hamming|5|True|0|True|0
236|Q185113|A cape usually represents a marked change in trend of the coastline which makes them prone to natural forms of erosion, mainly tidal actions. This results in capes having a relatively short geological lifespan. Capes can be formed by glaciers, volcanoes, and changes in sea level. Erosion plays a large role in each of these methods of formation.|What makes a cape prone to natural forms of erosion, mainly tidal actions?|st-multi-qa-minilm-l6-cos-v1|binary|hamming|10|True|0|True|0
237|Q185113|A cape usually represents a marked change in trend of the coastline which makes them prone to natural forms of erosion, mainly tidal actions. This results in capes having a relatively short geological lifespan. Capes can be formed by glaciers, volcanoes, and changes in sea level. Erosion plays a large role in each of these methods of formation.|What makes a cape prone to natural forms of erosion, mainly tidal actions?|st-multi-qa-minilm-l6-cos-v1|binary|hamming|20|True|0|True|0
238|Q185113|A cape usually represents a marked change in trend of the coastline which makes them prone to natural forms of erosion, mainly tidal actions. This results in capes having a relatively short geological lifespan. Capes can be formed by glaciers, volcanoes, and changes in sea level. Erosion plays a large role in each of these methods of formation.|What makes a cape prone to natural forms of erosion, mainly tidal actions?|st-multi-qa-minilm-l6-cos-v1|binary|hamming|25|True|0|True|0
239|Q185113|A cape usually represents a marked change in trend of the coastline which makes them prone to natural forms of erosion, mainly tidal actions. This results in capes having a relatively short geological lifespan. Capes can be formed by glaciers, volcanoes, and changes in sea level. Erosion plays a large role in each of these methods of formation.|What makes a cape prone to natural forms of erosion, mainly tidal actions?|st-multi-qa-minilm-l6-cos-v1|binary|hamming|50|True|0|True|0
240|Q185113|A cape usually represents a marked change in trend of the coastline which makes them prone to natural forms of erosion, mainly tidal actions. This results in capes having a relatively short geological lifespan. Capes can be formed by glaciers, volcanoes, and changes in sea level. Erosion plays a large role in each of these methods of formation.|What makes a cape prone to natural forms of erosion, mainly tidal actions?|st-multi-qa-minilm-l6-dot-v1|fp32|l2|5|False|-1|False|-1
241|Q185113|A cape usually represents a marked change in trend of the coastline which makes them prone to natural forms of erosion, mainly tidal actions. This results in capes having a relatively short geological lifespan. Capes can be formed by glaciers, volcanoes, and changes in sea level. Erosion plays a large role in each of these methods of formation.|What makes a cape prone to natural forms of erosion, mainly tidal actions?|st-multi-qa-minilm-l6-dot-v1|fp32|l2|10|False|-1|False|-1
242|Q185113|A cape usually represents a marked change in trend of the coastline which makes them prone to natural forms of erosion, mainly tidal actions. This results in capes having a relatively short geological lifespan. Capes can be formed by glaciers, volcanoes, and changes in sea level. Erosion plays a large role in each of these methods of formation.|What makes a cape prone to natural forms of erosion, mainly tidal actions?|st-multi-qa-minilm-l6-dot-v1|fp32|l2|20|False|-1|False|-1
243|Q185113|A cape usually represents a marked change in trend of the coastline which makes them prone to natural forms of erosion, mainly tidal actions. This results in capes having a relatively short geological lifespan. Capes can be formed by glaciers, volcanoes, and changes in sea level. Erosion plays a large role in each of these methods of formation.|What makes a cape prone to natural forms of erosion, mainly tidal actions?|st-multi-qa-minilm-l6-dot-v1|fp32|l2|25|False|-1|False|-1
244|Q185113|A cape usually represents a marked change in trend of the coastline which makes them prone to natural forms of erosion, mainly tidal actions. This results in capes having a relatively short geological lifespan. Capes can be formed by glaciers, volcanoes, and changes in sea level. Erosion plays a large role in each of these methods of formation.|What makes a cape prone to natural forms of erosion, mainly tidal actions?|st-multi-qa-minilm-l6-dot-v1|fp32|l2|50|False|-1|False|-1
245|Q185113|A cape usually represents a marked change in trend of the coastline which makes them prone to natural forms of erosion, mainly tidal actions. This results in capes having a relatively short geological lifespan. Capes can be formed by glaciers, volcanoes, and changes in sea level. Erosion plays a large role in each of these methods of formation.|What makes a cape prone to natural forms of erosion, mainly tidal actions?|st-multi-qa-minilm-l6-dot-v1|fp32|cosine|5|False|-1|False|-1
246|Q185113|A cape usually represents a marked change in trend of the coastline which makes them prone to natural forms of erosion, mainly tidal actions. This results in capes having a relatively short geological lifespan. Capes can be formed by glaciers, volcanoes, and changes in sea level. Erosion plays a large role in each of these methods of formation.|What makes a cape prone to natural forms of erosion, mainly tidal actions?|st-multi-qa-minilm-l6-dot-v1|fp32|cosine|10|False|-1|False|-1
247|Q185113|A cape usually represents a marked change in trend of the coastline which makes them prone to natural forms of erosion, mainly tidal actions. This results in capes having a relatively short geological lifespan. Capes can be formed by glaciers, volcanoes, and changes in sea level. Erosion plays a large role in each of these methods of formation.|What makes a cape prone to natural forms of erosion, mainly tidal actions?|st-multi-qa-minilm-l6-dot-v1|fp32|cosine|20|False|-1|False|-1
248|Q185113|A cape usually represents a marked change in trend of the coastline which makes them prone to natural forms of erosion, mainly tidal actions. This results in capes having a relatively short geological lifespan. Capes can be formed by glaciers, volcanoes, and changes in sea level. Erosion plays a large role in each of these methods of formation.|What makes a cape prone to natural forms of erosion, mainly tidal actions?|st-multi-qa-minilm-l6-dot-v1|fp32|cosine|25|False|-1|False|-1
249|Q185113|A cape usually represents a marked change in trend of the coastline which makes them prone to natural forms of erosion, mainly tidal actions. This results in capes having a relatively short geological lifespan. Capes can be formed by glaciers, volcanoes, and changes in sea level. Erosion plays a large role in each of these methods of formation.|What makes a cape prone to natural forms of erosion, mainly tidal actions?|st-multi-qa-minilm-l6-dot-v1|fp32|cosine|50|False|-1|False|-1
250|Q185113|A cape usually represents a marked change in trend of the coastline which makes them prone to natural forms of erosion, mainly tidal actions. This results in capes having a relatively short geological lifespan. Capes can be formed by glaciers, volcanoes, and changes in sea level. Erosion plays a large role in each of these methods of formation.|What makes a cape prone to natural forms of erosion, mainly tidal actions?|st-multi-qa-minilm-l6-dot-v1|fp32|dot|5|False|-1|False|-1
251|Q185113|A cape usually represents a marked change in trend of the coastline which makes them prone to natural forms of erosion, mainly tidal actions. This results in capes having a relatively short geological lifespan. Capes can be formed by glaciers, volcanoes, and changes in sea level. Erosion plays a large role in each of these methods of formation.|What makes a cape prone to natural forms of erosion, mainly tidal actions?|st-multi-qa-minilm-l6-dot-v1|fp32|dot|10|False|-1|False|-1
252|Q185113|A cape usually represents a marked change in trend of the coastline which makes them prone to natural forms of erosion, mainly tidal actions. This results in capes having a relatively short geological lifespan. Capes can be formed by glaciers, volcanoes, and changes in sea level. Erosion plays a large role in each of these methods of formation.|What makes a cape prone to natural forms of erosion, mainly tidal actions?|st-multi-qa-minilm-l6-dot-v1|fp32|dot|20|False|-1|False|-1
253|Q185113|A cape usually represents a marked change in trend of the coastline which makes them prone to natural forms of erosion, mainly tidal actions. This results in capes having a relatively short geological lifespan. Capes can be formed by glaciers, volcanoes, and changes in sea level. Erosion plays a large role in each of these methods of formation.|What makes a cape prone to natural forms of erosion, mainly tidal actions?|st-multi-qa-minilm-l6-dot-v1|fp32|dot|25|False|-1|False|-1
254|Q185113|A cape usually represents a marked change in trend of the coastline which makes them prone to natural forms of erosion, mainly tidal actions. This results in capes having a relatively short geological lifespan. Capes can be formed by glaciers, volcanoes, and changes in sea level. Erosion plays a large role in each of these methods of formation.|What makes a cape prone to natural forms of erosion, mainly tidal actions?|st-multi-qa-minilm-l6-dot-v1|fp32|dot|50|False|-1|False|-1
255|Q185113|A cape usually represents a marked change in trend of the coastline which makes them prone to natural forms of erosion, mainly tidal actions. This results in capes having a relatively short geological lifespan. Capes can be formed by glaciers, volcanoes, and changes in sea level. Erosion plays a large role in each of these methods of formation.|What makes a cape prone to natural forms of erosion, mainly tidal actions?|st-multi-qa-minilm-l6-dot-v1|binary|hamming|5|False|-1|False|-1
256|Q185113|A cape usually represents a marked change in trend of the coastline which makes them prone to natural forms of erosion, mainly tidal actions. This results in capes having a relatively short geological lifespan. Capes can be formed by glaciers, volcanoes, and changes in sea level. Erosion plays a large role in each of these methods of formation.|What makes a cape prone to natural forms of erosion, mainly tidal actions?|st-multi-qa-minilm-l6-dot-v1|binary|hamming|10|False|-1|False|-1
257|Q185113|A cape usually represents a marked change in trend of the coastline which makes them prone to natural forms of erosion, mainly tidal actions. This results in capes having a relatively short geological lifespan. Capes can be formed by glaciers, volcanoes, and changes in sea level. Erosion plays a large role in each of these methods of formation.|What makes a cape prone to natural forms of erosion, mainly tidal actions?|st-multi-qa-minilm-l6-dot-v1|binary|hamming|20|False|-1|False|-1
258|Q185113|A cape usually represents a marked change in trend of the coastline which makes them prone to natural forms of erosion, mainly tidal actions. This results in capes having a relatively short geological lifespan. Capes can be formed by glaciers, volcanoes, and changes in sea level. Erosion plays a large role in each of these methods of formation.|What makes a cape prone to natural forms of erosion, mainly tidal actions?|st-multi-qa-minilm-l6-dot-v1|binary|hamming|25|False|-1|False|-1
259|Q185113|A cape usually represents a marked change in trend of the coastline which makes them prone to natural forms of erosion, mainly tidal actions. This results in capes having a relatively short geological lifespan. Capes can be formed by glaciers, volcanoes, and changes in sea level. Erosion plays a large role in each of these methods of formation.|What makes a cape prone to natural forms of erosion, mainly tidal actions?|st-multi-qa-minilm-l6-dot-v1|binary|hamming|50|False|-1|False|-1
260|Q185113|A cape usually represents a marked change in trend of the coastline which makes them prone to natural forms of erosion, mainly tidal actions. This results in capes having a relatively short geological lifespan. Capes can be formed by glaciers, volcanoes, and changes in sea level. Erosion plays a large role in each of these methods of formation.|What makes a cape prone to natural forms of erosion, mainly tidal actions?|st-paraphrase-minilm-l12-v2|fp32|l2|5|False|-1|False|-1
261|Q185113|A cape usually represents a marked change in trend of the coastline which makes them prone to natural forms of erosion, mainly tidal actions. This results in capes having a relatively short geological lifespan. Capes can be formed by glaciers, volcanoes, and changes in sea level. Erosion plays a large role in each of these methods of formation.|What makes a cape prone to natural forms of erosion, mainly tidal actions?|st-paraphrase-minilm-l12-v2|fp32|l2|10|False|-1|False|-1
262|Q185113|A cape usually represents a marked change in trend of the coastline which makes them prone to natural forms of erosion, mainly tidal actions. This results in capes having a relatively short geological lifespan. Capes can be formed by glaciers, volcanoes, and changes in sea level. Erosion plays a large role in each of these methods of formation.|What makes a cape prone to natural forms of erosion, mainly tidal actions?|st-paraphrase-minilm-l12-v2|fp32|l2|20|False|-1|False|-1
263|Q185113|A cape usually represents a marked change in trend of the coastline which makes them prone to natural forms of erosion, mainly tidal actions. This results in capes having a relatively short geological lifespan. Capes can be formed by glaciers, volcanoes, and changes in sea level. Erosion plays a large role in each of these methods of formation.|What makes a cape prone to natural forms of erosion, mainly tidal actions?|st-paraphrase-minilm-l12-v2|fp32|l2|25|False|-1|False|-1
264|Q185113|A cape usually represents a marked change in trend of the coastline which makes them prone to natural forms of erosion, mainly tidal actions. This results in capes having a relatively short geological lifespan. Capes can be formed by glaciers, volcanoes, and changes in sea level. Erosion plays a large role in each of these methods of formation.|What makes a cape prone to natural forms of erosion, mainly tidal actions?|st-paraphrase-minilm-l12-v2|fp32|l2|50|False|-1|False|-1
265|Q185113|A cape usually represents a marked change in trend of the coastline which makes them prone to natural forms of erosion, mainly tidal actions. This results in capes having a relatively short geological lifespan. Capes can be formed by glaciers, volcanoes, and changes in sea level. Erosion plays a large role in each of these methods of formation.|What makes a cape prone to natural forms of erosion, mainly tidal actions?|st-paraphrase-minilm-l12-v2|fp32|cosine|5|False|-1|False|-1
266|Q185113|A cape usually represents a marked change in trend of the coastline which makes them prone to natural forms of erosion, mainly tidal actions. This results in capes having a relatively short geological lifespan. Capes can be formed by glaciers, volcanoes, and changes in sea level. Erosion plays a large role in each of these methods of formation.|What makes a cape prone to natural forms of erosion, mainly tidal actions?|st-paraphrase-minilm-l12-v2|fp32|cosine|10|False|-1|False|-1
267|Q185113|A cape usually represents a marked change in trend of the coastline which makes them prone to natural forms of erosion, mainly tidal actions. This results in capes having a relatively short geological lifespan. Capes can be formed by glaciers, volcanoes, and changes in sea level. Erosion plays a large role in each of these methods of formation.|What makes a cape prone to natural forms of erosion, mainly tidal actions?|st-paraphrase-minilm-l12-v2|fp32|cosine|20|False|-1|False|-1
268|Q185113|A cape usually represents a marked change in trend of the coastline which makes them prone to natural forms of erosion, mainly tidal actions. This results in capes having a relatively short geological lifespan. Capes can be formed by glaciers, volcanoes, and changes in sea level. Erosion plays a large role in each of these methods of formation.|What makes a cape prone to natural forms of erosion, mainly tidal actions?|st-paraphrase-minilm-l12-v2|fp32|cosine|25|False|-1|False|-1
269|Q185113|A cape usually represents a marked change in trend of the coastline which makes them prone to natural forms of erosion, mainly tidal actions. This results in capes having a relatively short geological lifespan. Capes can be formed by glaciers, volcanoes, and changes in sea level. Erosion plays a large role in each of these methods of formation.|What makes a cape prone to natural forms of erosion, mainly tidal actions?|st-paraphrase-minilm-l12-v2|fp32|cosine|50|False|-1|False|-1
270|Q185113|A cape usually represents a marked change in trend of the coastline which makes them prone to natural forms of erosion, mainly tidal actions. This results in capes having a relatively short geological lifespan. Capes can be formed by glaciers, volcanoes, and changes in sea level. Erosion plays a large role in each of these methods of formation.|What makes a cape prone to natural forms of erosion, mainly tidal actions?|st-paraphrase-minilm-l12-v2|fp32|dot|5|False|-1|False|-1
271|Q185113|A cape usually represents a marked change in trend of the coastline which makes them prone to natural forms of erosion, mainly tidal actions. This results in capes having a relatively short geological lifespan. Capes can be formed by glaciers, volcanoes, and changes in sea level. Erosion plays a large role in each of these methods of formation.|What makes a cape prone to natural forms of erosion, mainly tidal actions?|st-paraphrase-minilm-l12-v2|fp32|dot|10|False|-1|False|-1
272|Q185113|A cape usually represents a marked change in trend of the coastline which makes them prone to natural forms of erosion, mainly tidal actions. This results in capes having a relatively short geological lifespan. Capes can be formed by glaciers, volcanoes, and changes in sea level. Erosion plays a large role in each of these methods of formation.|What makes a cape prone to natural forms of erosion, mainly tidal actions?|st-paraphrase-minilm-l12-v2|fp32|dot|20|False|-1|False|-1
273|Q185113|A cape usually represents a marked change in trend of the coastline which makes them prone to natural forms of erosion, mainly tidal actions. This results in capes having a relatively short geological lifespan. Capes can be formed by glaciers, volcanoes, and changes in sea level. Erosion plays a large role in each of these methods of formation.|What makes a cape prone to natural forms of erosion, mainly tidal actions?|st-paraphrase-minilm-l12-v2|fp32|dot|25|False|-1|False|-1
274|Q185113|A cape usually represents a marked change in trend of the coastline which makes them prone to natural forms of erosion, mainly tidal actions. This results in capes having a relatively short geological lifespan. Capes can be formed by glaciers, volcanoes, and changes in sea level. Erosion plays a large role in each of these methods of formation.|What makes a cape prone to natural forms of erosion, mainly tidal actions?|st-paraphrase-minilm-l12-v2|fp32|dot|50|False|-1|False|-1
275|Q185113|A cape usually represents a marked change in trend of the coastline which makes them prone to natural forms of erosion, mainly tidal actions. This results in capes having a relatively short geological lifespan. Capes can be formed by glaciers, volcanoes, and changes in sea level. Erosion plays a large role in each of these methods of formation.|What makes a cape prone to natural forms of erosion, mainly tidal actions?|st-paraphrase-minilm-l12-v2|binary|hamming|5|True|0|True|0
276|Q185113|A cape usually represents a marked change in trend of the coastline which makes them prone to natural forms of erosion, mainly tidal actions. This results in capes having a relatively short geological lifespan. Capes can be formed by glaciers, volcanoes, and changes in sea level. Erosion plays a large role in each of these methods of formation.|What makes a cape prone to natural forms of erosion, mainly tidal actions?|st-paraphrase-minilm-l12-v2|binary|hamming|10|True|0|True|0
277|Q185113|A cape usually represents a marked change in trend of the coastline which makes them prone to natural forms of erosion, mainly tidal actions. This results in capes having a relatively short geological lifespan. Capes can be formed by glaciers, volcanoes, and changes in sea level. Erosion plays a large role in each of these methods of formation.|What makes a cape prone to natural forms of erosion, mainly tidal actions?|st-paraphrase-minilm-l12-v2|binary|hamming|20|True|0|True|0
278|Q185113|A cape usually represents a marked change in trend of the coastline which makes them prone to natural forms of erosion, mainly tidal actions. This results in capes having a relatively short geological lifespan. Capes can be formed by glaciers, volcanoes, and changes in sea level. Erosion plays a large role in each of these methods of formation.|What makes a cape prone to natural forms of erosion, mainly tidal actions?|st-paraphrase-minilm-l12-v2|binary|hamming|25|True|0|True|0
279|Q185113|A cape usually represents a marked change in trend of the coastline which makes them prone to natural forms of erosion, mainly tidal actions. This results in capes having a relatively short geological lifespan. Capes can be formed by glaciers, volcanoes, and changes in sea level. Erosion plays a large role in each of these methods of formation.|What makes a cape prone to natural forms of erosion, mainly tidal actions?|st-paraphrase-minilm-l12-v2|binary|hamming|50|True|0|True|0
280|Q185113|A cape usually represents a marked change in trend of the coastline which makes them prone to natural forms of erosion, mainly tidal actions. This results in capes having a relatively short geological lifespan. Capes can be formed by glaciers, volcanoes, and changes in sea level. Erosion plays a large role in each of these methods of formation.|What makes a cape prone to natural forms of erosion, mainly tidal actions?|st-paraphrase-minilm-l3-v2|fp32|l2|5|False|-1|False|-1
281|Q185113|A cape usually represents a marked change in trend of the coastline which makes them prone to natural forms of erosion, mainly tidal actions. This results in capes having a relatively short geological lifespan. Capes can be formed by glaciers, volcanoes, and changes in sea level. Erosion plays a large role in each of these methods of formation.|What makes a cape prone to natural forms of erosion, mainly tidal actions?|st-paraphrase-minilm-l3-v2|fp32|l2|10|False|-1|False|-1
282|Q185113|A cape usually represents a marked change in trend of the coastline which makes them prone to natural forms of erosion, mainly tidal actions. This results in capes having a relatively short geological lifespan. Capes can be formed by glaciers, volcanoes, and changes in sea level. Erosion plays a large role in each of these methods of formation.|What makes a cape prone to natural forms of erosion, mainly tidal actions?|st-paraphrase-minilm-l3-v2|fp32|l2|20|False|-1|False|-1
283|Q185113|A cape usually represents a marked change in trend of the coastline which makes them prone to natural forms of erosion, mainly tidal actions. This results in capes having a relatively short geological lifespan. Capes can be formed by glaciers, volcanoes, and changes in sea level. Erosion plays a large role in each of these methods of formation.|What makes a cape prone to natural forms of erosion, mainly tidal actions?|st-paraphrase-minilm-l3-v2|fp32|l2|25|False|-1|False|-1
284|Q185113|A cape usually represents a marked change in trend of the coastline which makes them prone to natural forms of erosion, mainly tidal actions. This results in capes having a relatively short geological lifespan. Capes can be formed by glaciers, volcanoes, and changes in sea level. Erosion plays a large role in each of these methods of formation.|What makes a cape prone to natural forms of erosion, mainly tidal actions?|st-paraphrase-minilm-l3-v2|fp32|l2|50|False|-1|False|-1
285|Q185113|A cape usually represents a marked change in trend of the coastline which makes them prone to natural forms of erosion, mainly tidal actions. This results in capes having a relatively short geological lifespan. Capes can be formed by glaciers, volcanoes, and changes in sea level. Erosion plays a large role in each of these methods of formation.|What makes a cape prone to natural forms of erosion, mainly tidal actions?|st-paraphrase-minilm-l3-v2|fp32|cosine|5|False|-1|False|-1
286|Q185113|A cape usually represents a marked change in trend of the coastline which makes them prone to natural forms of erosion, mainly tidal actions. This results in capes having a relatively short geological lifespan. Capes can be formed by glaciers, volcanoes, and changes in sea level. Erosion plays a large role in each of these methods of formation.|What makes a cape prone to natural forms of erosion, mainly tidal actions?|st-paraphrase-minilm-l3-v2|fp32|cosine|10|False|-1|False|-1
287|Q185113|A cape usually represents a marked change in trend of the coastline which makes them prone to natural forms of erosion, mainly tidal actions. This results in capes having a relatively short geological lifespan. Capes can be formed by glaciers, volcanoes, and changes in sea level. Erosion plays a large role in each of these methods of formation.|What makes a cape prone to natural forms of erosion, mainly tidal actions?|st-paraphrase-minilm-l3-v2|fp32|cosine|20|True|12|False|-1
288|Q185113|A cape usually represents a marked change in trend of the coastline which makes them prone to natural forms of erosion, mainly tidal actions. This results in capes having a relatively short geological lifespan. Capes can be formed by glaciers, volcanoes, and changes in sea level. Erosion plays a large role in each of these methods of formation.|What makes a cape prone to natural forms of erosion, mainly tidal actions?|st-paraphrase-minilm-l3-v2|fp32|cosine|25|True|12|False|-1
289|Q185113|A cape usually represents a marked change in trend of the coastline which makes them prone to natural forms of erosion, mainly tidal actions. This results in capes having a relatively short geological lifespan. Capes can be formed by glaciers, volcanoes, and changes in sea level. Erosion plays a large role in each of these methods of formation.|What makes a cape prone to natural forms of erosion, mainly tidal actions?|st-paraphrase-minilm-l3-v2|fp32|cosine|50|True|12|True|29
290|Q185113|A cape usually represents a marked change in trend of the coastline which makes them prone to natural forms of erosion, mainly tidal actions. This results in capes having a relatively short geological lifespan. Capes can be formed by glaciers, volcanoes, and changes in sea level. Erosion plays a large role in each of these methods of formation.|What makes a cape prone to natural forms of erosion, mainly tidal actions?|st-paraphrase-minilm-l3-v2|fp32|dot|5|True|2|False|-1
291|Q185113|A cape usually represents a marked change in trend of the coastline which makes them prone to natural forms of erosion, mainly tidal actions. This results in capes having a relatively short geological lifespan. Capes can be formed by glaciers, volcanoes, and changes in sea level. Erosion plays a large role in each of these methods of formation.|What makes a cape prone to natural forms of erosion, mainly tidal actions?|st-paraphrase-minilm-l3-v2|fp32|dot|10|True|2|False|-1
292|Q185113|A cape usually represents a marked change in trend of the coastline which makes them prone to natural forms of erosion, mainly tidal actions. This results in capes having a relatively short geological lifespan. Capes can be formed by glaciers, volcanoes, and changes in sea level. Erosion plays a large role in each of these methods of formation.|What makes a cape prone to natural forms of erosion, mainly tidal actions?|st-paraphrase-minilm-l3-v2|fp32|dot|20|True|2|False|-1
293|Q185113|A cape usually represents a marked change in trend of the coastline which makes them prone to natural forms of erosion, mainly tidal actions. This results in capes having a relatively short geological lifespan. Capes can be formed by glaciers, volcanoes, and changes in sea level. Erosion plays a large role in each of these methods of formation.|What makes a cape prone to natural forms of erosion, mainly tidal actions?|st-paraphrase-minilm-l3-v2|fp32|dot|25|True|2|False|-1
294|Q185113|A cape usually represents a marked change in trend of the coastline which makes them prone to natural forms of erosion, mainly tidal actions. This results in capes having a relatively short geological lifespan. Capes can be formed by glaciers, volcanoes, and changes in sea level. Erosion plays a large role in each of these methods of formation.|What makes a cape prone to natural forms of erosion, mainly tidal actions?|st-paraphrase-minilm-l3-v2|fp32|dot|50|True|2|False|-1
295|Q185113|A cape usually represents a marked change in trend of the coastline which makes them prone to natural forms of erosion, mainly tidal actions. This results in capes having a relatively short geological lifespan. Capes can be formed by glaciers, volcanoes, and changes in sea level. Erosion plays a large role in each of these methods of formation.|What makes a cape prone to natural forms of erosion, mainly tidal actions?|st-paraphrase-minilm-l3-v2|binary|hamming|5|True|0|True|0
296|Q185113|A cape usually represents a marked change in trend of the coastline which makes them prone to natural forms of erosion, mainly tidal actions. This results in capes having a relatively short geological lifespan. Capes can be formed by glaciers, volcanoes, and changes in sea level. Erosion plays a large role in each of these methods of formation.|What makes a cape prone to natural forms of erosion, mainly tidal actions?|st-paraphrase-minilm-l3-v2|binary|hamming|10|True|0|True|0
297|Q185113|A cape usually represents a marked change in trend of the coastline which makes them prone to natural forms of erosion, mainly tidal actions. This results in capes having a relatively short geological lifespan. Capes can be formed by glaciers, volcanoes, and changes in sea level. Erosion plays a large role in each of these methods of formation.|What makes a cape prone to natural forms of erosion, mainly tidal actions?|st-paraphrase-minilm-l3-v2|binary|hamming|20|True|0|True|0
298|Q185113|A cape usually represents a marked change in trend of the coastline which makes them prone to natural forms of erosion, mainly tidal actions. This results in capes having a relatively short geological lifespan. Capes can be formed by glaciers, volcanoes, and changes in sea level. Erosion plays a large role in each of these methods of formation.|What makes a cape prone to natural forms of erosion, mainly tidal actions?|st-paraphrase-minilm-l3-v2|binary|hamming|25|True|0|True|0
299|Q185113|A cape usually represents a marked change in trend of the coastline which makes them prone to natural forms of erosion, mainly tidal actions. This results in capes having a relatively short geological lifespan. Capes can be formed by glaciers, volcanoes, and changes in sea level. Erosion plays a large role in each of these methods of formation.|What makes a cape prone to natural forms of erosion, mainly tidal actions?|st-paraphrase-minilm-l3-v2|binary|hamming|50|True|0|True|0
300|Q185113|A cape usually represents a marked change in trend of the coastline which makes them prone to natural forms of erosion, mainly tidal actions. This results in capes having a relatively short geological lifespan. Capes can be formed by glaciers, volcanoes, and changes in sea level. Erosion plays a large role in each of these methods of formation.|What makes a cape prone to natural forms of erosion, mainly tidal actions?|st-paraphrase-minilm-l6-v2|fp32|l2|5|False|-1|False|-1
301|Q185113|A cape usually represents a marked change in trend of the coastline which makes them prone to natural forms of erosion, mainly tidal actions. This results in capes having a relatively short geological lifespan. Capes can be formed by glaciers, volcanoes, and changes in sea level. Erosion plays a large role in each of these methods of formation.|What makes a cape prone to natural forms of erosion, mainly tidal actions?|st-paraphrase-minilm-l6-v2|fp32|l2|10|False|-1|False|-1
302|Q185113|A cape usually represents a marked change in trend of the coastline which makes them prone to natural forms of erosion, mainly tidal actions. This results in capes having a relatively short geological lifespan. Capes can be formed by glaciers, volcanoes, and changes in sea level. Erosion plays a large role in each of these methods of formation.|What makes a cape prone to natural forms of erosion, mainly tidal actions?|st-paraphrase-minilm-l6-v2|fp32|l2|20|False|-1|False|-1
303|Q185113|A cape usually represents a marked change in trend of the coastline which makes them prone to natural forms of erosion, mainly tidal actions. This results in capes having a relatively short geological lifespan. Capes can be formed by glaciers, volcanoes, and changes in sea level. Erosion plays a large role in each of these methods of formation.|What makes a cape prone to natural forms of erosion, mainly tidal actions?|st-paraphrase-minilm-l6-v2|fp32|l2|25|False|-1|False|-1
304|Q185113|A cape usually represents a marked change in trend of the coastline which makes them prone to natural forms of erosion, mainly tidal actions. This results in capes having a relatively short geological lifespan. Capes can be formed by glaciers, volcanoes, and changes in sea level. Erosion plays a large role in each of these methods of formation.|What makes a cape prone to natural forms of erosion, mainly tidal actions?|st-paraphrase-minilm-l6-v2|fp32|l2|50|False|-1|False|-1
305|Q185113|A cape usually represents a marked change in trend of the coastline which makes them prone to natural forms of erosion, mainly tidal actions. This results in capes having a relatively short geological lifespan. Capes can be formed by glaciers, volcanoes, and changes in sea level. Erosion plays a large role in each of these methods of formation.|What makes a cape prone to natural forms of erosion, mainly tidal actions?|st-paraphrase-minilm-l6-v2|fp32|cosine|5|False|-1|False|-1
306|Q185113|A cape usually represents a marked change in trend of the coastline which makes them prone to natural forms of erosion, mainly tidal actions. This results in capes having a relatively short geological lifespan. Capes can be formed by glaciers, volcanoes, and changes in sea level. Erosion plays a large role in each of these methods of formation.|What makes a cape prone to natural forms of erosion, mainly tidal actions?|st-paraphrase-minilm-l6-v2|fp32|cosine|10|False|-1|False|-1
307|Q185113|A cape usually represents a marked change in trend of the coastline which makes them prone to natural forms of erosion, mainly tidal actions. This results in capes having a relatively short geological lifespan. Capes can be formed by glaciers, volcanoes, and changes in sea level. Erosion plays a large role in each of these methods of formation.|What makes a cape prone to natural forms of erosion, mainly tidal actions?|st-paraphrase-minilm-l6-v2|fp32|cosine|20|False|-1|False|-1
308|Q185113|A cape usually represents a marked change in trend of the coastline which makes them prone to natural forms of erosion, mainly tidal actions. This results in capes having a relatively short geological lifespan. Capes can be formed by glaciers, volcanoes, and changes in sea level. Erosion plays a large role in each of these methods of formation.|What makes a cape prone to natural forms of erosion, mainly tidal actions?|st-paraphrase-minilm-l6-v2|fp32|cosine|25|False|-1|False|-1
309|Q185113|A cape usually represents a marked change in trend of the coastline which makes them prone to natural forms of erosion, mainly tidal actions. This results in capes having a relatively short geological lifespan. Capes can be formed by glaciers, volcanoes, and changes in sea level. Erosion plays a large role in each of these methods of formation.|What makes a cape prone to natural forms of erosion, mainly tidal actions?|st-paraphrase-minilm-l6-v2|fp32|cosine|50|False|-1|False|-1
310|Q185113|A cape usually represents a marked change in trend of the coastline which makes them prone to natural forms of erosion, mainly tidal actions. This results in capes having a relatively short geological lifespan. Capes can be formed by glaciers, volcanoes, and changes in sea level. Erosion plays a large role in each of these methods of formation.|What makes a cape prone to natural forms of erosion, mainly tidal actions?|st-paraphrase-minilm-l6-v2|fp32|dot|5|False|-1|False|-1
311|Q185113|A cape usually represents a marked change in trend of the coastline which makes them prone to natural forms of erosion, mainly tidal actions. This results in capes having a relatively short geological lifespan. Capes can be formed by glaciers, volcanoes, and changes in sea level. Erosion plays a large role in each of these methods of formation.|What makes a cape prone to natural forms of erosion, mainly tidal actions?|st-paraphrase-minilm-l6-v2|fp32|dot|10|False|-1|False|-1
312|Q185113|A cape usually represents a marked change in trend of the coastline which makes them prone to natural forms of erosion, mainly tidal actions. This results in capes having a relatively short geological lifespan. Capes can be formed by glaciers, volcanoes, and changes in sea level. Erosion plays a large role in each of these methods of formation.|What makes a cape prone to natural forms of erosion, mainly tidal actions?|st-paraphrase-minilm-l6-v2|fp32|dot|20|False|-1|False|-1
313|Q185113|A cape usually represents a marked change in trend of the coastline which makes them prone to natural forms of erosion, mainly tidal actions. This results in capes having a relatively short geological lifespan. Capes can be formed by glaciers, volcanoes, and changes in sea level. Erosion plays a large role in each of these methods of formation.|What makes a cape prone to natural forms of erosion, mainly tidal actions?|st-paraphrase-minilm-l6-v2|fp32|dot|25|False|-1|False|-1
314|Q185113|A cape usually represents a marked change in trend of the coastline which makes them prone to natural forms of erosion, mainly tidal actions. This results in capes having a relatively short geological lifespan. Capes can be formed by glaciers, volcanoes, and changes in sea level. Erosion plays a large role in each of these methods of formation.|What makes a cape prone to natural forms of erosion, mainly tidal actions?|st-paraphrase-minilm-l6-v2|fp32|dot|50|False|-1|False|-1
315|Q185113|A cape usually represents a marked change in trend of the coastline which makes them prone to natural forms of erosion, mainly tidal actions. This results in capes having a relatively short geological lifespan. Capes can be formed by glaciers, volcanoes, and changes in sea level. Erosion plays a large role in each of these methods of formation.|What makes a cape prone to natural forms of erosion, mainly tidal actions?|st-paraphrase-minilm-l6-v2|binary|hamming|5|True|0|True|0
316|Q185113|A cape usually represents a marked change in trend of the coastline which makes them prone to natural forms of erosion, mainly tidal actions. This results in capes having a relatively short geological lifespan. Capes can be formed by glaciers, volcanoes, and changes in sea level. Erosion plays a large role in each of these methods of formation.|What makes a cape prone to natural forms of erosion, mainly tidal actions?|st-paraphrase-minilm-l6-v2|binary|hamming|10|True|0|True|0
317|Q185113|A cape usually represents a marked change in trend of the coastline which makes them prone to natural forms of erosion, mainly tidal actions. This results in capes having a relatively short geological lifespan. Capes can be formed by glaciers, volcanoes, and changes in sea level. Erosion plays a large role in each of these methods of formation.|What makes a cape prone to natural forms of erosion, mainly tidal actions?|st-paraphrase-minilm-l6-v2|binary|hamming|20|True|0|True|0
318|Q185113|A cape usually represents a marked change in trend of the coastline which makes them prone to natural forms of erosion, mainly tidal actions. This results in capes having a relatively short geological lifespan. Capes can be formed by glaciers, volcanoes, and changes in sea level. Erosion plays a large role in each of these methods of formation.|What makes a cape prone to natural forms of erosion, mainly tidal actions?|st-paraphrase-minilm-l6-v2|binary|hamming|25|True|0|True|0
319|Q185113|A cape usually represents a marked change in trend of the coastline which makes them prone to natural forms of erosion, mainly tidal actions. This results in capes having a relatively short geological lifespan. Capes can be formed by glaciers, volcanoes, and changes in sea level. Erosion plays a large role in each of these methods of formation.|What makes a cape prone to natural forms of erosion, mainly tidal actions?|st-paraphrase-minilm-l6-v2|binary|hamming|50|True|0|True|0
320|Q844196|2006 Giro d'Italia|What year was the Giro d'Italia?|baai-bge|fp32|l2|5|True|0|True|0
321|Q844196|2006 Giro d'Italia|What year was the Giro d'Italia?|baai-bge|fp32|l2|10|True|0|True|0
322|Q844196|2006 Giro d'Italia|What year was the Giro d'Italia?|baai-bge|fp32|l2|20|True|0|True|0
323|Q844196|2006 Giro d'Italia|What year was the Giro d'Italia?|baai-bge|fp32|l2|25|True|0|True|0
324|Q844196|2006 Giro d'Italia|What year was the Giro d'Italia?|baai-bge|fp32|l2|50|True|0|True|0
325|Q844196|2006 Giro d'Italia|What year was the Giro d'Italia?|baai-bge|fp32|cosine|5|True|0|True|0
326|Q844196|2006 Giro d'Italia|What year was the Giro d'Italia?|baai-bge|fp32|cosine|10|True|0|True|0
327|Q844196|2006 Giro d'Italia|What year was the Giro d'Italia?|baai-bge|fp32|cosine|20|True|0|True|0
328|Q844196|2006 Giro d'Italia|What year was the Giro d'Italia?|baai-bge|fp32|cosine|25|True|0|True|0
329|Q844196|2006 Giro d'Italia|What year was the Giro d'Italia?|baai-bge|fp32|cosine|50|True|0|True|0
330|Q844196|2006 Giro d'Italia|What year was the Giro d'Italia?|baai-bge|fp32|dot|5|True|0|True|0
331|Q844196|2006 Giro d'Italia|What year was the Giro d'Italia?|baai-bge|fp32|dot|10|True|0|True|0
332|Q844196|2006 Giro d'Italia|What year was the Giro d'Italia?|baai-bge|fp32|dot|20|True|0|True|0
333|Q844196|2006 Giro d'Italia|What year was the Giro d'Italia?|baai-bge|fp32|dot|25|True|0|True|0
334|Q844196|2006 Giro d'Italia|What year was the Giro d'Italia?|baai-bge|fp32|dot|50|True|0|True|0
335|Q844196|2006 Giro d'Italia|What year was the Giro d'Italia?|baai-bge|binary|hamming|5|True|0|True|0
336|Q844196|2006 Giro d'Italia|What year was the Giro d'Italia?|baai-bge|binary|hamming|10|True|0|True|0
337|Q844196|2006 Giro d'Italia|What year was the Giro d'Italia?|baai-bge|binary|hamming|20|True|0|True|0
338|Q844196|2006 Giro d'Italia|What year was the Giro d'Italia?|baai-bge|binary|hamming|25|True|0|True|0
339|Q844196|2006 Giro d'Italia|What year was the Giro d'Italia?|baai-bge|binary|hamming|50|True|0|True|0
340|Q844196|2006 Giro d'Italia|What year was the Giro d'Italia?|bert|fp32|l2|5|False|-1|False|-1
341|Q844196|2006 Giro d'Italia|What year was the Giro d'Italia?|bert|fp32|l2|10|False|-1|False|-1
342|Q844196|2006 Giro d'Italia|What year was the Giro d'Italia?|bert|fp32|l2|20|False|-1|False|-1
343|Q844196|2006 Giro d'Italia|What year was the Giro d'Italia?|bert|fp32|l2|25|False|-1|False|-1
344|Q844196|2006 Giro d'Italia|What year was the Giro d'Italia?|bert|fp32|l2|50|False|-1|False|-1
345|Q844196|2006 Giro d'Italia|What year was the Giro d'Italia?|bert|fp32|cosine|5|False|-1|False|-1
346|Q844196|2006 Giro d'Italia|What year was the Giro d'Italia?|bert|fp32|cosine|10|False|-1|False|-1
347|Q844196|2006 Giro d'Italia|What year was the Giro d'Italia?|bert|fp32|cosine|20|False|-1|False|-1
348|Q844196|2006 Giro d'Italia|What year was the Giro d'Italia?|bert|fp32|cosine|25|False|-1|False|-1
349|Q844196|2006 Giro d'Italia|What year was the Giro d'Italia?|bert|fp32|cosine|50|False|-1|False|-1
350|Q844196|2006 Giro d'Italia|What year was the Giro d'Italia?|bert|fp32|dot|5|False|-1|False|-1
351|Q844196|2006 Giro d'Italia|What year was the Giro d'Italia?|bert|fp32|dot|10|False|-1|False|-1
352|Q844196|2006 Giro d'Italia|What year was the Giro d'Italia?|bert|fp32|dot|20|False|-1|False|-1
353|Q844196|2006 Giro d'Italia|What year was the Giro d'Italia?|bert|fp32|dot|25|False|-1|False|-1
354|Q844196|2006 Giro d'Italia|What year was the Giro d'Italia?|bert|fp32|dot|50|False|-1|False|-1
355|Q844196|2006 Giro d'Italia|What year was the Giro d'Italia?|bert|binary|hamming|5|False|-1|False|-1
356|Q844196|2006 Giro d'Italia|What year was the Giro d'Italia?|bert|binary|hamming|10|False|-1|False|-1
357|Q844196|2006 Giro d'Italia|What year was the Giro d'Italia?|bert|binary|hamming|20|False|-1|False|-1
358|Q844196|2006 Giro d'Italia|What year was the Giro d'Italia?|bert|binary|hamming|25|False|-1|False|-1
359|Q844196|2006 Giro d'Italia|What year was the Giro d'Italia?|bert|binary|hamming|50|False|-1|False|-1
360|Q844196|2006 Giro d'Italia|What year was the Giro d'Italia?|bert-large|fp32|l2|5|False|-1|False|-1
361|Q844196|2006 Giro d'Italia|What year was the Giro d'Italia?|bert-large|fp32|l2|10|False|-1|False|-1
362|Q844196|2006 Giro d'Italia|What year was the Giro d'Italia?|bert-large|fp32|l2|20|False|-1|False|-1
363|Q844196|2006 Giro d'Italia|What year was the Giro d'Italia?|bert-large|fp32|l2|25|False|-1|False|-1
364|Q844196|2006 Giro d'Italia|What year was the Giro d'Italia?|bert-large|fp32|l2|50|False|-1|False|-1
365|Q844196|2006 Giro d'Italia|What year was the Giro d'Italia?|bert-large|fp32|cosine|5|False|-1|False|-1
366|Q844196|2006 Giro d'Italia|What year was the Giro d'Italia?|bert-large|fp32|cosine|10|False|-1|False|-1
367|Q844196|2006 Giro d'Italia|What year was the Giro d'Italia?|bert-large|fp32|cosine|20|False|-1|False|-1
368|Q844196|2006 Giro d'Italia|What year was the Giro d'Italia?|bert-large|fp32|cosine|25|False|-1|False|-1
369|Q844196|2006 Giro d'Italia|What year was the Giro d'Italia?|bert-large|fp32|cosine|50|False|-1|False|-1
370|Q844196|2006 Giro d'Italia|What year was the Giro d'Italia?|bert-large|fp32|dot|5|False|-1|False|-1
371|Q844196|2006 Giro d'Italia|What year was the Giro d'Italia?|bert-large|fp32|dot|10|False|-1|False|-1
372|Q844196|2006 Giro d'Italia|What year was the Giro d'Italia?|bert-large|fp32|dot|20|False|-1|False|-1
373|Q844196|2006 Giro d'Italia|What year was the Giro d'Italia?|bert-large|fp32|dot|25|False|-1|False|-1
374|Q844196|2006 Giro d'Italia|What year was the Giro d'Italia?|bert-large|fp32|dot|50|False|-1|False|-1
375|Q844196|2006 Giro d'Italia|What year was the Giro d'Italia?|bert-large|binary|hamming|5|False|-1|False|-1
376|Q844196|2006 Giro d'Italia|What year was the Giro d'Italia?|bert-large|binary|hamming|10|False|-1|False|-1
377|Q844196|2006 Giro d'Italia|What year was the Giro d'Italia?|bert-large|binary|hamming|20|False|-1|False|-1
378|Q844196|2006 Giro d'Italia|What year was the Giro d'Italia?|bert-large|binary|hamming|25|False|-1|False|-1
379|Q844196|2006 Giro d'Italia|What year was the Giro d'Italia?|bert-large|binary|hamming|50|False|-1|False|-1
380|Q844196|2006 Giro d'Italia|What year was the Giro d'Italia?|distilbert|fp32|l2|5|True|0|False|-1
381|Q844196|2006 Giro d'Italia|What year was the Giro d'Italia?|distilbert|fp32|l2|10|True|0|False|-1
382|Q844196|2006 Giro d'Italia|What year was the Giro d'Italia?|distilbert|fp32|l2|20|True|0|False|-1
383|Q844196|2006 Giro d'Italia|What year was the Giro d'Italia?|distilbert|fp32|l2|25|True|0|False|-1
384|Q844196|2006 Giro d'Italia|What year was the Giro d'Italia?|distilbert|fp32|l2|50|True|0|False|-1
385|Q844196|2006 Giro d'Italia|What year was the Giro d'Italia?|distilbert|fp32|cosine|5|True|0|False|-1
386|Q844196|2006 Giro d'Italia|What year was the Giro d'Italia?|distilbert|fp32|cosine|10|True|0|False|-1
387|Q844196|2006 Giro d'Italia|What year was the Giro d'Italia?|distilbert|fp32|cosine|20|True|0|False|-1
388|Q844196|2006 Giro d'Italia|What year was the Giro d'Italia?|distilbert|fp32|cosine|25|True|0|False|-1
389|Q844196|2006 Giro d'Italia|What year was the Giro d'Italia?|distilbert|fp32|cosine|50|True|0|False|-1
390|Q844196|2006 Giro d'Italia|What year was the Giro d'Italia?|distilbert|fp32|dot|5|False|-1|False|-1
391|Q844196|2006 Giro d'Italia|What year was the Giro d'Italia?|distilbert|fp32|dot|10|False|-1|False|-1
392|Q844196|2006 Giro d'Italia|What year was the Giro d'Italia?|distilbert|fp32|dot|20|True|13|True|13
393|Q844196|2006 Giro d'Italia|What year was the Giro d'Italia?|distilbert|fp32|dot|25|True|13|True|13
394|Q844196|2006 Giro d'Italia|What year was the Giro d'Italia?|distilbert|fp32|dot|50|True|13|True|13
395|Q844196|2006 Giro d'Italia|What year was the Giro d'Italia?|distilbert|binary|hamming|5|False|-1|False|-1
396|Q844196|2006 Giro d'Italia|What year was the Giro d'Italia?|distilbert|binary|hamming|10|True|7|False|-1
397|Q844196|2006 Giro d'Italia|What year was the Giro d'Italia?|distilbert|binary|hamming|20|True|7|False|-1
398|Q844196|2006 Giro d'Italia|What year was the Giro d'Italia?|distilbert|binary|hamming|25|True|7|False|-1
399|Q844196|2006 Giro d'Italia|What year was the Giro d'Italia?|distilbert|binary|hamming|50|True|7|False|-1
400|Q844196|2006 Giro d'Italia|What year was the Giro d'Italia?|mobilebert|fp32|l2|5|False|-1|False|-1
401|Q844196|2006 Giro d'Italia|What year was the Giro d'Italia?|mobilebert|fp32|l2|10|False|-1|False|-1
402|Q844196|2006 Giro d'Italia|What year was the Giro d'Italia?|mobilebert|fp32|l2|20|False|-1|False|-1
403|Q844196|2006 Giro d'Italia|What year was the Giro d'Italia?|mobilebert|fp32|l2|25|False|-1|False|-1
404|Q844196|2006 Giro d'Italia|What year was the Giro d'Italia?|mobilebert|fp32|l2|50|False|-1|False|-1
405|Q844196|2006 Giro d'Italia|What year was the Giro d'Italia?|mobilebert|fp32|cosine|5|False|-1|False|-1
406|Q844196|2006 Giro d'Italia|What year was the Giro d'Italia?|mobilebert|fp32|cosine|10|False|-1|False|-1
407|Q844196|2006 Giro d'Italia|What year was the Giro d'Italia?|mobilebert|fp32|cosine|20|False|-1|False|-1
408|Q844196|2006 Giro d'Italia|What year was the Giro d'Italia?|mobilebert|fp32|cosine|25|False|-1|False|-1
409|Q844196|2006 Giro d'Italia|What year was the Giro d'Italia?|mobilebert|fp32|cosine|50|False|-1|False|-1
410|Q844196|2006 Giro d'Italia|What year was the Giro d'Italia?|mobilebert|fp32|dot|5|False|-1|False|-1
411|Q844196|2006 Giro d'Italia|What year was the Giro d'Italia?|mobilebert|fp32|dot|10|False|-1|False|-1
412|Q844196|2006 Giro d'Italia|What year was the Giro d'Italia?|mobilebert|fp32|dot|20|False|-1|False|-1
413|Q844196|2006 Giro d'Italia|What year was the Giro d'Italia?|mobilebert|fp32|dot|25|False|-1|False|-1
414|Q844196|2006 Giro d'Italia|What year was the Giro d'Italia?|mobilebert|fp32|dot|50|False|-1|False|-1
415|Q844196|2006 Giro d'Italia|What year was the Giro d'Italia?|mobilebert|binary|hamming|5|False|-1|False|-1
416|Q844196|2006 Giro d'Italia|What year was the Giro d'Italia?|mobilebert|binary|hamming|10|False|-1|False|-1
417|Q844196|2006 Giro d'Italia|What year was the Giro d'Italia?|mobilebert|binary|hamming|20|False|-1|False|-1
418|Q844196|2006 Giro d'Italia|What year was the Giro d'Italia?|mobilebert|binary|hamming|25|False|-1|False|-1
419|Q844196|2006 Giro d'Italia|What year was the Giro d'Italia?|mobilebert|binary|hamming|50|False|-1|False|-1
420|Q844196|2006 Giro d'Italia|What year was the Giro d'Italia?|st-all-distilroberta-large-v1|fp32|l2|5|False|-1|False|-1
421|Q844196|2006 Giro d'Italia|What year was the Giro d'Italia?|st-all-distilroberta-large-v1|fp32|l2|10|False|-1|False|-1
422|Q844196|2006 Giro d'Italia|What year was the Giro d'Italia?|st-all-distilroberta-large-v1|fp32|l2|20|False|-1|False|-1
423|Q844196|2006 Giro d'Italia|What year was the Giro d'Italia?|st-all-distilroberta-large-v1|fp32|l2|25|False|-1|False|-1
424|Q844196|2006 Giro d'Italia|What year was the Giro d'Italia?|st-all-distilroberta-large-v1|fp32|l2|50|False|-1|False|-1
425|Q844196|2006 Giro d'Italia|What year was the Giro d'Italia?|st-all-distilroberta-large-v1|fp32|cosine|5|True|1|True|1
426|Q844196|2006 Giro d'Italia|What year was the Giro d'Italia?|st-all-distilroberta-large-v1|fp32|cosine|10|True|1|True|1
427|Q844196|2006 Giro d'Italia|What year was the Giro d'Italia?|st-all-distilroberta-large-v1|fp32|cosine|20|True|1|True|1
428|Q844196|2006 Giro d'Italia|What year was the Giro d'Italia?|st-all-distilroberta-large-v1|fp32|cosine|25|True|1|True|1
429|Q844196|2006 Giro d'Italia|What year was the Giro d'Italia?|st-all-distilroberta-large-v1|fp32|cosine|50|True|1|True|1
430|Q844196|2006 Giro d'Italia|What year was the Giro d'Italia?|st-all-distilroberta-large-v1|fp32|dot|5|False|-1|False|-1
431|Q844196|2006 Giro d'Italia|What year was the Giro d'Italia?|st-all-distilroberta-large-v1|fp32|dot|10|False|-1|False|-1
432|Q844196|2006 Giro d'Italia|What year was the Giro d'Italia?|st-all-distilroberta-large-v1|fp32|dot|20|False|-1|False|-1
433|Q844196|2006 Giro d'Italia|What year was the Giro d'Italia?|st-all-distilroberta-large-v1|fp32|dot|25|False|-1|False|-1
434|Q844196|2006 Giro d'Italia|What year was the Giro d'Italia?|st-all-distilroberta-large-v1|fp32|dot|50|False|-1|False|-1
435|Q844196|2006 Giro d'Italia|What year was the Giro d'Italia?|st-all-distilroberta-large-v1|binary|hamming|5|True|1|True|1
436|Q844196|2006 Giro d'Italia|What year was the Giro d'Italia?|st-all-distilroberta-large-v1|binary|hamming|10|True|1|True|1
437|Q844196|2006 Giro d'Italia|What year was the Giro d'Italia?|st-all-distilroberta-large-v1|binary|hamming|20|True|1|True|1
438|Q844196|2006 Giro d'Italia|What year was the Giro d'Italia?|st-all-distilroberta-large-v1|binary|hamming|25|True|1|True|1
439|Q844196|2006 Giro d'Italia|What year was the Giro d'Italia?|st-all-distilroberta-large-v1|binary|hamming|50|True|1|True|1
440|Q844196|2006 Giro d'Italia|What year was the Giro d'Italia?|st-all-roberta-large-v1|fp32|l2|5|True|0|True|0
441|Q844196|2006 Giro d'Italia|What year was the Giro d'Italia?|st-all-roberta-large-v1|fp32|l2|10|True|0|True|0
442|Q844196|2006 Giro d'Italia|What year was the Giro d'Italia?|st-all-roberta-large-v1|fp32|l2|20|True|0|True|0
443|Q844196|2006 Giro d'Italia|What year was the Giro d'Italia?|st-all-roberta-large-v1|fp32|l2|25|True|0|True|0
444|Q844196|2006 Giro d'Italia|What year was the Giro d'Italia?|st-all-roberta-large-v1|fp32|l2|50|True|0|True|0
445|Q844196|2006 Giro d'Italia|What year was the Giro d'Italia?|st-all-roberta-large-v1|fp32|cosine|5|True|0|True|0
446|Q844196|2006 Giro d'Italia|What year was the Giro d'Italia?|st-all-roberta-large-v1|fp32|cosine|10|True|0|True|0
447|Q844196|2006 Giro d'Italia|What year was the Giro d'Italia?|st-all-roberta-large-v1|fp32|cosine|20|True|0|True|0
448|Q844196|2006 Giro d'Italia|What year was the Giro d'Italia?|st-all-roberta-large-v1|fp32|cosine|25|True|0|True|0
449|Q844196|2006 Giro d'Italia|What year was the Giro d'Italia?|st-all-roberta-large-v1|fp32|cosine|50|True|0|True|0
450|Q844196|2006 Giro d'Italia|What year was the Giro d'Italia?|st-all-roberta-large-v1|fp32|dot|5|True|0|True|0
451|Q844196|2006 Giro d'Italia|What year was the Giro d'Italia?|st-all-roberta-large-v1|fp32|dot|10|True|0|True|0
452|Q844196|2006 Giro d'Italia|What year was the Giro d'Italia?|st-all-roberta-large-v1|fp32|dot|20|True|0|True|0
453|Q844196|2006 Giro d'Italia|What year was the Giro d'Italia?|st-all-roberta-large-v1|fp32|dot|25|True|0|True|0
454|Q844196|2006 Giro d'Italia|What year was the Giro d'Italia?|st-all-roberta-large-v1|fp32|dot|50|True|0|True|0
455|Q844196|2006 Giro d'Italia|What year was the Giro d'Italia?|st-all-roberta-large-v1|binary|hamming|5|True|2|True|2
456|Q844196|2006 Giro d'Italia|What year was the Giro d'Italia?|st-all-roberta-large-v1|binary|hamming|10|True|2|True|2
457|Q844196|2006 Giro d'Italia|What year was the Giro d'Italia?|st-all-roberta-large-v1|binary|hamming|20|True|2|True|2
458|Q844196|2006 Giro d'Italia|What year was the Giro d'Italia?|st-all-roberta-large-v1|binary|hamming|25|True|2|True|2
459|Q844196|2006 Giro d'Italia|What year was the Giro d'Italia?|st-all-roberta-large-v1|binary|hamming|50|True|2|True|2
460|Q844196|2006 Giro d'Italia|What year was the Giro d'Italia?|st-minilm-l12-v1|fp32|l2|5|False|-1|False|-1
461|Q844196|2006 Giro d'Italia|What year was the Giro d'Italia?|st-minilm-l12-v1|fp32|l2|10|False|-1|False|-1
462|Q844196|2006 Giro d'Italia|What year was the Giro d'Italia?|st-minilm-l12-v1|fp32|l2|20|True|12|True|12
463|Q844196|2006 Giro d'Italia|What year was the Giro d'Italia?|st-minilm-l12-v1|fp32|l2|25|True|12|True|12
464|Q844196|2006 Giro d'Italia|What year was the Giro d'Italia?|st-minilm-l12-v1|fp32|l2|50|True|12|True|12
465|Q844196|2006 Giro d'Italia|What year was the Giro d'Italia?|st-minilm-l12-v1|fp32|cosine|5|True|0|True|0
466|Q844196|2006 Giro d'Italia|What year was the Giro d'Italia?|st-minilm-l12-v1|fp32|cosine|10|True|0|True|0
467|Q844196|2006 Giro d'Italia|What year was the Giro d'Italia?|st-minilm-l12-v1|fp32|cosine|20|True|0|True|0
468|Q844196|2006 Giro d'Italia|What year was the Giro d'Italia?|st-minilm-l12-v1|fp32|cosine|25|True|0|True|0
469|Q844196|2006 Giro d'Italia|What year was the Giro d'Italia?|st-minilm-l12-v1|fp32|cosine|50|True|0|True|0
470|Q844196|2006 Giro d'Italia|What year was the Giro d'Italia?|st-minilm-l12-v1|fp32|dot|5|True|0|True|0
471|Q844196|2006 Giro d'Italia|What year was the Giro d'Italia?|st-minilm-l12-v1|fp32|dot|10|True|0|True|0
472|Q844196|2006 Giro d'Italia|What year was the Giro d'Italia?|st-minilm-l12-v1|fp32|dot|20|True|0|True|0
473|Q844196|2006 Giro d'Italia|What year was the Giro d'Italia?|st-minilm-l12-v1|fp32|dot|25|True|0|True|0
474|Q844196|2006 Giro d'Italia|What year was the Giro d'Italia?|st-minilm-l12-v1|fp32|dot|50|True|0|True|0
475|Q844196|2006 Giro d'Italia|What year was the Giro d'Italia?|st-minilm-l12-v1|binary|hamming|5|True|0|True|0
476|Q844196|2006 Giro d'Italia|What year was the Giro d'Italia?|st-minilm-l12-v1|binary|hamming|10|True|0|True|0
477|Q844196|2006 Giro d'Italia|What year was the Giro d'Italia?|st-minilm-l12-v1|binary|hamming|20|True|0|True|0
478|Q844196|2006 Giro d'Italia|What year was the Giro d'Italia?|st-minilm-l12-v1|binary|hamming|25|True|0|True|0
479|Q844196|2006 Giro d'Italia|What year was the Giro d'Italia?|st-minilm-l12-v1|binary|hamming|50|True|0|True|0
480|Q844196|2006 Giro d'Italia|What year was the Giro d'Italia?|st-minilm-l12-v2|fp32|l2|5|True|0|True|0
481|Q844196|2006 Giro d'Italia|What year was the Giro d'Italia?|st-minilm-l12-v2|fp32|l2|10|True|0|True|0
482|Q844196|2006 Giro d'Italia|What year was the Giro d'Italia?|st-minilm-l12-v2|fp32|l2|20|True|0|True|0
483|Q844196|2006 Giro d'Italia|What year was the Giro d'Italia?|st-minilm-l12-v2|fp32|l2|25|True|0|True|0
484|Q844196|2006 Giro d'Italia|What year was the Giro d'Italia?|st-minilm-l12-v2|fp32|l2|50|True|0|True|0
485|Q844196|2006 Giro d'Italia|What year was the Giro d'Italia?|st-minilm-l12-v2|fp32|cosine|5|True|0|True|0
486|Q844196|2006 Giro d'Italia|What year was the Giro d'Italia?|st-minilm-l12-v2|fp32|cosine|10|True|0|True|0
487|Q844196|2006 Giro d'Italia|What year was the Giro d'Italia?|st-minilm-l12-v2|fp32|cosine|20|True|0|True|0
488|Q844196|2006 Giro d'Italia|What year was the Giro d'Italia?|st-minilm-l12-v2|fp32|cosine|25|True|0|True|0
489|Q844196|2006 Giro d'Italia|What year was the Giro d'Italia?|st-minilm-l12-v2|fp32|cosine|50|True|0|True|0
490|Q844196|2006 Giro d'Italia|What year was the Giro d'Italia?|st-minilm-l12-v2|fp32|dot|5|True|0|True|0
491|Q844196|2006 Giro d'Italia|What year was the Giro d'Italia?|st-minilm-l12-v2|fp32|dot|10|True|0|True|0
492|Q844196|2006 Giro d'Italia|What year was the Giro d'Italia?|st-minilm-l12-v2|fp32|dot|20|True|0|True|0
493|Q844196|2006 Giro d'Italia|What year was the Giro d'Italia?|st-minilm-l12-v2|fp32|dot|25|True|0|True|0
494|Q844196|2006 Giro d'Italia|What year was the Giro d'Italia?|st-minilm-l12-v2|fp32|dot|50|True|0|True|0
495|Q844196|2006 Giro d'Italia|What year was the Giro d'Italia?|st-minilm-l12-v2|binary|hamming|5|True|0|True|0
496|Q844196|2006 Giro d'Italia|What year was the Giro d'Italia?|st-minilm-l12-v2|binary|hamming|10|True|0|True|0
497|Q844196|2006 Giro d'Italia|What year was the Giro d'Italia?|st-minilm-l12-v2|binary|hamming|20|True|0|True|0
498|Q844196|2006 Giro d'Italia|What year was the Giro d'Italia?|st-minilm-l12-v2|binary|hamming|25|True|0|True|0
499|Q844196|2006 Giro d'Italia|What year was the Giro d'Italia?|st-minilm-l12-v2|binary|hamming|50|True|0|True|0
500|Q844196|2006 Giro d'Italia|What year was the Giro d'Italia?|st-minilm-l6-v1|fp32|l2|5|True|0|True|0
501|Q844196|2006 Giro d'Italia|What year was the Giro d'Italia?|st-minilm-l6-v1|fp32|l2|10|True|0|True|0
502|Q844196|2006 Giro d'Italia|What year was the Giro d'Italia?|st-minilm-l6-v1|fp32|l2|20|True|0|True|0
503|Q844196|2006 Giro d'Italia|What year was the Giro d'Italia?|st-minilm-l6-v1|fp32|l2|25|True|0|True|0
504|Q844196|2006 Giro d'Italia|What year was the Giro d'Italia?|st-minilm-l6-v1|fp32|l2|50|True|0|True|0
505|Q844196|2006 Giro d'Italia|What year was the Giro d'Italia?|st-minilm-l6-v1|fp32|cosine|5|True|0|True|0
506|Q844196|2006 Giro d'Italia|What year was the Giro d'Italia?|st-minilm-l6-v1|fp32|cosine|10|True|0|True|0
507|Q844196|2006 Giro d'Italia|What year was the Giro d'Italia?|st-minilm-l6-v1|fp32|cosine|20|True|0|True|0
508|Q844196|2006 Giro d'Italia|What year was the Giro d'Italia?|st-minilm-l6-v1|fp32|cosine|25|True|0|True|0
509|Q844196|2006 Giro d'Italia|What year was the Giro d'Italia?|st-minilm-l6-v1|fp32|cosine|50|True|0|True|0
510|Q844196|2006 Giro d'Italia|What year was the Giro d'Italia?|st-minilm-l6-v1|fp32|dot|5|True|0|True|0
511|Q844196|2006 Giro d'Italia|What year was the Giro d'Italia?|st-minilm-l6-v1|fp32|dot|10|True|0|True|0
512|Q844196|2006 Giro d'Italia|What year was the Giro d'Italia?|st-minilm-l6-v1|fp32|dot|20|True|0|True|0
513|Q844196|2006 Giro d'Italia|What year was the Giro d'Italia?|st-minilm-l6-v1|fp32|dot|25|True|0|True|0
514|Q844196|2006 Giro d'Italia|What year was the Giro d'Italia?|st-minilm-l6-v1|fp32|dot|50|True|0|True|0
515|Q844196|2006 Giro d'Italia|What year was the Giro d'Italia?|st-minilm-l6-v1|binary|hamming|5|True|0|True|0
516|Q844196|2006 Giro d'Italia|What year was the Giro d'Italia?|st-minilm-l6-v1|binary|hamming|10|True|0|True|0
517|Q844196|2006 Giro d'Italia|What year was the Giro d'Italia?|st-minilm-l6-v1|binary|hamming|20|True|0|True|0
518|Q844196|2006 Giro d'Italia|What year was the Giro d'Italia?|st-minilm-l6-v1|binary|hamming|25|True|0|True|0
519|Q844196|2006 Giro d'Italia|What year was the Giro d'Italia?|st-minilm-l6-v1|binary|hamming|50|True|0|True|0
520|Q844196|2006 Giro d'Italia|What year was the Giro d'Italia?|st-minilm-l6-v2|fp32|l2|5|True|0|True|0
521|Q844196|2006 Giro d'Italia|What year was the Giro d'Italia?|st-minilm-l6-v2|fp32|l2|10|True|0|True|0
522|Q844196|2006 Giro d'Italia|What year was the Giro d'Italia?|st-minilm-l6-v2|fp32|l2|20|True|0|True|0
523|Q844196|2006 Giro d'Italia|What year was the Giro d'Italia?|st-minilm-l6-v2|fp32|l2|25|True|0|True|0
524|Q844196|2006 Giro d'Italia|What year was the Giro d'Italia?|st-minilm-l6-v2|fp32|l2|50|True|0|True|0
525|Q844196|2006 Giro d'Italia|What year was the Giro d'Italia?|st-minilm-l6-v2|fp32|cosine|5|True|0|True|0
526|Q844196|2006 Giro d'Italia|What year was the Giro d'Italia?|st-minilm-l6-v2|fp32|cosine|10|True|0|True|0
527|Q844196|2006 Giro d'Italia|What year was the Giro d'Italia?|st-minilm-l6-v2|fp32|cosine|20|True|0|True|0
528|Q844196|2006 Giro d'Italia|What year was the Giro d'Italia?|st-minilm-l6-v2|fp32|cosine|25|True|0|True|0
529|Q844196|2006 Giro d'Italia|What year was the Giro d'Italia?|st-minilm-l6-v2|fp32|cosine|50|True|0|True|0
530|Q844196|2006 Giro d'Italia|What year was the Giro d'Italia?|st-minilm-l6-v2|fp32|dot|5|True|0|True|0
531|Q844196|2006 Giro d'Italia|What year was the Giro d'Italia?|st-minilm-l6-v2|fp32|dot|10|True|0|True|0
532|Q844196|2006 Giro d'Italia|What year was the Giro d'Italia?|st-minilm-l6-v2|fp32|dot|20|True|0|True|0
533|Q844196|2006 Giro d'Italia|What year was the Giro d'Italia?|st-minilm-l6-v2|fp32|dot|25|True|0|True|0
534|Q844196|2006 Giro d'Italia|What year was the Giro d'Italia?|st-minilm-l6-v2|fp32|dot|50|True|0|True|0
535|Q844196|2006 Giro d'Italia|What year was the Giro d'Italia?|st-minilm-l6-v2|binary|hamming|5|True|0|True|0
536|Q844196|2006 Giro d'Italia|What year was the Giro d'Italia?|st-minilm-l6-v2|binary|hamming|10|True|0|True|0
537|Q844196|2006 Giro d'Italia|What year was the Giro d'Italia?|st-minilm-l6-v2|binary|hamming|20|True|0|True|0
538|Q844196|2006 Giro d'Italia|What year was the Giro d'Italia?|st-minilm-l6-v2|binary|hamming|25|True|0|True|0
539|Q844196|2006 Giro d'Italia|What year was the Giro d'Italia?|st-minilm-l6-v2|binary|hamming|50|True|0|True|0
540|Q844196|2006 Giro d'Italia|What year was the Giro d'Italia?|st-multi-qa-minilm-l6-cos-v1|fp32|l2|5|True|0|True|0
541|Q844196|2006 Giro d'Italia|What year was the Giro d'Italia?|st-multi-qa-minilm-l6-cos-v1|fp32|l2|10|True|0|True|0
542|Q844196|2006 Giro d'Italia|What year was the Giro d'Italia?|st-multi-qa-minilm-l6-cos-v1|fp32|l2|20|True|0|True|0
543|Q844196|2006 Giro d'Italia|What year was the Giro d'Italia?|st-multi-qa-minilm-l6-cos-v1|fp32|l2|25|True|0|True|0
544|Q844196|2006 Giro d'Italia|What year was the Giro d'Italia?|st-multi-qa-minilm-l6-cos-v1|fp32|l2|50|True|0|True|0
545|Q844196|2006 Giro d'Italia|What year was the Giro d'Italia?|st-multi-qa-minilm-l6-cos-v1|fp32|cosine|5|True|0|True|0
546|Q844196|2006 Giro d'Italia|What year was the Giro d'Italia?|st-multi-qa-minilm-l6-cos-v1|fp32|cosine|10|True|0|True|0
547|Q844196|2006 Giro d'Italia|What year was the Giro d'Italia?|st-multi-qa-minilm-l6-cos-v1|fp32|cosine|20|True|0|True|0
548|Q844196|2006 Giro d'Italia|What year was the Giro d'Italia?|st-multi-qa-minilm-l6-cos-v1|fp32|cosine|25|True|0|True|0
549|Q844196|2006 Giro d'Italia|What year was the Giro d'Italia?|st-multi-qa-minilm-l6-cos-v1|fp32|cosine|50|True|0|True|0
550|Q844196|2006 Giro d'Italia|What year was the Giro d'Italia?|st-multi-qa-minilm-l6-cos-v1|fp32|dot|5|True|0|True|0
551|Q844196|2006 Giro d'Italia|What year was the Giro d'Italia?|st-multi-qa-minilm-l6-cos-v1|fp32|dot|10|True|0|True|0
552|Q844196|2006 Giro d'Italia|What year was the Giro d'Italia?|st-multi-qa-minilm-l6-cos-v1|fp32|dot|20|True|0|True|0
553|Q844196|2006 Giro d'Italia|What year was the Giro d'Italia?|st-multi-qa-minilm-l6-cos-v1|fp32|dot|25|True|0|True|0
554|Q844196|2006 Giro d'Italia|What year was the Giro d'Italia?|st-multi-qa-minilm-l6-cos-v1|fp32|dot|50|True|0|True|0
555|Q844196|2006 Giro d'Italia|What year was the Giro d'Italia?|st-multi-qa-minilm-l6-cos-v1|binary|hamming|5|True|0|True|0
556|Q844196|2006 Giro d'Italia|What year was the Giro d'Italia?|st-multi-qa-minilm-l6-cos-v1|binary|hamming|10|True|0|True|0
557|Q844196|2006 Giro d'Italia|What year was the Giro d'Italia?|st-multi-qa-minilm-l6-cos-v1|binary|hamming|20|True|0|True|0
558|Q844196|2006 Giro d'Italia|What year was the Giro d'Italia?|st-multi-qa-minilm-l6-cos-v1|binary|hamming|25|True|0|True|0
559|Q844196|2006 Giro d'Italia|What year was the Giro d'Italia?|st-multi-qa-minilm-l6-cos-v1|binary|hamming|50|True|0|True|0
560|Q844196|2006 Giro d'Italia|What year was the Giro d'Italia?|st-multi-qa-minilm-l6-dot-v1|fp32|l2|5|True|0|True|0
561|Q844196|2006 Giro d'Italia|What year was the Giro d'Italia?|st-multi-qa-minilm-l6-dot-v1|fp32|l2|10|True|0|True|0
562|Q844196|2006 Giro d'Italia|What year was the Giro d'Italia?|st-multi-qa-minilm-l6-dot-v1|fp32|l2|20|True|0|True|0
563|Q844196|2006 Giro d'Italia|What year was the Giro d'Italia?|st-multi-qa-minilm-l6-dot-v1|fp32|l2|25|True|0|True|0
564|Q844196|2006 Giro d'Italia|What year was the Giro d'Italia?|st-multi-qa-minilm-l6-dot-v1|fp32|l2|50|True|0|True|0
565|Q844196|2006 Giro d'Italia|What year was the Giro d'Italia?|st-multi-qa-minilm-l6-dot-v1|fp32|cosine|5|True|0|True|0
566|Q844196|2006 Giro d'Italia|What year was the Giro d'Italia?|st-multi-qa-minilm-l6-dot-v1|fp32|cosine|10|True|0|True|0
567|Q844196|2006 Giro d'Italia|What year was the Giro d'Italia?|st-multi-qa-minilm-l6-dot-v1|fp32|cosine|20|True|0|True|0
568|Q844196|2006 Giro d'Italia|What year was the Giro d'Italia?|st-multi-qa-minilm-l6-dot-v1|fp32|cosine|25|True|0|True|0
569|Q844196|2006 Giro d'Italia|What year was the Giro d'Italia?|st-multi-qa-minilm-l6-dot-v1|fp32|cosine|50|True|0|True|0
570|Q844196|2006 Giro d'Italia|What year was the Giro d'Italia?|st-multi-qa-minilm-l6-dot-v1|fp32|dot|5|True|0|True|0
571|Q844196|2006 Giro d'Italia|What year was the Giro d'Italia?|st-multi-qa-minilm-l6-dot-v1|fp32|dot|10|True|0|True|0
572|Q844196|2006 Giro d'Italia|What year was the Giro d'Italia?|st-multi-qa-minilm-l6-dot-v1|fp32|dot|20|True|0|True|0
573|Q844196|2006 Giro d'Italia|What year was the Giro d'Italia?|st-multi-qa-minilm-l6-dot-v1|fp32|dot|25|True|0|True|0
574|Q844196|2006 Giro d'Italia|What year was the Giro d'Italia?|st-multi-qa-minilm-l6-dot-v1|fp32|dot|50|True|0|True|0
575|Q844196|2006 Giro d'Italia|What year was the Giro d'Italia?|st-multi-qa-minilm-l6-dot-v1|binary|hamming|5|True|0|True|0
576|Q844196|2006 Giro d'Italia|What year was the Giro d'Italia?|st-multi-qa-minilm-l6-dot-v1|binary|hamming|10|True|0|True|0
577|Q844196|2006 Giro d'Italia|What year was the Giro d'Italia?|st-multi-qa-minilm-l6-dot-v1|binary|hamming|20|True|0|True|0
578|Q844196|2006 Giro d'Italia|What year was the Giro d'Italia?|st-multi-qa-minilm-l6-dot-v1|binary|hamming|25|True|0|True|0
579|Q844196|2006 Giro d'Italia|What year was the Giro d'Italia?|st-multi-qa-minilm-l6-dot-v1|binary|hamming|50|True|0|True|0
580|Q844196|2006 Giro d'Italia|What year was the Giro d'Italia?|st-paraphrase-minilm-l12-v2|fp32|l2|5|True|0|True|0
581|Q844196|2006 Giro d'Italia|What year was the Giro d'Italia?|st-paraphrase-minilm-l12-v2|fp32|l2|10|True|0|True|0
582|Q844196|2006 Giro d'Italia|What year was the Giro d'Italia?|st-paraphrase-minilm-l12-v2|fp32|l2|20|True|0|True|0
583|Q844196|2006 Giro d'Italia|What year was the Giro d'Italia?|st-paraphrase-minilm-l12-v2|fp32|l2|25|True|0|True|0
584|Q844196|2006 Giro d'Italia|What year was the Giro d'Italia?|st-paraphrase-minilm-l12-v2|fp32|l2|50|True|0|True|0
585|Q844196|2006 Giro d'Italia|What year was the Giro d'Italia?|st-paraphrase-minilm-l12-v2|fp32|cosine|5|True|0|True|0
586|Q844196|2006 Giro d'Italia|What year was the Giro d'Italia?|st-paraphrase-minilm-l12-v2|fp32|cosine|10|True|0|True|0
587|Q844196|2006 Giro d'Italia|What year was the Giro d'Italia?|st-paraphrase-minilm-l12-v2|fp32|cosine|20|True|0|True|0
588|Q844196|2006 Giro d'Italia|What year was the Giro d'Italia?|st-paraphrase-minilm-l12-v2|fp32|cosine|25|True|0|True|0
589|Q844196|2006 Giro d'Italia|What year was the Giro d'Italia?|st-paraphrase-minilm-l12-v2|fp32|cosine|50|True|0|True|0
590|Q844196|2006 Giro d'Italia|What year was the Giro d'Italia?|st-paraphrase-minilm-l12-v2|fp32|dot|5|True|0|True|0
591|Q844196|2006 Giro d'Italia|What year was the Giro d'Italia?|st-paraphrase-minilm-l12-v2|fp32|dot|10|True|0|True|0
592|Q844196|2006 Giro d'Italia|What year was the Giro d'Italia?|st-paraphrase-minilm-l12-v2|fp32|dot|20|True|0|True|0
593|Q844196|2006 Giro d'Italia|What year was the Giro d'Italia?|st-paraphrase-minilm-l12-v2|fp32|dot|25|True|0|True|0
594|Q844196|2006 Giro d'Italia|What year was the Giro d'Italia?|st-paraphrase-minilm-l12-v2|fp32|dot|50|True|0|True|0
595|Q844196|2006 Giro d'Italia|What year was the Giro d'Italia?|st-paraphrase-minilm-l12-v2|binary|hamming|5|True|0|True|0
596|Q844196|2006 Giro d'Italia|What year was the Giro d'Italia?|st-paraphrase-minilm-l12-v2|binary|hamming|10|True|0|True|0
597|Q844196|2006 Giro d'Italia|What year was the Giro d'Italia?|st-paraphrase-minilm-l12-v2|binary|hamming|20|True|0|True|0
598|Q844196|2006 Giro d'Italia|What year was the Giro d'Italia?|st-paraphrase-minilm-l12-v2|binary|hamming|25|True|0|True|0
599|Q844196|2006 Giro d'Italia|What year was the Giro d'Italia?|st-paraphrase-minilm-l12-v2|binary|hamming|50|True|0|True|0
600|Q844196|2006 Giro d'Italia|What year was the Giro d'Italia?|st-paraphrase-minilm-l3-v2|fp32|l2|5|True|0|True|0
601|Q844196|2006 Giro d'Italia|What year was the Giro d'Italia?|st-paraphrase-minilm-l3-v2|fp32|l2|10|True|0|True|0
602|Q844196|2006 Giro d'Italia|What year was the Giro d'Italia?|st-paraphrase-minilm-l3-v2|fp32|l2|20|True|0|True|0
603|Q844196|2006 Giro d'Italia|What year was the Giro d'Italia?|st-paraphrase-minilm-l3-v2|fp32|l2|25|True|0|True|0
604|Q844196|2006 Giro d'Italia|What year was the Giro d'Italia?|st-paraphrase-minilm-l3-v2|fp32|l2|50|True|0|True|0
605|Q844196|2006 Giro d'Italia|What year was the Giro d'Italia?|st-paraphrase-minilm-l3-v2|fp32|cosine|5|True|0|True|0
606|Q844196|2006 Giro d'Italia|What year was the Giro d'Italia?|st-paraphrase-minilm-l3-v2|fp32|cosine|10|True|0|True|0
607|Q844196|2006 Giro d'Italia|What year was the Giro d'Italia?|st-paraphrase-minilm-l3-v2|fp32|cosine|20|True|0|True|0
608|Q844196|2006 Giro d'Italia|What year was the Giro d'Italia?|st-paraphrase-minilm-l3-v2|fp32|cosine|25|True|0|True|0
609|Q844196|2006 Giro d'Italia|What year was the Giro d'Italia?|st-paraphrase-minilm-l3-v2|fp32|cosine|50|True|0|True|0
610|Q844196|2006 Giro d'Italia|What year was the Giro d'Italia?|st-paraphrase-minilm-l3-v2|fp32|dot|5|True|0|True|0
611|Q844196|2006 Giro d'Italia|What year was the Giro d'Italia?|st-paraphrase-minilm-l3-v2|fp32|dot|10|True|0|True|0
612|Q844196|2006 Giro d'Italia|What year was the Giro d'Italia?|st-paraphrase-minilm-l3-v2|fp32|dot|20|True|0|True|0
613|Q844196|2006 Giro d'Italia|What year was the Giro d'Italia?|st-paraphrase-minilm-l3-v2|fp32|dot|25|True|0|True|0
614|Q844196|2006 Giro d'Italia|What year was the Giro d'Italia?|st-paraphrase-minilm-l3-v2|fp32|dot|50|True|0|True|0
615|Q844196|2006 Giro d'Italia|What year was the Giro d'Italia?|st-paraphrase-minilm-l3-v2|binary|hamming|5|True|0|True|0
616|Q844196|2006 Giro d'Italia|What year was the Giro d'Italia?|st-paraphrase-minilm-l3-v2|binary|hamming|10|True|0|True|0
617|Q844196|2006 Giro d'Italia|What year was the Giro d'Italia?|st-paraphrase-minilm-l3-v2|binary|hamming|20|True|0|True|0
618|Q844196|2006 Giro d'Italia|What year was the Giro d'Italia?|st-paraphrase-minilm-l3-v2|binary|hamming|25|True|0|True|0
619|Q844196|2006 Giro d'Italia|What year was the Giro d'Italia?|st-paraphrase-minilm-l3-v2|binary|hamming|50|True|0|True|0
620|Q844196|2006 Giro d'Italia|What year was the Giro d'Italia?|st-paraphrase-minilm-l6-v2|fp32|l2|5|True|0|True|0
621|Q844196|2006 Giro d'Italia|What year was the Giro d'Italia?|st-paraphrase-minilm-l6-v2|fp32|l2|10|True|0|True|0
622|Q844196|2006 Giro d'Italia|What year was the Giro d'Italia?|st-paraphrase-minilm-l6-v2|fp32|l2|20|True|0|True|0
623|Q844196|2006 Giro d'Italia|What year was the Giro d'Italia?|st-paraphrase-minilm-l6-v2|fp32|l2|25|True|0|True|0
624|Q844196|2006 Giro d'Italia|What year was the Giro d'Italia?|st-paraphrase-minilm-l6-v2|fp32|l2|50|True|0|True|0
625|Q844196|2006 Giro d'Italia|What year was the Giro d'Italia?|st-paraphrase-minilm-l6-v2|fp32|cosine|5|True|0|True|0
626|Q844196|2006 Giro d'Italia|What year was the Giro d'Italia?|st-paraphrase-minilm-l6-v2|fp32|cosine|10|True|0|True|0
627|Q844196|2006 Giro d'Italia|What year was the Giro d'Italia?|st-paraphrase-minilm-l6-v2|fp32|cosine|20|True|0|True|0
628|Q844196|2006 Giro d'Italia|What year was the Giro d'Italia?|st-paraphrase-minilm-l6-v2|fp32|cosine|25|True|0|True|0
629|Q844196|2006 Giro d'Italia|What year was the Giro d'Italia?|st-paraphrase-minilm-l6-v2|fp32|cosine|50|True|0|True|0
630|Q844196|2006 Giro d'Italia|What year was the Giro d'Italia?|st-paraphrase-minilm-l6-v2|fp32|dot|5|True|0|True|0
631|Q844196|2006 Giro d'Italia|What year was the Giro d'Italia?|st-paraphrase-minilm-l6-v2|fp32|dot|10|True|0|True|0
632|Q844196|2006 Giro d'Italia|What year was the Giro d'Italia?|st-paraphrase-minilm-l6-v2|fp32|dot|20|True|0|True|0
633|Q844196|2006 Giro d'Italia|What year was the Giro d'Italia?|st-paraphrase-minilm-l6-v2|fp32|dot|25|True|0|True|0
634|Q844196|2006 Giro d'Italia|What year was the Giro d'Italia?|st-paraphrase-minilm-l6-v2|fp32|dot|50|True|0|True|0
635|Q844196|2006 Giro d'Italia|What year was the Giro d'Italia?|st-paraphrase-minilm-l6-v2|binary|hamming|5|True|0|True|0
636|Q844196|2006 Giro d'Italia|What year was the Giro d'Italia?|st-paraphrase-minilm-l6-v2|binary|hamming|10|True|0|True|0
637|Q844196|2006 Giro d'Italia|What year was the Giro d'Italia?|st-paraphrase-minilm-l6-v2|binary|hamming|20|True|0|True|0
638|Q844196|2006 Giro d'Italia|What year was the Giro d'Italia?|st-paraphrase-minilm-l6-v2|binary|hamming|25|True|0|True|0
639|Q844196|2006 Giro d'Italia|What year was the Giro d'Italia?|st-paraphrase-minilm-l6-v2|binary|hamming|50|True|0|True|0
640|Q2906424|BuOrd was disestablished by Congress by an act of August 18, 1959 (73 Stat. 395), and its functions were transferred to the newly established Bureau of Naval Weapons.  BuAir merged with BuOrd to form BuWeps.  BuWeps, in turn, was disestablished in 1966 when the Navy overhauled its materiel organization, and was replaced with the Naval Ordnance Systems Command (NAVORD) and the Naval Air Systems Command (NAVAIR). Other systems commands at the time included the Naval Ship Systems Command (NAVSHIPS) and the Naval Electronics Systems Command (NAVELEX).  Ship and submarine ordnance functions fell under the new Naval Ordnance Systems Command while air ordnance stayed with the Naval Air Systems Command.  In July 1974, the Naval Ordnance Systems Command and Naval Ship Systems Command merged to form the Naval Sea Systems Command (NAVSEA).  Traditional Naval Ordnance functions are now conducted at the Naval Surface Warfare Centers which fall under the command of Naval Sea Systems Command.|In what year was the Naval Ordnance Systems Command disestablished?|baai-bge|fp32|l2|5|True|0|True|0
641|Q2906424|BuOrd was disestablished by Congress by an act of August 18, 1959 (73 Stat. 395), and its functions were transferred to the newly established Bureau of Naval Weapons.  BuAir merged with BuOrd to form BuWeps.  BuWeps, in turn, was disestablished in 1966 when the Navy overhauled its materiel organization, and was replaced with the Naval Ordnance Systems Command (NAVORD) and the Naval Air Systems Command (NAVAIR). Other systems commands at the time included the Naval Ship Systems Command (NAVSHIPS) and the Naval Electronics Systems Command (NAVELEX).  Ship and submarine ordnance functions fell under the new Naval Ordnance Systems Command while air ordnance stayed with the Naval Air Systems Command.  In July 1974, the Naval Ordnance Systems Command and Naval Ship Systems Command merged to form the Naval Sea Systems Command (NAVSEA).  Traditional Naval Ordnance functions are now conducted at the Naval Surface Warfare Centers which fall under the command of Naval Sea Systems Command.|In what year was the Naval Ordnance Systems Command disestablished?|baai-bge|fp32|l2|10|True|0|True|0
642|Q2906424|BuOrd was disestablished by Congress by an act of August 18, 1959 (73 Stat. 395), and its functions were transferred to the newly established Bureau of Naval Weapons.  BuAir merged with BuOrd to form BuWeps.  BuWeps, in turn, was disestablished in 1966 when the Navy overhauled its materiel organization, and was replaced with the Naval Ordnance Systems Command (NAVORD) and the Naval Air Systems Command (NAVAIR). Other systems commands at the time included the Naval Ship Systems Command (NAVSHIPS) and the Naval Electronics Systems Command (NAVELEX).  Ship and submarine ordnance functions fell under the new Naval Ordnance Systems Command while air ordnance stayed with the Naval Air Systems Command.  In July 1974, the Naval Ordnance Systems Command and Naval Ship Systems Command merged to form the Naval Sea Systems Command (NAVSEA).  Traditional Naval Ordnance functions are now conducted at the Naval Surface Warfare Centers which fall under the command of Naval Sea Systems Command.|In what year was the Naval Ordnance Systems Command disestablished?|baai-bge|fp32|l2|20|True|0|True|0
643|Q2906424|BuOrd was disestablished by Congress by an act of August 18, 1959 (73 Stat. 395), and its functions were transferred to the newly established Bureau of Naval Weapons.  BuAir merged with BuOrd to form BuWeps.  BuWeps, in turn, was disestablished in 1966 when the Navy overhauled its materiel organization, and was replaced with the Naval Ordnance Systems Command (NAVORD) and the Naval Air Systems Command (NAVAIR). Other systems commands at the time included the Naval Ship Systems Command (NAVSHIPS) and the Naval Electronics Systems Command (NAVELEX).  Ship and submarine ordnance functions fell under the new Naval Ordnance Systems Command while air ordnance stayed with the Naval Air Systems Command.  In July 1974, the Naval Ordnance Systems Command and Naval Ship Systems Command merged to form the Naval Sea Systems Command (NAVSEA).  Traditional Naval Ordnance functions are now conducted at the Naval Surface Warfare Centers which fall under the command of Naval Sea Systems Command.|In what year was the Naval Ordnance Systems Command disestablished?|baai-bge|fp32|l2|25|True|0|True|0
644|Q2906424|BuOrd was disestablished by Congress by an act of August 18, 1959 (73 Stat. 395), and its functions were transferred to the newly established Bureau of Naval Weapons.  BuAir merged with BuOrd to form BuWeps.  BuWeps, in turn, was disestablished in 1966 when the Navy overhauled its materiel organization, and was replaced with the Naval Ordnance Systems Command (NAVORD) and the Naval Air Systems Command (NAVAIR). Other systems commands at the time included the Naval Ship Systems Command (NAVSHIPS) and the Naval Electronics Systems Command (NAVELEX).  Ship and submarine ordnance functions fell under the new Naval Ordnance Systems Command while air ordnance stayed with the Naval Air Systems Command.  In July 1974, the Naval Ordnance Systems Command and Naval Ship Systems Command merged to form the Naval Sea Systems Command (NAVSEA).  Traditional Naval Ordnance functions are now conducted at the Naval Surface Warfare Centers which fall under the command of Naval Sea Systems Command.|In what year was the Naval Ordnance Systems Command disestablished?|baai-bge|fp32|l2|50|True|0|True|0
645|Q2906424|BuOrd was disestablished by Congress by an act of August 18, 1959 (73 Stat. 395), and its functions were transferred to the newly established Bureau of Naval Weapons.  BuAir merged with BuOrd to form BuWeps.  BuWeps, in turn, was disestablished in 1966 when the Navy overhauled its materiel organization, and was replaced with the Naval Ordnance Systems Command (NAVORD) and the Naval Air Systems Command (NAVAIR). Other systems commands at the time included the Naval Ship Systems Command (NAVSHIPS) and the Naval Electronics Systems Command (NAVELEX).  Ship and submarine ordnance functions fell under the new Naval Ordnance Systems Command while air ordnance stayed with the Naval Air Systems Command.  In July 1974, the Naval Ordnance Systems Command and Naval Ship Systems Command merged to form the Naval Sea Systems Command (NAVSEA).  Traditional Naval Ordnance functions are now conducted at the Naval Surface Warfare Centers which fall under the command of Naval Sea Systems Command.|In what year was the Naval Ordnance Systems Command disestablished?|baai-bge|fp32|cosine|5|True|0|True|1
646|Q2906424|BuOrd was disestablished by Congress by an act of August 18, 1959 (73 Stat. 395), and its functions were transferred to the newly established Bureau of Naval Weapons.  BuAir merged with BuOrd to form BuWeps.  BuWeps, in turn, was disestablished in 1966 when the Navy overhauled its materiel organization, and was replaced with the Naval Ordnance Systems Command (NAVORD) and the Naval Air Systems Command (NAVAIR). Other systems commands at the time included the Naval Ship Systems Command (NAVSHIPS) and the Naval Electronics Systems Command (NAVELEX).  Ship and submarine ordnance functions fell under the new Naval Ordnance Systems Command while air ordnance stayed with the Naval Air Systems Command.  In July 1974, the Naval Ordnance Systems Command and Naval Ship Systems Command merged to form the Naval Sea Systems Command (NAVSEA).  Traditional Naval Ordnance functions are now conducted at the Naval Surface Warfare Centers which fall under the command of Naval Sea Systems Command.|In what year was the Naval Ordnance Systems Command disestablished?|baai-bge|fp32|cosine|10|True|0|True|1
647|Q2906424|BuOrd was disestablished by Congress by an act of August 18, 1959 (73 Stat. 395), and its functions were transferred to the newly established Bureau of Naval Weapons.  BuAir merged with BuOrd to form BuWeps.  BuWeps, in turn, was disestablished in 1966 when the Navy overhauled its materiel organization, and was replaced with the Naval Ordnance Systems Command (NAVORD) and the Naval Air Systems Command (NAVAIR). Other systems commands at the time included the Naval Ship Systems Command (NAVSHIPS) and the Naval Electronics Systems Command (NAVELEX).  Ship and submarine ordnance functions fell under the new Naval Ordnance Systems Command while air ordnance stayed with the Naval Air Systems Command.  In July 1974, the Naval Ordnance Systems Command and Naval Ship Systems Command merged to form the Naval Sea Systems Command (NAVSEA).  Traditional Naval Ordnance functions are now conducted at the Naval Surface Warfare Centers which fall under the command of Naval Sea Systems Command.|In what year was the Naval Ordnance Systems Command disestablished?|baai-bge|fp32|cosine|20|True|0|True|1
648|Q2906424|BuOrd was disestablished by Congress by an act of August 18, 1959 (73 Stat. 395), and its functions were transferred to the newly established Bureau of Naval Weapons.  BuAir merged with BuOrd to form BuWeps.  BuWeps, in turn, was disestablished in 1966 when the Navy overhauled its materiel organization, and was replaced with the Naval Ordnance Systems Command (NAVORD) and the Naval Air Systems Command (NAVAIR). Other systems commands at the time included the Naval Ship Systems Command (NAVSHIPS) and the Naval Electronics Systems Command (NAVELEX).  Ship and submarine ordnance functions fell under the new Naval Ordnance Systems Command while air ordnance stayed with the Naval Air Systems Command.  In July 1974, the Naval Ordnance Systems Command and Naval Ship Systems Command merged to form the Naval Sea Systems Command (NAVSEA).  Traditional Naval Ordnance functions are now conducted at the Naval Surface Warfare Centers which fall under the command of Naval Sea Systems Command.|In what year was the Naval Ordnance Systems Command disestablished?|baai-bge|fp32|cosine|25|True|0|True|1
649|Q2906424|BuOrd was disestablished by Congress by an act of August 18, 1959 (73 Stat. 395), and its functions were transferred to the newly established Bureau of Naval Weapons.  BuAir merged with BuOrd to form BuWeps.  BuWeps, in turn, was disestablished in 1966 when the Navy overhauled its materiel organization, and was replaced with the Naval Ordnance Systems Command (NAVORD) and the Naval Air Systems Command (NAVAIR). Other systems commands at the time included the Naval Ship Systems Command (NAVSHIPS) and the Naval Electronics Systems Command (NAVELEX).  Ship and submarine ordnance functions fell under the new Naval Ordnance Systems Command while air ordnance stayed with the Naval Air Systems Command.  In July 1974, the Naval Ordnance Systems Command and Naval Ship Systems Command merged to form the Naval Sea Systems Command (NAVSEA).  Traditional Naval Ordnance functions are now conducted at the Naval Surface Warfare Centers which fall under the command of Naval Sea Systems Command.|In what year was the Naval Ordnance Systems Command disestablished?|baai-bge|fp32|cosine|50|True|0|True|1
650|Q2906424|BuOrd was disestablished by Congress by an act of August 18, 1959 (73 Stat. 395), and its functions were transferred to the newly established Bureau of Naval Weapons.  BuAir merged with BuOrd to form BuWeps.  BuWeps, in turn, was disestablished in 1966 when the Navy overhauled its materiel organization, and was replaced with the Naval Ordnance Systems Command (NAVORD) and the Naval Air Systems Command (NAVAIR). Other systems commands at the time included the Naval Ship Systems Command (NAVSHIPS) and the Naval Electronics Systems Command (NAVELEX).  Ship and submarine ordnance functions fell under the new Naval Ordnance Systems Command while air ordnance stayed with the Naval Air Systems Command.  In July 1974, the Naval Ordnance Systems Command and Naval Ship Systems Command merged to form the Naval Sea Systems Command (NAVSEA).  Traditional Naval Ordnance functions are now conducted at the Naval Surface Warfare Centers which fall under the command of Naval Sea Systems Command.|In what year was the Naval Ordnance Systems Command disestablished?|baai-bge|fp32|dot|5|True|0|False|-1
651|Q2906424|BuOrd was disestablished by Congress by an act of August 18, 1959 (73 Stat. 395), and its functions were transferred to the newly established Bureau of Naval Weapons.  BuAir merged with BuOrd to form BuWeps.  BuWeps, in turn, was disestablished in 1966 when the Navy overhauled its materiel organization, and was replaced with the Naval Ordnance Systems Command (NAVORD) and the Naval Air Systems Command (NAVAIR). Other systems commands at the time included the Naval Ship Systems Command (NAVSHIPS) and the Naval Electronics Systems Command (NAVELEX).  Ship and submarine ordnance functions fell under the new Naval Ordnance Systems Command while air ordnance stayed with the Naval Air Systems Command.  In July 1974, the Naval Ordnance Systems Command and Naval Ship Systems Command merged to form the Naval Sea Systems Command (NAVSEA).  Traditional Naval Ordnance functions are now conducted at the Naval Surface Warfare Centers which fall under the command of Naval Sea Systems Command.|In what year was the Naval Ordnance Systems Command disestablished?|baai-bge|fp32|dot|10|True|0|True|6
652|Q2906424|BuOrd was disestablished by Congress by an act of August 18, 1959 (73 Stat. 395), and its functions were transferred to the newly established Bureau of Naval Weapons.  BuAir merged with BuOrd to form BuWeps.  BuWeps, in turn, was disestablished in 1966 when the Navy overhauled its materiel organization, and was replaced with the Naval Ordnance Systems Command (NAVORD) and the Naval Air Systems Command (NAVAIR). Other systems commands at the time included the Naval Ship Systems Command (NAVSHIPS) and the Naval Electronics Systems Command (NAVELEX).  Ship and submarine ordnance functions fell under the new Naval Ordnance Systems Command while air ordnance stayed with the Naval Air Systems Command.  In July 1974, the Naval Ordnance Systems Command and Naval Ship Systems Command merged to form the Naval Sea Systems Command (NAVSEA).  Traditional Naval Ordnance functions are now conducted at the Naval Surface Warfare Centers which fall under the command of Naval Sea Systems Command.|In what year was the Naval Ordnance Systems Command disestablished?|baai-bge|fp32|dot|20|True|0|True|6
653|Q2906424|BuOrd was disestablished by Congress by an act of August 18, 1959 (73 Stat. 395), and its functions were transferred to the newly established Bureau of Naval Weapons.  BuAir merged with BuOrd to form BuWeps.  BuWeps, in turn, was disestablished in 1966 when the Navy overhauled its materiel organization, and was replaced with the Naval Ordnance Systems Command (NAVORD) and the Naval Air Systems Command (NAVAIR). Other systems commands at the time included the Naval Ship Systems Command (NAVSHIPS) and the Naval Electronics Systems Command (NAVELEX).  Ship and submarine ordnance functions fell under the new Naval Ordnance Systems Command while air ordnance stayed with the Naval Air Systems Command.  In July 1974, the Naval Ordnance Systems Command and Naval Ship Systems Command merged to form the Naval Sea Systems Command (NAVSEA).  Traditional Naval Ordnance functions are now conducted at the Naval Surface Warfare Centers which fall under the command of Naval Sea Systems Command.|In what year was the Naval Ordnance Systems Command disestablished?|baai-bge|fp32|dot|25|True|0|True|6
654|Q2906424|BuOrd was disestablished by Congress by an act of August 18, 1959 (73 Stat. 395), and its functions were transferred to the newly established Bureau of Naval Weapons.  BuAir merged with BuOrd to form BuWeps.  BuWeps, in turn, was disestablished in 1966 when the Navy overhauled its materiel organization, and was replaced with the Naval Ordnance Systems Command (NAVORD) and the Naval Air Systems Command (NAVAIR). Other systems commands at the time included the Naval Ship Systems Command (NAVSHIPS) and the Naval Electronics Systems Command (NAVELEX).  Ship and submarine ordnance functions fell under the new Naval Ordnance Systems Command while air ordnance stayed with the Naval Air Systems Command.  In July 1974, the Naval Ordnance Systems Command and Naval Ship Systems Command merged to form the Naval Sea Systems Command (NAVSEA).  Traditional Naval Ordnance functions are now conducted at the Naval Surface Warfare Centers which fall under the command of Naval Sea Systems Command.|In what year was the Naval Ordnance Systems Command disestablished?|baai-bge|fp32|dot|50|True|0|True|6
655|Q2906424|BuOrd was disestablished by Congress by an act of August 18, 1959 (73 Stat. 395), and its functions were transferred to the newly established Bureau of Naval Weapons.  BuAir merged with BuOrd to form BuWeps.  BuWeps, in turn, was disestablished in 1966 when the Navy overhauled its materiel organization, and was replaced with the Naval Ordnance Systems Command (NAVORD) and the Naval Air Systems Command (NAVAIR). Other systems commands at the time included the Naval Ship Systems Command (NAVSHIPS) and the Naval Electronics Systems Command (NAVELEX).  Ship and submarine ordnance functions fell under the new Naval Ordnance Systems Command while air ordnance stayed with the Naval Air Systems Command.  In July 1974, the Naval Ordnance Systems Command and Naval Ship Systems Command merged to form the Naval Sea Systems Command (NAVSEA).  Traditional Naval Ordnance functions are now conducted at the Naval Surface Warfare Centers which fall under the command of Naval Sea Systems Command.|In what year was the Naval Ordnance Systems Command disestablished?|baai-bge|binary|hamming|5|True|0|True|0
656|Q2906424|BuOrd was disestablished by Congress by an act of August 18, 1959 (73 Stat. 395), and its functions were transferred to the newly established Bureau of Naval Weapons.  BuAir merged with BuOrd to form BuWeps.  BuWeps, in turn, was disestablished in 1966 when the Navy overhauled its materiel organization, and was replaced with the Naval Ordnance Systems Command (NAVORD) and the Naval Air Systems Command (NAVAIR). Other systems commands at the time included the Naval Ship Systems Command (NAVSHIPS) and the Naval Electronics Systems Command (NAVELEX).  Ship and submarine ordnance functions fell under the new Naval Ordnance Systems Command while air ordnance stayed with the Naval Air Systems Command.  In July 1974, the Naval Ordnance Systems Command and Naval Ship Systems Command merged to form the Naval Sea Systems Command (NAVSEA).  Traditional Naval Ordnance functions are now conducted at the Naval Surface Warfare Centers which fall under the command of Naval Sea Systems Command.|In what year was the Naval Ordnance Systems Command disestablished?|baai-bge|binary|hamming|10|True|0|True|0
657|Q2906424|BuOrd was disestablished by Congress by an act of August 18, 1959 (73 Stat. 395), and its functions were transferred to the newly established Bureau of Naval Weapons.  BuAir merged with BuOrd to form BuWeps.  BuWeps, in turn, was disestablished in 1966 when the Navy overhauled its materiel organization, and was replaced with the Naval Ordnance Systems Command (NAVORD) and the Naval Air Systems Command (NAVAIR). Other systems commands at the time included the Naval Ship Systems Command (NAVSHIPS) and the Naval Electronics Systems Command (NAVELEX).  Ship and submarine ordnance functions fell under the new Naval Ordnance Systems Command while air ordnance stayed with the Naval Air Systems Command.  In July 1974, the Naval Ordnance Systems Command and Naval Ship Systems Command merged to form the Naval Sea Systems Command (NAVSEA).  Traditional Naval Ordnance functions are now conducted at the Naval Surface Warfare Centers which fall under the command of Naval Sea Systems Command.|In what year was the Naval Ordnance Systems Command disestablished?|baai-bge|binary|hamming|20|True|0|True|0
658|Q2906424|BuOrd was disestablished by Congress by an act of August 18, 1959 (73 Stat. 395), and its functions were transferred to the newly established Bureau of Naval Weapons.  BuAir merged with BuOrd to form BuWeps.  BuWeps, in turn, was disestablished in 1966 when the Navy overhauled its materiel organization, and was replaced with the Naval Ordnance Systems Command (NAVORD) and the Naval Air Systems Command (NAVAIR). Other systems commands at the time included the Naval Ship Systems Command (NAVSHIPS) and the Naval Electronics Systems Command (NAVELEX).  Ship and submarine ordnance functions fell under the new Naval Ordnance Systems Command while air ordnance stayed with the Naval Air Systems Command.  In July 1974, the Naval Ordnance Systems Command and Naval Ship Systems Command merged to form the Naval Sea Systems Command (NAVSEA).  Traditional Naval Ordnance functions are now conducted at the Naval Surface Warfare Centers which fall under the command of Naval Sea Systems Command.|In what year was the Naval Ordnance Systems Command disestablished?|baai-bge|binary|hamming|25|True|0|True|0
659|Q2906424|BuOrd was disestablished by Congress by an act of August 18, 1959 (73 Stat. 395), and its functions were transferred to the newly established Bureau of Naval Weapons.  BuAir merged with BuOrd to form BuWeps.  BuWeps, in turn, was disestablished in 1966 when the Navy overhauled its materiel organization, and was replaced with the Naval Ordnance Systems Command (NAVORD) and the Naval Air Systems Command (NAVAIR). Other systems commands at the time included the Naval Ship Systems Command (NAVSHIPS) and the Naval Electronics Systems Command (NAVELEX).  Ship and submarine ordnance functions fell under the new Naval Ordnance Systems Command while air ordnance stayed with the Naval Air Systems Command.  In July 1974, the Naval Ordnance Systems Command and Naval Ship Systems Command merged to form the Naval Sea Systems Command (NAVSEA).  Traditional Naval Ordnance functions are now conducted at the Naval Surface Warfare Centers which fall under the command of Naval Sea Systems Command.|In what year was the Naval Ordnance Systems Command disestablished?|baai-bge|binary|hamming|50|True|0|True|0
660|Q2906424|BuOrd was disestablished by Congress by an act of August 18, 1959 (73 Stat. 395), and its functions were transferred to the newly established Bureau of Naval Weapons.  BuAir merged with BuOrd to form BuWeps.  BuWeps, in turn, was disestablished in 1966 when the Navy overhauled its materiel organization, and was replaced with the Naval Ordnance Systems Command (NAVORD) and the Naval Air Systems Command (NAVAIR). Other systems commands at the time included the Naval Ship Systems Command (NAVSHIPS) and the Naval Electronics Systems Command (NAVELEX).  Ship and submarine ordnance functions fell under the new Naval Ordnance Systems Command while air ordnance stayed with the Naval Air Systems Command.  In July 1974, the Naval Ordnance Systems Command and Naval Ship Systems Command merged to form the Naval Sea Systems Command (NAVSEA).  Traditional Naval Ordnance functions are now conducted at the Naval Surface Warfare Centers which fall under the command of Naval Sea Systems Command.|In what year was the Naval Ordnance Systems Command disestablished?|bert|fp32|l2|5|False|-1|False|-1
661|Q2906424|BuOrd was disestablished by Congress by an act of August 18, 1959 (73 Stat. 395), and its functions were transferred to the newly established Bureau of Naval Weapons.  BuAir merged with BuOrd to form BuWeps.  BuWeps, in turn, was disestablished in 1966 when the Navy overhauled its materiel organization, and was replaced with the Naval Ordnance Systems Command (NAVORD) and the Naval Air Systems Command (NAVAIR). Other systems commands at the time included the Naval Ship Systems Command (NAVSHIPS) and the Naval Electronics Systems Command (NAVELEX).  Ship and submarine ordnance functions fell under the new Naval Ordnance Systems Command while air ordnance stayed with the Naval Air Systems Command.  In July 1974, the Naval Ordnance Systems Command and Naval Ship Systems Command merged to form the Naval Sea Systems Command (NAVSEA).  Traditional Naval Ordnance functions are now conducted at the Naval Surface Warfare Centers which fall under the command of Naval Sea Systems Command.|In what year was the Naval Ordnance Systems Command disestablished?|bert|fp32|l2|10|False|-1|False|-1
662|Q2906424|BuOrd was disestablished by Congress by an act of August 18, 1959 (73 Stat. 395), and its functions were transferred to the newly established Bureau of Naval Weapons.  BuAir merged with BuOrd to form BuWeps.  BuWeps, in turn, was disestablished in 1966 when the Navy overhauled its materiel organization, and was replaced with the Naval Ordnance Systems Command (NAVORD) and the Naval Air Systems Command (NAVAIR). Other systems commands at the time included the Naval Ship Systems Command (NAVSHIPS) and the Naval Electronics Systems Command (NAVELEX).  Ship and submarine ordnance functions fell under the new Naval Ordnance Systems Command while air ordnance stayed with the Naval Air Systems Command.  In July 1974, the Naval Ordnance Systems Command and Naval Ship Systems Command merged to form the Naval Sea Systems Command (NAVSEA).  Traditional Naval Ordnance functions are now conducted at the Naval Surface Warfare Centers which fall under the command of Naval Sea Systems Command.|In what year was the Naval Ordnance Systems Command disestablished?|bert|fp32|l2|20|False|-1|False|-1
663|Q2906424|BuOrd was disestablished by Congress by an act of August 18, 1959 (73 Stat. 395), and its functions were transferred to the newly established Bureau of Naval Weapons.  BuAir merged with BuOrd to form BuWeps.  BuWeps, in turn, was disestablished in 1966 when the Navy overhauled its materiel organization, and was replaced with the Naval Ordnance Systems Command (NAVORD) and the Naval Air Systems Command (NAVAIR). Other systems commands at the time included the Naval Ship Systems Command (NAVSHIPS) and the Naval Electronics Systems Command (NAVELEX).  Ship and submarine ordnance functions fell under the new Naval Ordnance Systems Command while air ordnance stayed with the Naval Air Systems Command.  In July 1974, the Naval Ordnance Systems Command and Naval Ship Systems Command merged to form the Naval Sea Systems Command (NAVSEA).  Traditional Naval Ordnance functions are now conducted at the Naval Surface Warfare Centers which fall under the command of Naval Sea Systems Command.|In what year was the Naval Ordnance Systems Command disestablished?|bert|fp32|l2|25|False|-1|False|-1
664|Q2906424|BuOrd was disestablished by Congress by an act of August 18, 1959 (73 Stat. 395), and its functions were transferred to the newly established Bureau of Naval Weapons.  BuAir merged with BuOrd to form BuWeps.  BuWeps, in turn, was disestablished in 1966 when the Navy overhauled its materiel organization, and was replaced with the Naval Ordnance Systems Command (NAVORD) and the Naval Air Systems Command (NAVAIR). Other systems commands at the time included the Naval Ship Systems Command (NAVSHIPS) and the Naval Electronics Systems Command (NAVELEX).  Ship and submarine ordnance functions fell under the new Naval Ordnance Systems Command while air ordnance stayed with the Naval Air Systems Command.  In July 1974, the Naval Ordnance Systems Command and Naval Ship Systems Command merged to form the Naval Sea Systems Command (NAVSEA).  Traditional Naval Ordnance functions are now conducted at the Naval Surface Warfare Centers which fall under the command of Naval Sea Systems Command.|In what year was the Naval Ordnance Systems Command disestablished?|bert|fp32|l2|50|False|-1|False|-1
665|Q2906424|BuOrd was disestablished by Congress by an act of August 18, 1959 (73 Stat. 395), and its functions were transferred to the newly established Bureau of Naval Weapons.  BuAir merged with BuOrd to form BuWeps.  BuWeps, in turn, was disestablished in 1966 when the Navy overhauled its materiel organization, and was replaced with the Naval Ordnance Systems Command (NAVORD) and the Naval Air Systems Command (NAVAIR). Other systems commands at the time included the Naval Ship Systems Command (NAVSHIPS) and the Naval Electronics Systems Command (NAVELEX).  Ship and submarine ordnance functions fell under the new Naval Ordnance Systems Command while air ordnance stayed with the Naval Air Systems Command.  In July 1974, the Naval Ordnance Systems Command and Naval Ship Systems Command merged to form the Naval Sea Systems Command (NAVSEA).  Traditional Naval Ordnance functions are now conducted at the Naval Surface Warfare Centers which fall under the command of Naval Sea Systems Command.|In what year was the Naval Ordnance Systems Command disestablished?|bert|fp32|cosine|5|False|-1|False|-1
666|Q2906424|BuOrd was disestablished by Congress by an act of August 18, 1959 (73 Stat. 395), and its functions were transferred to the newly established Bureau of Naval Weapons.  BuAir merged with BuOrd to form BuWeps.  BuWeps, in turn, was disestablished in 1966 when the Navy overhauled its materiel organization, and was replaced with the Naval Ordnance Systems Command (NAVORD) and the Naval Air Systems Command (NAVAIR). Other systems commands at the time included the Naval Ship Systems Command (NAVSHIPS) and the Naval Electronics Systems Command (NAVELEX).  Ship and submarine ordnance functions fell under the new Naval Ordnance Systems Command while air ordnance stayed with the Naval Air Systems Command.  In July 1974, the Naval Ordnance Systems Command and Naval Ship Systems Command merged to form the Naval Sea Systems Command (NAVSEA).  Traditional Naval Ordnance functions are now conducted at the Naval Surface Warfare Centers which fall under the command of Naval Sea Systems Command.|In what year was the Naval Ordnance Systems Command disestablished?|bert|fp32|cosine|10|False|-1|False|-1
667|Q2906424|BuOrd was disestablished by Congress by an act of August 18, 1959 (73 Stat. 395), and its functions were transferred to the newly established Bureau of Naval Weapons.  BuAir merged with BuOrd to form BuWeps.  BuWeps, in turn, was disestablished in 1966 when the Navy overhauled its materiel organization, and was replaced with the Naval Ordnance Systems Command (NAVORD) and the Naval Air Systems Command (NAVAIR). Other systems commands at the time included the Naval Ship Systems Command (NAVSHIPS) and the Naval Electronics Systems Command (NAVELEX).  Ship and submarine ordnance functions fell under the new Naval Ordnance Systems Command while air ordnance stayed with the Naval Air Systems Command.  In July 1974, the Naval Ordnance Systems Command and Naval Ship Systems Command merged to form the Naval Sea Systems Command (NAVSEA).  Traditional Naval Ordnance functions are now conducted at the Naval Surface Warfare Centers which fall under the command of Naval Sea Systems Command.|In what year was the Naval Ordnance Systems Command disestablished?|bert|fp32|cosine|20|False|-1|False|-1
668|Q2906424|BuOrd was disestablished by Congress by an act of August 18, 1959 (73 Stat. 395), and its functions were transferred to the newly established Bureau of Naval Weapons.  BuAir merged with BuOrd to form BuWeps.  BuWeps, in turn, was disestablished in 1966 when the Navy overhauled its materiel organization, and was replaced with the Naval Ordnance Systems Command (NAVORD) and the Naval Air Systems Command (NAVAIR). Other systems commands at the time included the Naval Ship Systems Command (NAVSHIPS) and the Naval Electronics Systems Command (NAVELEX).  Ship and submarine ordnance functions fell under the new Naval Ordnance Systems Command while air ordnance stayed with the Naval Air Systems Command.  In July 1974, the Naval Ordnance Systems Command and Naval Ship Systems Command merged to form the Naval Sea Systems Command (NAVSEA).  Traditional Naval Ordnance functions are now conducted at the Naval Surface Warfare Centers which fall under the command of Naval Sea Systems Command.|In what year was the Naval Ordnance Systems Command disestablished?|bert|fp32|cosine|25|False|-1|False|-1
669|Q2906424|BuOrd was disestablished by Congress by an act of August 18, 1959 (73 Stat. 395), and its functions were transferred to the newly established Bureau of Naval Weapons.  BuAir merged with BuOrd to form BuWeps.  BuWeps, in turn, was disestablished in 1966 when the Navy overhauled its materiel organization, and was replaced with the Naval Ordnance Systems Command (NAVORD) and the Naval Air Systems Command (NAVAIR). Other systems commands at the time included the Naval Ship Systems Command (NAVSHIPS) and the Naval Electronics Systems Command (NAVELEX).  Ship and submarine ordnance functions fell under the new Naval Ordnance Systems Command while air ordnance stayed with the Naval Air Systems Command.  In July 1974, the Naval Ordnance Systems Command and Naval Ship Systems Command merged to form the Naval Sea Systems Command (NAVSEA).  Traditional Naval Ordnance functions are now conducted at the Naval Surface Warfare Centers which fall under the command of Naval Sea Systems Command.|In what year was the Naval Ordnance Systems Command disestablished?|bert|fp32|cosine|50|False|-1|False|-1
670|Q2906424|BuOrd was disestablished by Congress by an act of August 18, 1959 (73 Stat. 395), and its functions were transferred to the newly established Bureau of Naval Weapons.  BuAir merged with BuOrd to form BuWeps.  BuWeps, in turn, was disestablished in 1966 when the Navy overhauled its materiel organization, and was replaced with the Naval Ordnance Systems Command (NAVORD) and the Naval Air Systems Command (NAVAIR). Other systems commands at the time included the Naval Ship Systems Command (NAVSHIPS) and the Naval Electronics Systems Command (NAVELEX).  Ship and submarine ordnance functions fell under the new Naval Ordnance Systems Command while air ordnance stayed with the Naval Air Systems Command.  In July 1974, the Naval Ordnance Systems Command and Naval Ship Systems Command merged to form the Naval Sea Systems Command (NAVSEA).  Traditional Naval Ordnance functions are now conducted at the Naval Surface Warfare Centers which fall under the command of Naval Sea Systems Command.|In what year was the Naval Ordnance Systems Command disestablished?|bert|fp32|dot|5|False|-1|False|-1
671|Q2906424|BuOrd was disestablished by Congress by an act of August 18, 1959 (73 Stat. 395), and its functions were transferred to the newly established Bureau of Naval Weapons.  BuAir merged with BuOrd to form BuWeps.  BuWeps, in turn, was disestablished in 1966 when the Navy overhauled its materiel organization, and was replaced with the Naval Ordnance Systems Command (NAVORD) and the Naval Air Systems Command (NAVAIR). Other systems commands at the time included the Naval Ship Systems Command (NAVSHIPS) and the Naval Electronics Systems Command (NAVELEX).  Ship and submarine ordnance functions fell under the new Naval Ordnance Systems Command while air ordnance stayed with the Naval Air Systems Command.  In July 1974, the Naval Ordnance Systems Command and Naval Ship Systems Command merged to form the Naval Sea Systems Command (NAVSEA).  Traditional Naval Ordnance functions are now conducted at the Naval Surface Warfare Centers which fall under the command of Naval Sea Systems Command.|In what year was the Naval Ordnance Systems Command disestablished?|bert|fp32|dot|10|False|-1|False|-1
672|Q2906424|BuOrd was disestablished by Congress by an act of August 18, 1959 (73 Stat. 395), and its functions were transferred to the newly established Bureau of Naval Weapons.  BuAir merged with BuOrd to form BuWeps.  BuWeps, in turn, was disestablished in 1966 when the Navy overhauled its materiel organization, and was replaced with the Naval Ordnance Systems Command (NAVORD) and the Naval Air Systems Command (NAVAIR). Other systems commands at the time included the Naval Ship Systems Command (NAVSHIPS) and the Naval Electronics Systems Command (NAVELEX).  Ship and submarine ordnance functions fell under the new Naval Ordnance Systems Command while air ordnance stayed with the Naval Air Systems Command.  In July 1974, the Naval Ordnance Systems Command and Naval Ship Systems Command merged to form the Naval Sea Systems Command (NAVSEA).  Traditional Naval Ordnance functions are now conducted at the Naval Surface Warfare Centers which fall under the command of Naval Sea Systems Command.|In what year was the Naval Ordnance Systems Command disestablished?|bert|fp32|dot|20|False|-1|False|-1
673|Q2906424|BuOrd was disestablished by Congress by an act of August 18, 1959 (73 Stat. 395), and its functions were transferred to the newly established Bureau of Naval Weapons.  BuAir merged with BuOrd to form BuWeps.  BuWeps, in turn, was disestablished in 1966 when the Navy overhauled its materiel organization, and was replaced with the Naval Ordnance Systems Command (NAVORD) and the Naval Air Systems Command (NAVAIR). Other systems commands at the time included the Naval Ship Systems Command (NAVSHIPS) and the Naval Electronics Systems Command (NAVELEX).  Ship and submarine ordnance functions fell under the new Naval Ordnance Systems Command while air ordnance stayed with the Naval Air Systems Command.  In July 1974, the Naval Ordnance Systems Command and Naval Ship Systems Command merged to form the Naval Sea Systems Command (NAVSEA).  Traditional Naval Ordnance functions are now conducted at the Naval Surface Warfare Centers which fall under the command of Naval Sea Systems Command.|In what year was the Naval Ordnance Systems Command disestablished?|bert|fp32|dot|25|False|-1|False|-1
674|Q2906424|BuOrd was disestablished by Congress by an act of August 18, 1959 (73 Stat. 395), and its functions were transferred to the newly established Bureau of Naval Weapons.  BuAir merged with BuOrd to form BuWeps.  BuWeps, in turn, was disestablished in 1966 when the Navy overhauled its materiel organization, and was replaced with the Naval Ordnance Systems Command (NAVORD) and the Naval Air Systems Command (NAVAIR). Other systems commands at the time included the Naval Ship Systems Command (NAVSHIPS) and the Naval Electronics Systems Command (NAVELEX).  Ship and submarine ordnance functions fell under the new Naval Ordnance Systems Command while air ordnance stayed with the Naval Air Systems Command.  In July 1974, the Naval Ordnance Systems Command and Naval Ship Systems Command merged to form the Naval Sea Systems Command (NAVSEA).  Traditional Naval Ordnance functions are now conducted at the Naval Surface Warfare Centers which fall under the command of Naval Sea Systems Command.|In what year was the Naval Ordnance Systems Command disestablished?|bert|fp32|dot|50|False|-1|False|-1
675|Q2906424|BuOrd was disestablished by Congress by an act of August 18, 1959 (73 Stat. 395), and its functions were transferred to the newly established Bureau of Naval Weapons.  BuAir merged with BuOrd to form BuWeps.  BuWeps, in turn, was disestablished in 1966 when the Navy overhauled its materiel organization, and was replaced with the Naval Ordnance Systems Command (NAVORD) and the Naval Air Systems Command (NAVAIR). Other systems commands at the time included the Naval Ship Systems Command (NAVSHIPS) and the Naval Electronics Systems Command (NAVELEX).  Ship and submarine ordnance functions fell under the new Naval Ordnance Systems Command while air ordnance stayed with the Naval Air Systems Command.  In July 1974, the Naval Ordnance Systems Command and Naval Ship Systems Command merged to form the Naval Sea Systems Command (NAVSEA).  Traditional Naval Ordnance functions are now conducted at the Naval Surface Warfare Centers which fall under the command of Naval Sea Systems Command.|In what year was the Naval Ordnance Systems Command disestablished?|bert|binary|hamming|5|False|-1|False|-1
676|Q2906424|BuOrd was disestablished by Congress by an act of August 18, 1959 (73 Stat. 395), and its functions were transferred to the newly established Bureau of Naval Weapons.  BuAir merged with BuOrd to form BuWeps.  BuWeps, in turn, was disestablished in 1966 when the Navy overhauled its materiel organization, and was replaced with the Naval Ordnance Systems Command (NAVORD) and the Naval Air Systems Command (NAVAIR). Other systems commands at the time included the Naval Ship Systems Command (NAVSHIPS) and the Naval Electronics Systems Command (NAVELEX).  Ship and submarine ordnance functions fell under the new Naval Ordnance Systems Command while air ordnance stayed with the Naval Air Systems Command.  In July 1974, the Naval Ordnance Systems Command and Naval Ship Systems Command merged to form the Naval Sea Systems Command (NAVSEA).  Traditional Naval Ordnance functions are now conducted at the Naval Surface Warfare Centers which fall under the command of Naval Sea Systems Command.|In what year was the Naval Ordnance Systems Command disestablished?|bert|binary|hamming|10|False|-1|False|-1
677|Q2906424|BuOrd was disestablished by Congress by an act of August 18, 1959 (73 Stat. 395), and its functions were transferred to the newly established Bureau of Naval Weapons.  BuAir merged with BuOrd to form BuWeps.  BuWeps, in turn, was disestablished in 1966 when the Navy overhauled its materiel organization, and was replaced with the Naval Ordnance Systems Command (NAVORD) and the Naval Air Systems Command (NAVAIR). Other systems commands at the time included the Naval Ship Systems Command (NAVSHIPS) and the Naval Electronics Systems Command (NAVELEX).  Ship and submarine ordnance functions fell under the new Naval Ordnance Systems Command while air ordnance stayed with the Naval Air Systems Command.  In July 1974, the Naval Ordnance Systems Command and Naval Ship Systems Command merged to form the Naval Sea Systems Command (NAVSEA).  Traditional Naval Ordnance functions are now conducted at the Naval Surface Warfare Centers which fall under the command of Naval Sea Systems Command.|In what year was the Naval Ordnance Systems Command disestablished?|bert|binary|hamming|20|False|-1|False|-1
678|Q2906424|BuOrd was disestablished by Congress by an act of August 18, 1959 (73 Stat. 395), and its functions were transferred to the newly established Bureau of Naval Weapons.  BuAir merged with BuOrd to form BuWeps.  BuWeps, in turn, was disestablished in 1966 when the Navy overhauled its materiel organization, and was replaced with the Naval Ordnance Systems Command (NAVORD) and the Naval Air Systems Command (NAVAIR). Other systems commands at the time included the Naval Ship Systems Command (NAVSHIPS) and the Naval Electronics Systems Command (NAVELEX).  Ship and submarine ordnance functions fell under the new Naval Ordnance Systems Command while air ordnance stayed with the Naval Air Systems Command.  In July 1974, the Naval Ordnance Systems Command and Naval Ship Systems Command merged to form the Naval Sea Systems Command (NAVSEA).  Traditional Naval Ordnance functions are now conducted at the Naval Surface Warfare Centers which fall under the command of Naval Sea Systems Command.|In what year was the Naval Ordnance Systems Command disestablished?|bert|binary|hamming|25|False|-1|False|-1
679|Q2906424|BuOrd was disestablished by Congress by an act of August 18, 1959 (73 Stat. 395), and its functions were transferred to the newly established Bureau of Naval Weapons.  BuAir merged with BuOrd to form BuWeps.  BuWeps, in turn, was disestablished in 1966 when the Navy overhauled its materiel organization, and was replaced with the Naval Ordnance Systems Command (NAVORD) and the Naval Air Systems Command (NAVAIR). Other systems commands at the time included the Naval Ship Systems Command (NAVSHIPS) and the Naval Electronics Systems Command (NAVELEX).  Ship and submarine ordnance functions fell under the new Naval Ordnance Systems Command while air ordnance stayed with the Naval Air Systems Command.  In July 1974, the Naval Ordnance Systems Command and Naval Ship Systems Command merged to form the Naval Sea Systems Command (NAVSEA).  Traditional Naval Ordnance functions are now conducted at the Naval Surface Warfare Centers which fall under the command of Naval Sea Systems Command.|In what year was the Naval Ordnance Systems Command disestablished?|bert|binary|hamming|50|False|-1|False|-1
680|Q2906424|BuOrd was disestablished by Congress by an act of August 18, 1959 (73 Stat. 395), and its functions were transferred to the newly established Bureau of Naval Weapons.  BuAir merged with BuOrd to form BuWeps.  BuWeps, in turn, was disestablished in 1966 when the Navy overhauled its materiel organization, and was replaced with the Naval Ordnance Systems Command (NAVORD) and the Naval Air Systems Command (NAVAIR). Other systems commands at the time included the Naval Ship Systems Command (NAVSHIPS) and the Naval Electronics Systems Command (NAVELEX).  Ship and submarine ordnance functions fell under the new Naval Ordnance Systems Command while air ordnance stayed with the Naval Air Systems Command.  In July 1974, the Naval Ordnance Systems Command and Naval Ship Systems Command merged to form the Naval Sea Systems Command (NAVSEA).  Traditional Naval Ordnance functions are now conducted at the Naval Surface Warfare Centers which fall under the command of Naval Sea Systems Command.|In what year was the Naval Ordnance Systems Command disestablished?|bert-large|fp32|l2|5|False|-1|False|-1
681|Q2906424|BuOrd was disestablished by Congress by an act of August 18, 1959 (73 Stat. 395), and its functions were transferred to the newly established Bureau of Naval Weapons.  BuAir merged with BuOrd to form BuWeps.  BuWeps, in turn, was disestablished in 1966 when the Navy overhauled its materiel organization, and was replaced with the Naval Ordnance Systems Command (NAVORD) and the Naval Air Systems Command (NAVAIR). Other systems commands at the time included the Naval Ship Systems Command (NAVSHIPS) and the Naval Electronics Systems Command (NAVELEX).  Ship and submarine ordnance functions fell under the new Naval Ordnance Systems Command while air ordnance stayed with the Naval Air Systems Command.  In July 1974, the Naval Ordnance Systems Command and Naval Ship Systems Command merged to form the Naval Sea Systems Command (NAVSEA).  Traditional Naval Ordnance functions are now conducted at the Naval Surface Warfare Centers which fall under the command of Naval Sea Systems Command.|In what year was the Naval Ordnance Systems Command disestablished?|bert-large|fp32|l2|10|False|-1|False|-1
682|Q2906424|BuOrd was disestablished by Congress by an act of August 18, 1959 (73 Stat. 395), and its functions were transferred to the newly established Bureau of Naval Weapons.  BuAir merged with BuOrd to form BuWeps.  BuWeps, in turn, was disestablished in 1966 when the Navy overhauled its materiel organization, and was replaced with the Naval Ordnance Systems Command (NAVORD) and the Naval Air Systems Command (NAVAIR). Other systems commands at the time included the Naval Ship Systems Command (NAVSHIPS) and the Naval Electronics Systems Command (NAVELEX).  Ship and submarine ordnance functions fell under the new Naval Ordnance Systems Command while air ordnance stayed with the Naval Air Systems Command.  In July 1974, the Naval Ordnance Systems Command and Naval Ship Systems Command merged to form the Naval Sea Systems Command (NAVSEA).  Traditional Naval Ordnance functions are now conducted at the Naval Surface Warfare Centers which fall under the command of Naval Sea Systems Command.|In what year was the Naval Ordnance Systems Command disestablished?|bert-large|fp32|l2|20|False|-1|False|-1
683|Q2906424|BuOrd was disestablished by Congress by an act of August 18, 1959 (73 Stat. 395), and its functions were transferred to the newly established Bureau of Naval Weapons.  BuAir merged with BuOrd to form BuWeps.  BuWeps, in turn, was disestablished in 1966 when the Navy overhauled its materiel organization, and was replaced with the Naval Ordnance Systems Command (NAVORD) and the Naval Air Systems Command (NAVAIR). Other systems commands at the time included the Naval Ship Systems Command (NAVSHIPS) and the Naval Electronics Systems Command (NAVELEX).  Ship and submarine ordnance functions fell under the new Naval Ordnance Systems Command while air ordnance stayed with the Naval Air Systems Command.  In July 1974, the Naval Ordnance Systems Command and Naval Ship Systems Command merged to form the Naval Sea Systems Command (NAVSEA).  Traditional Naval Ordnance functions are now conducted at the Naval Surface Warfare Centers which fall under the command of Naval Sea Systems Command.|In what year was the Naval Ordnance Systems Command disestablished?|bert-large|fp32|l2|25|False|-1|False|-1
684|Q2906424|BuOrd was disestablished by Congress by an act of August 18, 1959 (73 Stat. 395), and its functions were transferred to the newly established Bureau of Naval Weapons.  BuAir merged with BuOrd to form BuWeps.  BuWeps, in turn, was disestablished in 1966 when the Navy overhauled its materiel organization, and was replaced with the Naval Ordnance Systems Command (NAVORD) and the Naval Air Systems Command (NAVAIR). Other systems commands at the time included the Naval Ship Systems Command (NAVSHIPS) and the Naval Electronics Systems Command (NAVELEX).  Ship and submarine ordnance functions fell under the new Naval Ordnance Systems Command while air ordnance stayed with the Naval Air Systems Command.  In July 1974, the Naval Ordnance Systems Command and Naval Ship Systems Command merged to form the Naval Sea Systems Command (NAVSEA).  Traditional Naval Ordnance functions are now conducted at the Naval Surface Warfare Centers which fall under the command of Naval Sea Systems Command.|In what year was the Naval Ordnance Systems Command disestablished?|bert-large|fp32|l2|50|False|-1|False|-1
685|Q2906424|BuOrd was disestablished by Congress by an act of August 18, 1959 (73 Stat. 395), and its functions were transferred to the newly established Bureau of Naval Weapons.  BuAir merged with BuOrd to form BuWeps.  BuWeps, in turn, was disestablished in 1966 when the Navy overhauled its materiel organization, and was replaced with the Naval Ordnance Systems Command (NAVORD) and the Naval Air Systems Command (NAVAIR). Other systems commands at the time included the Naval Ship Systems Command (NAVSHIPS) and the Naval Electronics Systems Command (NAVELEX).  Ship and submarine ordnance functions fell under the new Naval Ordnance Systems Command while air ordnance stayed with the Naval Air Systems Command.  In July 1974, the Naval Ordnance Systems Command and Naval Ship Systems Command merged to form the Naval Sea Systems Command (NAVSEA).  Traditional Naval Ordnance functions are now conducted at the Naval Surface Warfare Centers which fall under the command of Naval Sea Systems Command.|In what year was the Naval Ordnance Systems Command disestablished?|bert-large|fp32|cosine|5|False|-1|False|-1
686|Q2906424|BuOrd was disestablished by Congress by an act of August 18, 1959 (73 Stat. 395), and its functions were transferred to the newly established Bureau of Naval Weapons.  BuAir merged with BuOrd to form BuWeps.  BuWeps, in turn, was disestablished in 1966 when the Navy overhauled its materiel organization, and was replaced with the Naval Ordnance Systems Command (NAVORD) and the Naval Air Systems Command (NAVAIR). Other systems commands at the time included the Naval Ship Systems Command (NAVSHIPS) and the Naval Electronics Systems Command (NAVELEX).  Ship and submarine ordnance functions fell under the new Naval Ordnance Systems Command while air ordnance stayed with the Naval Air Systems Command.  In July 1974, the Naval Ordnance Systems Command and Naval Ship Systems Command merged to form the Naval Sea Systems Command (NAVSEA).  Traditional Naval Ordnance functions are now conducted at the Naval Surface Warfare Centers which fall under the command of Naval Sea Systems Command.|In what year was the Naval Ordnance Systems Command disestablished?|bert-large|fp32|cosine|10|False|-1|False|-1
687|Q2906424|BuOrd was disestablished by Congress by an act of August 18, 1959 (73 Stat. 395), and its functions were transferred to the newly established Bureau of Naval Weapons.  BuAir merged with BuOrd to form BuWeps.  BuWeps, in turn, was disestablished in 1966 when the Navy overhauled its materiel organization, and was replaced with the Naval Ordnance Systems Command (NAVORD) and the Naval Air Systems Command (NAVAIR). Other systems commands at the time included the Naval Ship Systems Command (NAVSHIPS) and the Naval Electronics Systems Command (NAVELEX).  Ship and submarine ordnance functions fell under the new Naval Ordnance Systems Command while air ordnance stayed with the Naval Air Systems Command.  In July 1974, the Naval Ordnance Systems Command and Naval Ship Systems Command merged to form the Naval Sea Systems Command (NAVSEA).  Traditional Naval Ordnance functions are now conducted at the Naval Surface Warfare Centers which fall under the command of Naval Sea Systems Command.|In what year was the Naval Ordnance Systems Command disestablished?|bert-large|fp32|cosine|20|False|-1|False|-1
688|Q2906424|BuOrd was disestablished by Congress by an act of August 18, 1959 (73 Stat. 395), and its functions were transferred to the newly established Bureau of Naval Weapons.  BuAir merged with BuOrd to form BuWeps.  BuWeps, in turn, was disestablished in 1966 when the Navy overhauled its materiel organization, and was replaced with the Naval Ordnance Systems Command (NAVORD) and the Naval Air Systems Command (NAVAIR). Other systems commands at the time included the Naval Ship Systems Command (NAVSHIPS) and the Naval Electronics Systems Command (NAVELEX).  Ship and submarine ordnance functions fell under the new Naval Ordnance Systems Command while air ordnance stayed with the Naval Air Systems Command.  In July 1974, the Naval Ordnance Systems Command and Naval Ship Systems Command merged to form the Naval Sea Systems Command (NAVSEA).  Traditional Naval Ordnance functions are now conducted at the Naval Surface Warfare Centers which fall under the command of Naval Sea Systems Command.|In what year was the Naval Ordnance Systems Command disestablished?|bert-large|fp32|cosine|25|False|-1|False|-1
689|Q2906424|BuOrd was disestablished by Congress by an act of August 18, 1959 (73 Stat. 395), and its functions were transferred to the newly established Bureau of Naval Weapons.  BuAir merged with BuOrd to form BuWeps.  BuWeps, in turn, was disestablished in 1966 when the Navy overhauled its materiel organization, and was replaced with the Naval Ordnance Systems Command (NAVORD) and the Naval Air Systems Command (NAVAIR). Other systems commands at the time included the Naval Ship Systems Command (NAVSHIPS) and the Naval Electronics Systems Command (NAVELEX).  Ship and submarine ordnance functions fell under the new Naval Ordnance Systems Command while air ordnance stayed with the Naval Air Systems Command.  In July 1974, the Naval Ordnance Systems Command and Naval Ship Systems Command merged to form the Naval Sea Systems Command (NAVSEA).  Traditional Naval Ordnance functions are now conducted at the Naval Surface Warfare Centers which fall under the command of Naval Sea Systems Command.|In what year was the Naval Ordnance Systems Command disestablished?|bert-large|fp32|cosine|50|False|-1|False|-1
690|Q2906424|BuOrd was disestablished by Congress by an act of August 18, 1959 (73 Stat. 395), and its functions were transferred to the newly established Bureau of Naval Weapons.  BuAir merged with BuOrd to form BuWeps.  BuWeps, in turn, was disestablished in 1966 when the Navy overhauled its materiel organization, and was replaced with the Naval Ordnance Systems Command (NAVORD) and the Naval Air Systems Command (NAVAIR). Other systems commands at the time included the Naval Ship Systems Command (NAVSHIPS) and the Naval Electronics Systems Command (NAVELEX).  Ship and submarine ordnance functions fell under the new Naval Ordnance Systems Command while air ordnance stayed with the Naval Air Systems Command.  In July 1974, the Naval Ordnance Systems Command and Naval Ship Systems Command merged to form the Naval Sea Systems Command (NAVSEA).  Traditional Naval Ordnance functions are now conducted at the Naval Surface Warfare Centers which fall under the command of Naval Sea Systems Command.|In what year was the Naval Ordnance Systems Command disestablished?|bert-large|fp32|dot|5|False|-1|False|-1
691|Q2906424|BuOrd was disestablished by Congress by an act of August 18, 1959 (73 Stat. 395), and its functions were transferred to the newly established Bureau of Naval Weapons.  BuAir merged with BuOrd to form BuWeps.  BuWeps, in turn, was disestablished in 1966 when the Navy overhauled its materiel organization, and was replaced with the Naval Ordnance Systems Command (NAVORD) and the Naval Air Systems Command (NAVAIR). Other systems commands at the time included the Naval Ship Systems Command (NAVSHIPS) and the Naval Electronics Systems Command (NAVELEX).  Ship and submarine ordnance functions fell under the new Naval Ordnance Systems Command while air ordnance stayed with the Naval Air Systems Command.  In July 1974, the Naval Ordnance Systems Command and Naval Ship Systems Command merged to form the Naval Sea Systems Command (NAVSEA).  Traditional Naval Ordnance functions are now conducted at the Naval Surface Warfare Centers which fall under the command of Naval Sea Systems Command.|In what year was the Naval Ordnance Systems Command disestablished?|bert-large|fp32|dot|10|False|-1|False|-1
692|Q2906424|BuOrd was disestablished by Congress by an act of August 18, 1959 (73 Stat. 395), and its functions were transferred to the newly established Bureau of Naval Weapons.  BuAir merged with BuOrd to form BuWeps.  BuWeps, in turn, was disestablished in 1966 when the Navy overhauled its materiel organization, and was replaced with the Naval Ordnance Systems Command (NAVORD) and the Naval Air Systems Command (NAVAIR). Other systems commands at the time included the Naval Ship Systems Command (NAVSHIPS) and the Naval Electronics Systems Command (NAVELEX).  Ship and submarine ordnance functions fell under the new Naval Ordnance Systems Command while air ordnance stayed with the Naval Air Systems Command.  In July 1974, the Naval Ordnance Systems Command and Naval Ship Systems Command merged to form the Naval Sea Systems Command (NAVSEA).  Traditional Naval Ordnance functions are now conducted at the Naval Surface Warfare Centers which fall under the command of Naval Sea Systems Command.|In what year was the Naval Ordnance Systems Command disestablished?|bert-large|fp32|dot|20|False|-1|False|-1
693|Q2906424|BuOrd was disestablished by Congress by an act of August 18, 1959 (73 Stat. 395), and its functions were transferred to the newly established Bureau of Naval Weapons.  BuAir merged with BuOrd to form BuWeps.  BuWeps, in turn, was disestablished in 1966 when the Navy overhauled its materiel organization, and was replaced with the Naval Ordnance Systems Command (NAVORD) and the Naval Air Systems Command (NAVAIR). Other systems commands at the time included the Naval Ship Systems Command (NAVSHIPS) and the Naval Electronics Systems Command (NAVELEX).  Ship and submarine ordnance functions fell under the new Naval Ordnance Systems Command while air ordnance stayed with the Naval Air Systems Command.  In July 1974, the Naval Ordnance Systems Command and Naval Ship Systems Command merged to form the Naval Sea Systems Command (NAVSEA).  Traditional Naval Ordnance functions are now conducted at the Naval Surface Warfare Centers which fall under the command of Naval Sea Systems Command.|In what year was the Naval Ordnance Systems Command disestablished?|bert-large|fp32|dot|25|False|-1|False|-1
694|Q2906424|BuOrd was disestablished by Congress by an act of August 18, 1959 (73 Stat. 395), and its functions were transferred to the newly established Bureau of Naval Weapons.  BuAir merged with BuOrd to form BuWeps.  BuWeps, in turn, was disestablished in 1966 when the Navy overhauled its materiel organization, and was replaced with the Naval Ordnance Systems Command (NAVORD) and the Naval Air Systems Command (NAVAIR). Other systems commands at the time included the Naval Ship Systems Command (NAVSHIPS) and the Naval Electronics Systems Command (NAVELEX).  Ship and submarine ordnance functions fell under the new Naval Ordnance Systems Command while air ordnance stayed with the Naval Air Systems Command.  In July 1974, the Naval Ordnance Systems Command and Naval Ship Systems Command merged to form the Naval Sea Systems Command (NAVSEA).  Traditional Naval Ordnance functions are now conducted at the Naval Surface Warfare Centers which fall under the command of Naval Sea Systems Command.|In what year was the Naval Ordnance Systems Command disestablished?|bert-large|fp32|dot|50|False|-1|False|-1
695|Q2906424|BuOrd was disestablished by Congress by an act of August 18, 1959 (73 Stat. 395), and its functions were transferred to the newly established Bureau of Naval Weapons.  BuAir merged with BuOrd to form BuWeps.  BuWeps, in turn, was disestablished in 1966 when the Navy overhauled its materiel organization, and was replaced with the Naval Ordnance Systems Command (NAVORD) and the Naval Air Systems Command (NAVAIR). Other systems commands at the time included the Naval Ship Systems Command (NAVSHIPS) and the Naval Electronics Systems Command (NAVELEX).  Ship and submarine ordnance functions fell under the new Naval Ordnance Systems Command while air ordnance stayed with the Naval Air Systems Command.  In July 1974, the Naval Ordnance Systems Command and Naval Ship Systems Command merged to form the Naval Sea Systems Command (NAVSEA).  Traditional Naval Ordnance functions are now conducted at the Naval Surface Warfare Centers which fall under the command of Naval Sea Systems Command.|In what year was the Naval Ordnance Systems Command disestablished?|bert-large|binary|hamming|5|False|-1|False|-1
696|Q2906424|BuOrd was disestablished by Congress by an act of August 18, 1959 (73 Stat. 395), and its functions were transferred to the newly established Bureau of Naval Weapons.  BuAir merged with BuOrd to form BuWeps.  BuWeps, in turn, was disestablished in 1966 when the Navy overhauled its materiel organization, and was replaced with the Naval Ordnance Systems Command (NAVORD) and the Naval Air Systems Command (NAVAIR). Other systems commands at the time included the Naval Ship Systems Command (NAVSHIPS) and the Naval Electronics Systems Command (NAVELEX).  Ship and submarine ordnance functions fell under the new Naval Ordnance Systems Command while air ordnance stayed with the Naval Air Systems Command.  In July 1974, the Naval Ordnance Systems Command and Naval Ship Systems Command merged to form the Naval Sea Systems Command (NAVSEA).  Traditional Naval Ordnance functions are now conducted at the Naval Surface Warfare Centers which fall under the command of Naval Sea Systems Command.|In what year was the Naval Ordnance Systems Command disestablished?|bert-large|binary|hamming|10|False|-1|False|-1
697|Q2906424|BuOrd was disestablished by Congress by an act of August 18, 1959 (73 Stat. 395), and its functions were transferred to the newly established Bureau of Naval Weapons.  BuAir merged with BuOrd to form BuWeps.  BuWeps, in turn, was disestablished in 1966 when the Navy overhauled its materiel organization, and was replaced with the Naval Ordnance Systems Command (NAVORD) and the Naval Air Systems Command (NAVAIR). Other systems commands at the time included the Naval Ship Systems Command (NAVSHIPS) and the Naval Electronics Systems Command (NAVELEX).  Ship and submarine ordnance functions fell under the new Naval Ordnance Systems Command while air ordnance stayed with the Naval Air Systems Command.  In July 1974, the Naval Ordnance Systems Command and Naval Ship Systems Command merged to form the Naval Sea Systems Command (NAVSEA).  Traditional Naval Ordnance functions are now conducted at the Naval Surface Warfare Centers which fall under the command of Naval Sea Systems Command.|In what year was the Naval Ordnance Systems Command disestablished?|bert-large|binary|hamming|20|False|-1|False|-1
698|Q2906424|BuOrd was disestablished by Congress by an act of August 18, 1959 (73 Stat. 395), and its functions were transferred to the newly established Bureau of Naval Weapons.  BuAir merged with BuOrd to form BuWeps.  BuWeps, in turn, was disestablished in 1966 when the Navy overhauled its materiel organization, and was replaced with the Naval Ordnance Systems Command (NAVORD) and the Naval Air Systems Command (NAVAIR). Other systems commands at the time included the Naval Ship Systems Command (NAVSHIPS) and the Naval Electronics Systems Command (NAVELEX).  Ship and submarine ordnance functions fell under the new Naval Ordnance Systems Command while air ordnance stayed with the Naval Air Systems Command.  In July 1974, the Naval Ordnance Systems Command and Naval Ship Systems Command merged to form the Naval Sea Systems Command (NAVSEA).  Traditional Naval Ordnance functions are now conducted at the Naval Surface Warfare Centers which fall under the command of Naval Sea Systems Command.|In what year was the Naval Ordnance Systems Command disestablished?|bert-large|binary|hamming|25|False|-1|False|-1
699|Q2906424|BuOrd was disestablished by Congress by an act of August 18, 1959 (73 Stat. 395), and its functions were transferred to the newly established Bureau of Naval Weapons.  BuAir merged with BuOrd to form BuWeps.  BuWeps, in turn, was disestablished in 1966 when the Navy overhauled its materiel organization, and was replaced with the Naval Ordnance Systems Command (NAVORD) and the Naval Air Systems Command (NAVAIR). Other systems commands at the time included the Naval Ship Systems Command (NAVSHIPS) and the Naval Electronics Systems Command (NAVELEX).  Ship and submarine ordnance functions fell under the new Naval Ordnance Systems Command while air ordnance stayed with the Naval Air Systems Command.  In July 1974, the Naval Ordnance Systems Command and Naval Ship Systems Command merged to form the Naval Sea Systems Command (NAVSEA).  Traditional Naval Ordnance functions are now conducted at the Naval Surface Warfare Centers which fall under the command of Naval Sea Systems Command.|In what year was the Naval Ordnance Systems Command disestablished?|bert-large|binary|hamming|50|False|-1|False|-1
700|Q2906424|BuOrd was disestablished by Congress by an act of August 18, 1959 (73 Stat. 395), and its functions were transferred to the newly established Bureau of Naval Weapons.  BuAir merged with BuOrd to form BuWeps.  BuWeps, in turn, was disestablished in 1966 when the Navy overhauled its materiel organization, and was replaced with the Naval Ordnance Systems Command (NAVORD) and the Naval Air Systems Command (NAVAIR). Other systems commands at the time included the Naval Ship Systems Command (NAVSHIPS) and the Naval Electronics Systems Command (NAVELEX).  Ship and submarine ordnance functions fell under the new Naval Ordnance Systems Command while air ordnance stayed with the Naval Air Systems Command.  In July 1974, the Naval Ordnance Systems Command and Naval Ship Systems Command merged to form the Naval Sea Systems Command (NAVSEA).  Traditional Naval Ordnance functions are now conducted at the Naval Surface Warfare Centers which fall under the command of Naval Sea Systems Command.|In what year was the Naval Ordnance Systems Command disestablished?|distilbert|fp32|l2|5|True|0|True|0
701|Q2906424|BuOrd was disestablished by Congress by an act of August 18, 1959 (73 Stat. 395), and its functions were transferred to the newly established Bureau of Naval Weapons.  BuAir merged with BuOrd to form BuWeps.  BuWeps, in turn, was disestablished in 1966 when the Navy overhauled its materiel organization, and was replaced with the Naval Ordnance Systems Command (NAVORD) and the Naval Air Systems Command (NAVAIR). Other systems commands at the time included the Naval Ship Systems Command (NAVSHIPS) and the Naval Electronics Systems Command (NAVELEX).  Ship and submarine ordnance functions fell under the new Naval Ordnance Systems Command while air ordnance stayed with the Naval Air Systems Command.  In July 1974, the Naval Ordnance Systems Command and Naval Ship Systems Command merged to form the Naval Sea Systems Command (NAVSEA).  Traditional Naval Ordnance functions are now conducted at the Naval Surface Warfare Centers which fall under the command of Naval Sea Systems Command.|In what year was the Naval Ordnance Systems Command disestablished?|distilbert|fp32|l2|10|True|0|True|0
702|Q2906424|BuOrd was disestablished by Congress by an act of August 18, 1959 (73 Stat. 395), and its functions were transferred to the newly established Bureau of Naval Weapons.  BuAir merged with BuOrd to form BuWeps.  BuWeps, in turn, was disestablished in 1966 when the Navy overhauled its materiel organization, and was replaced with the Naval Ordnance Systems Command (NAVORD) and the Naval Air Systems Command (NAVAIR). Other systems commands at the time included the Naval Ship Systems Command (NAVSHIPS) and the Naval Electronics Systems Command (NAVELEX).  Ship and submarine ordnance functions fell under the new Naval Ordnance Systems Command while air ordnance stayed with the Naval Air Systems Command.  In July 1974, the Naval Ordnance Systems Command and Naval Ship Systems Command merged to form the Naval Sea Systems Command (NAVSEA).  Traditional Naval Ordnance functions are now conducted at the Naval Surface Warfare Centers which fall under the command of Naval Sea Systems Command.|In what year was the Naval Ordnance Systems Command disestablished?|distilbert|fp32|l2|20|True|0|True|0
703|Q2906424|BuOrd was disestablished by Congress by an act of August 18, 1959 (73 Stat. 395), and its functions were transferred to the newly established Bureau of Naval Weapons.  BuAir merged with BuOrd to form BuWeps.  BuWeps, in turn, was disestablished in 1966 when the Navy overhauled its materiel organization, and was replaced with the Naval Ordnance Systems Command (NAVORD) and the Naval Air Systems Command (NAVAIR). Other systems commands at the time included the Naval Ship Systems Command (NAVSHIPS) and the Naval Electronics Systems Command (NAVELEX).  Ship and submarine ordnance functions fell under the new Naval Ordnance Systems Command while air ordnance stayed with the Naval Air Systems Command.  In July 1974, the Naval Ordnance Systems Command and Naval Ship Systems Command merged to form the Naval Sea Systems Command (NAVSEA).  Traditional Naval Ordnance functions are now conducted at the Naval Surface Warfare Centers which fall under the command of Naval Sea Systems Command.|In what year was the Naval Ordnance Systems Command disestablished?|distilbert|fp32|l2|25|True|0|True|0
704|Q2906424|BuOrd was disestablished by Congress by an act of August 18, 1959 (73 Stat. 395), and its functions were transferred to the newly established Bureau of Naval Weapons.  BuAir merged with BuOrd to form BuWeps.  BuWeps, in turn, was disestablished in 1966 when the Navy overhauled its materiel organization, and was replaced with the Naval Ordnance Systems Command (NAVORD) and the Naval Air Systems Command (NAVAIR). Other systems commands at the time included the Naval Ship Systems Command (NAVSHIPS) and the Naval Electronics Systems Command (NAVELEX).  Ship and submarine ordnance functions fell under the new Naval Ordnance Systems Command while air ordnance stayed with the Naval Air Systems Command.  In July 1974, the Naval Ordnance Systems Command and Naval Ship Systems Command merged to form the Naval Sea Systems Command (NAVSEA).  Traditional Naval Ordnance functions are now conducted at the Naval Surface Warfare Centers which fall under the command of Naval Sea Systems Command.|In what year was the Naval Ordnance Systems Command disestablished?|distilbert|fp32|l2|50|True|0|True|0
705|Q2906424|BuOrd was disestablished by Congress by an act of August 18, 1959 (73 Stat. 395), and its functions were transferred to the newly established Bureau of Naval Weapons.  BuAir merged with BuOrd to form BuWeps.  BuWeps, in turn, was disestablished in 1966 when the Navy overhauled its materiel organization, and was replaced with the Naval Ordnance Systems Command (NAVORD) and the Naval Air Systems Command (NAVAIR). Other systems commands at the time included the Naval Ship Systems Command (NAVSHIPS) and the Naval Electronics Systems Command (NAVELEX).  Ship and submarine ordnance functions fell under the new Naval Ordnance Systems Command while air ordnance stayed with the Naval Air Systems Command.  In July 1974, the Naval Ordnance Systems Command and Naval Ship Systems Command merged to form the Naval Sea Systems Command (NAVSEA).  Traditional Naval Ordnance functions are now conducted at the Naval Surface Warfare Centers which fall under the command of Naval Sea Systems Command.|In what year was the Naval Ordnance Systems Command disestablished?|distilbert|fp32|cosine|5|True|0|True|0
706|Q2906424|BuOrd was disestablished by Congress by an act of August 18, 1959 (73 Stat. 395), and its functions were transferred to the newly established Bureau of Naval Weapons.  BuAir merged with BuOrd to form BuWeps.  BuWeps, in turn, was disestablished in 1966 when the Navy overhauled its materiel organization, and was replaced with the Naval Ordnance Systems Command (NAVORD) and the Naval Air Systems Command (NAVAIR). Other systems commands at the time included the Naval Ship Systems Command (NAVSHIPS) and the Naval Electronics Systems Command (NAVELEX).  Ship and submarine ordnance functions fell under the new Naval Ordnance Systems Command while air ordnance stayed with the Naval Air Systems Command.  In July 1974, the Naval Ordnance Systems Command and Naval Ship Systems Command merged to form the Naval Sea Systems Command (NAVSEA).  Traditional Naval Ordnance functions are now conducted at the Naval Surface Warfare Centers which fall under the command of Naval Sea Systems Command.|In what year was the Naval Ordnance Systems Command disestablished?|distilbert|fp32|cosine|10|True|0|True|0
707|Q2906424|BuOrd was disestablished by Congress by an act of August 18, 1959 (73 Stat. 395), and its functions were transferred to the newly established Bureau of Naval Weapons.  BuAir merged with BuOrd to form BuWeps.  BuWeps, in turn, was disestablished in 1966 when the Navy overhauled its materiel organization, and was replaced with the Naval Ordnance Systems Command (NAVORD) and the Naval Air Systems Command (NAVAIR). Other systems commands at the time included the Naval Ship Systems Command (NAVSHIPS) and the Naval Electronics Systems Command (NAVELEX).  Ship and submarine ordnance functions fell under the new Naval Ordnance Systems Command while air ordnance stayed with the Naval Air Systems Command.  In July 1974, the Naval Ordnance Systems Command and Naval Ship Systems Command merged to form the Naval Sea Systems Command (NAVSEA).  Traditional Naval Ordnance functions are now conducted at the Naval Surface Warfare Centers which fall under the command of Naval Sea Systems Command.|In what year was the Naval Ordnance Systems Command disestablished?|distilbert|fp32|cosine|20|True|0|True|0
708|Q2906424|BuOrd was disestablished by Congress by an act of August 18, 1959 (73 Stat. 395), and its functions were transferred to the newly established Bureau of Naval Weapons.  BuAir merged with BuOrd to form BuWeps.  BuWeps, in turn, was disestablished in 1966 when the Navy overhauled its materiel organization, and was replaced with the Naval Ordnance Systems Command (NAVORD) and the Naval Air Systems Command (NAVAIR). Other systems commands at the time included the Naval Ship Systems Command (NAVSHIPS) and the Naval Electronics Systems Command (NAVELEX).  Ship and submarine ordnance functions fell under the new Naval Ordnance Systems Command while air ordnance stayed with the Naval Air Systems Command.  In July 1974, the Naval Ordnance Systems Command and Naval Ship Systems Command merged to form the Naval Sea Systems Command (NAVSEA).  Traditional Naval Ordnance functions are now conducted at the Naval Surface Warfare Centers which fall under the command of Naval Sea Systems Command.|In what year was the Naval Ordnance Systems Command disestablished?|distilbert|fp32|cosine|25|True|0|True|0
709|Q2906424|BuOrd was disestablished by Congress by an act of August 18, 1959 (73 Stat. 395), and its functions were transferred to the newly established Bureau of Naval Weapons.  BuAir merged with BuOrd to form BuWeps.  BuWeps, in turn, was disestablished in 1966 when the Navy overhauled its materiel organization, and was replaced with the Naval Ordnance Systems Command (NAVORD) and the Naval Air Systems Command (NAVAIR). Other systems commands at the time included the Naval Ship Systems Command (NAVSHIPS) and the Naval Electronics Systems Command (NAVELEX).  Ship and submarine ordnance functions fell under the new Naval Ordnance Systems Command while air ordnance stayed with the Naval Air Systems Command.  In July 1974, the Naval Ordnance Systems Command and Naval Ship Systems Command merged to form the Naval Sea Systems Command (NAVSEA).  Traditional Naval Ordnance functions are now conducted at the Naval Surface Warfare Centers which fall under the command of Naval Sea Systems Command.|In what year was the Naval Ordnance Systems Command disestablished?|distilbert|fp32|cosine|50|True|0|True|0
710|Q2906424|BuOrd was disestablished by Congress by an act of August 18, 1959 (73 Stat. 395), and its functions were transferred to the newly established Bureau of Naval Weapons.  BuAir merged with BuOrd to form BuWeps.  BuWeps, in turn, was disestablished in 1966 when the Navy overhauled its materiel organization, and was replaced with the Naval Ordnance Systems Command (NAVORD) and the Naval Air Systems Command (NAVAIR). Other systems commands at the time included the Naval Ship Systems Command (NAVSHIPS) and the Naval Electronics Systems Command (NAVELEX).  Ship and submarine ordnance functions fell under the new Naval Ordnance Systems Command while air ordnance stayed with the Naval Air Systems Command.  In July 1974, the Naval Ordnance Systems Command and Naval Ship Systems Command merged to form the Naval Sea Systems Command (NAVSEA).  Traditional Naval Ordnance functions are now conducted at the Naval Surface Warfare Centers which fall under the command of Naval Sea Systems Command.|In what year was the Naval Ordnance Systems Command disestablished?|distilbert|fp32|dot|5|False|-1|False|-1
711|Q2906424|BuOrd was disestablished by Congress by an act of August 18, 1959 (73 Stat. 395), and its functions were transferred to the newly established Bureau of Naval Weapons.  BuAir merged with BuOrd to form BuWeps.  BuWeps, in turn, was disestablished in 1966 when the Navy overhauled its materiel organization, and was replaced with the Naval Ordnance Systems Command (NAVORD) and the Naval Air Systems Command (NAVAIR). Other systems commands at the time included the Naval Ship Systems Command (NAVSHIPS) and the Naval Electronics Systems Command (NAVELEX).  Ship and submarine ordnance functions fell under the new Naval Ordnance Systems Command while air ordnance stayed with the Naval Air Systems Command.  In July 1974, the Naval Ordnance Systems Command and Naval Ship Systems Command merged to form the Naval Sea Systems Command (NAVSEA).  Traditional Naval Ordnance functions are now conducted at the Naval Surface Warfare Centers which fall under the command of Naval Sea Systems Command.|In what year was the Naval Ordnance Systems Command disestablished?|distilbert|fp32|dot|10|False|-1|False|-1
712|Q2906424|BuOrd was disestablished by Congress by an act of August 18, 1959 (73 Stat. 395), and its functions were transferred to the newly established Bureau of Naval Weapons.  BuAir merged with BuOrd to form BuWeps.  BuWeps, in turn, was disestablished in 1966 when the Navy overhauled its materiel organization, and was replaced with the Naval Ordnance Systems Command (NAVORD) and the Naval Air Systems Command (NAVAIR). Other systems commands at the time included the Naval Ship Systems Command (NAVSHIPS) and the Naval Electronics Systems Command (NAVELEX).  Ship and submarine ordnance functions fell under the new Naval Ordnance Systems Command while air ordnance stayed with the Naval Air Systems Command.  In July 1974, the Naval Ordnance Systems Command and Naval Ship Systems Command merged to form the Naval Sea Systems Command (NAVSEA).  Traditional Naval Ordnance functions are now conducted at the Naval Surface Warfare Centers which fall under the command of Naval Sea Systems Command.|In what year was the Naval Ordnance Systems Command disestablished?|distilbert|fp32|dot|20|False|-1|False|-1
713|Q2906424|BuOrd was disestablished by Congress by an act of August 18, 1959 (73 Stat. 395), and its functions were transferred to the newly established Bureau of Naval Weapons.  BuAir merged with BuOrd to form BuWeps.  BuWeps, in turn, was disestablished in 1966 when the Navy overhauled its materiel organization, and was replaced with the Naval Ordnance Systems Command (NAVORD) and the Naval Air Systems Command (NAVAIR). Other systems commands at the time included the Naval Ship Systems Command (NAVSHIPS) and the Naval Electronics Systems Command (NAVELEX).  Ship and submarine ordnance functions fell under the new Naval Ordnance Systems Command while air ordnance stayed with the Naval Air Systems Command.  In July 1974, the Naval Ordnance Systems Command and Naval Ship Systems Command merged to form the Naval Sea Systems Command (NAVSEA).  Traditional Naval Ordnance functions are now conducted at the Naval Surface Warfare Centers which fall under the command of Naval Sea Systems Command.|In what year was the Naval Ordnance Systems Command disestablished?|distilbert|fp32|dot|25|False|-1|False|-1
714|Q2906424|BuOrd was disestablished by Congress by an act of August 18, 1959 (73 Stat. 395), and its functions were transferred to the newly established Bureau of Naval Weapons.  BuAir merged with BuOrd to form BuWeps.  BuWeps, in turn, was disestablished in 1966 when the Navy overhauled its materiel organization, and was replaced with the Naval Ordnance Systems Command (NAVORD) and the Naval Air Systems Command (NAVAIR). Other systems commands at the time included the Naval Ship Systems Command (NAVSHIPS) and the Naval Electronics Systems Command (NAVELEX).  Ship and submarine ordnance functions fell under the new Naval Ordnance Systems Command while air ordnance stayed with the Naval Air Systems Command.  In July 1974, the Naval Ordnance Systems Command and Naval Ship Systems Command merged to form the Naval Sea Systems Command (NAVSEA).  Traditional Naval Ordnance functions are now conducted at the Naval Surface Warfare Centers which fall under the command of Naval Sea Systems Command.|In what year was the Naval Ordnance Systems Command disestablished?|distilbert|fp32|dot|50|False|-1|False|-1
715|Q2906424|BuOrd was disestablished by Congress by an act of August 18, 1959 (73 Stat. 395), and its functions were transferred to the newly established Bureau of Naval Weapons.  BuAir merged with BuOrd to form BuWeps.  BuWeps, in turn, was disestablished in 1966 when the Navy overhauled its materiel organization, and was replaced with the Naval Ordnance Systems Command (NAVORD) and the Naval Air Systems Command (NAVAIR). Other systems commands at the time included the Naval Ship Systems Command (NAVSHIPS) and the Naval Electronics Systems Command (NAVELEX).  Ship and submarine ordnance functions fell under the new Naval Ordnance Systems Command while air ordnance stayed with the Naval Air Systems Command.  In July 1974, the Naval Ordnance Systems Command and Naval Ship Systems Command merged to form the Naval Sea Systems Command (NAVSEA).  Traditional Naval Ordnance functions are now conducted at the Naval Surface Warfare Centers which fall under the command of Naval Sea Systems Command.|In what year was the Naval Ordnance Systems Command disestablished?|distilbert|binary|hamming|5|True|1|True|1
716|Q2906424|BuOrd was disestablished by Congress by an act of August 18, 1959 (73 Stat. 395), and its functions were transferred to the newly established Bureau of Naval Weapons.  BuAir merged with BuOrd to form BuWeps.  BuWeps, in turn, was disestablished in 1966 when the Navy overhauled its materiel organization, and was replaced with the Naval Ordnance Systems Command (NAVORD) and the Naval Air Systems Command (NAVAIR). Other systems commands at the time included the Naval Ship Systems Command (NAVSHIPS) and the Naval Electronics Systems Command (NAVELEX).  Ship and submarine ordnance functions fell under the new Naval Ordnance Systems Command while air ordnance stayed with the Naval Air Systems Command.  In July 1974, the Naval Ordnance Systems Command and Naval Ship Systems Command merged to form the Naval Sea Systems Command (NAVSEA).  Traditional Naval Ordnance functions are now conducted at the Naval Surface Warfare Centers which fall under the command of Naval Sea Systems Command.|In what year was the Naval Ordnance Systems Command disestablished?|distilbert|binary|hamming|10|True|1|True|1
717|Q2906424|BuOrd was disestablished by Congress by an act of August 18, 1959 (73 Stat. 395), and its functions were transferred to the newly established Bureau of Naval Weapons.  BuAir merged with BuOrd to form BuWeps.  BuWeps, in turn, was disestablished in 1966 when the Navy overhauled its materiel organization, and was replaced with the Naval Ordnance Systems Command (NAVORD) and the Naval Air Systems Command (NAVAIR). Other systems commands at the time included the Naval Ship Systems Command (NAVSHIPS) and the Naval Electronics Systems Command (NAVELEX).  Ship and submarine ordnance functions fell under the new Naval Ordnance Systems Command while air ordnance stayed with the Naval Air Systems Command.  In July 1974, the Naval Ordnance Systems Command and Naval Ship Systems Command merged to form the Naval Sea Systems Command (NAVSEA).  Traditional Naval Ordnance functions are now conducted at the Naval Surface Warfare Centers which fall under the command of Naval Sea Systems Command.|In what year was the Naval Ordnance Systems Command disestablished?|distilbert|binary|hamming|20|True|1|True|1
718|Q2906424|BuOrd was disestablished by Congress by an act of August 18, 1959 (73 Stat. 395), and its functions were transferred to the newly established Bureau of Naval Weapons.  BuAir merged with BuOrd to form BuWeps.  BuWeps, in turn, was disestablished in 1966 when the Navy overhauled its materiel organization, and was replaced with the Naval Ordnance Systems Command (NAVORD) and the Naval Air Systems Command (NAVAIR). Other systems commands at the time included the Naval Ship Systems Command (NAVSHIPS) and the Naval Electronics Systems Command (NAVELEX).  Ship and submarine ordnance functions fell under the new Naval Ordnance Systems Command while air ordnance stayed with the Naval Air Systems Command.  In July 1974, the Naval Ordnance Systems Command and Naval Ship Systems Command merged to form the Naval Sea Systems Command (NAVSEA).  Traditional Naval Ordnance functions are now conducted at the Naval Surface Warfare Centers which fall under the command of Naval Sea Systems Command.|In what year was the Naval Ordnance Systems Command disestablished?|distilbert|binary|hamming|25|True|1|True|1
719|Q2906424|BuOrd was disestablished by Congress by an act of August 18, 1959 (73 Stat. 395), and its functions were transferred to the newly established Bureau of Naval Weapons.  BuAir merged with BuOrd to form BuWeps.  BuWeps, in turn, was disestablished in 1966 when the Navy overhauled its materiel organization, and was replaced with the Naval Ordnance Systems Command (NAVORD) and the Naval Air Systems Command (NAVAIR). Other systems commands at the time included the Naval Ship Systems Command (NAVSHIPS) and the Naval Electronics Systems Command (NAVELEX).  Ship and submarine ordnance functions fell under the new Naval Ordnance Systems Command while air ordnance stayed with the Naval Air Systems Command.  In July 1974, the Naval Ordnance Systems Command and Naval Ship Systems Command merged to form the Naval Sea Systems Command (NAVSEA).  Traditional Naval Ordnance functions are now conducted at the Naval Surface Warfare Centers which fall under the command of Naval Sea Systems Command.|In what year was the Naval Ordnance Systems Command disestablished?|distilbert|binary|hamming|50|True|1|True|1
720|Q2906424|BuOrd was disestablished by Congress by an act of August 18, 1959 (73 Stat. 395), and its functions were transferred to the newly established Bureau of Naval Weapons.  BuAir merged with BuOrd to form BuWeps.  BuWeps, in turn, was disestablished in 1966 when the Navy overhauled its materiel organization, and was replaced with the Naval Ordnance Systems Command (NAVORD) and the Naval Air Systems Command (NAVAIR). Other systems commands at the time included the Naval Ship Systems Command (NAVSHIPS) and the Naval Electronics Systems Command (NAVELEX).  Ship and submarine ordnance functions fell under the new Naval Ordnance Systems Command while air ordnance stayed with the Naval Air Systems Command.  In July 1974, the Naval Ordnance Systems Command and Naval Ship Systems Command merged to form the Naval Sea Systems Command (NAVSEA).  Traditional Naval Ordnance functions are now conducted at the Naval Surface Warfare Centers which fall under the command of Naval Sea Systems Command.|In what year was the Naval Ordnance Systems Command disestablished?|mobilebert|fp32|l2|5|False|-1|False|-1
721|Q2906424|BuOrd was disestablished by Congress by an act of August 18, 1959 (73 Stat. 395), and its functions were transferred to the newly established Bureau of Naval Weapons.  BuAir merged with BuOrd to form BuWeps.  BuWeps, in turn, was disestablished in 1966 when the Navy overhauled its materiel organization, and was replaced with the Naval Ordnance Systems Command (NAVORD) and the Naval Air Systems Command (NAVAIR). Other systems commands at the time included the Naval Ship Systems Command (NAVSHIPS) and the Naval Electronics Systems Command (NAVELEX).  Ship and submarine ordnance functions fell under the new Naval Ordnance Systems Command while air ordnance stayed with the Naval Air Systems Command.  In July 1974, the Naval Ordnance Systems Command and Naval Ship Systems Command merged to form the Naval Sea Systems Command (NAVSEA).  Traditional Naval Ordnance functions are now conducted at the Naval Surface Warfare Centers which fall under the command of Naval Sea Systems Command.|In what year was the Naval Ordnance Systems Command disestablished?|mobilebert|fp32|l2|10|False|-1|False|-1
722|Q2906424|BuOrd was disestablished by Congress by an act of August 18, 1959 (73 Stat. 395), and its functions were transferred to the newly established Bureau of Naval Weapons.  BuAir merged with BuOrd to form BuWeps.  BuWeps, in turn, was disestablished in 1966 when the Navy overhauled its materiel organization, and was replaced with the Naval Ordnance Systems Command (NAVORD) and the Naval Air Systems Command (NAVAIR). Other systems commands at the time included the Naval Ship Systems Command (NAVSHIPS) and the Naval Electronics Systems Command (NAVELEX).  Ship and submarine ordnance functions fell under the new Naval Ordnance Systems Command while air ordnance stayed with the Naval Air Systems Command.  In July 1974, the Naval Ordnance Systems Command and Naval Ship Systems Command merged to form the Naval Sea Systems Command (NAVSEA).  Traditional Naval Ordnance functions are now conducted at the Naval Surface Warfare Centers which fall under the command of Naval Sea Systems Command.|In what year was the Naval Ordnance Systems Command disestablished?|mobilebert|fp32|l2|20|False|-1|False|-1
723|Q2906424|BuOrd was disestablished by Congress by an act of August 18, 1959 (73 Stat. 395), and its functions were transferred to the newly established Bureau of Naval Weapons.  BuAir merged with BuOrd to form BuWeps.  BuWeps, in turn, was disestablished in 1966 when the Navy overhauled its materiel organization, and was replaced with the Naval Ordnance Systems Command (NAVORD) and the Naval Air Systems Command (NAVAIR). Other systems commands at the time included the Naval Ship Systems Command (NAVSHIPS) and the Naval Electronics Systems Command (NAVELEX).  Ship and submarine ordnance functions fell under the new Naval Ordnance Systems Command while air ordnance stayed with the Naval Air Systems Command.  In July 1974, the Naval Ordnance Systems Command and Naval Ship Systems Command merged to form the Naval Sea Systems Command (NAVSEA).  Traditional Naval Ordnance functions are now conducted at the Naval Surface Warfare Centers which fall under the command of Naval Sea Systems Command.|In what year was the Naval Ordnance Systems Command disestablished?|mobilebert|fp32|l2|25|False|-1|False|-1
724|Q2906424|BuOrd was disestablished by Congress by an act of August 18, 1959 (73 Stat. 395), and its functions were transferred to the newly established Bureau of Naval Weapons.  BuAir merged with BuOrd to form BuWeps.  BuWeps, in turn, was disestablished in 1966 when the Navy overhauled its materiel organization, and was replaced with the Naval Ordnance Systems Command (NAVORD) and the Naval Air Systems Command (NAVAIR). Other systems commands at the time included the Naval Ship Systems Command (NAVSHIPS) and the Naval Electronics Systems Command (NAVELEX).  Ship and submarine ordnance functions fell under the new Naval Ordnance Systems Command while air ordnance stayed with the Naval Air Systems Command.  In July 1974, the Naval Ordnance Systems Command and Naval Ship Systems Command merged to form the Naval Sea Systems Command (NAVSEA).  Traditional Naval Ordnance functions are now conducted at the Naval Surface Warfare Centers which fall under the command of Naval Sea Systems Command.|In what year was the Naval Ordnance Systems Command disestablished?|mobilebert|fp32|l2|50|False|-1|False|-1
725|Q2906424|BuOrd was disestablished by Congress by an act of August 18, 1959 (73 Stat. 395), and its functions were transferred to the newly established Bureau of Naval Weapons.  BuAir merged with BuOrd to form BuWeps.  BuWeps, in turn, was disestablished in 1966 when the Navy overhauled its materiel organization, and was replaced with the Naval Ordnance Systems Command (NAVORD) and the Naval Air Systems Command (NAVAIR). Other systems commands at the time included the Naval Ship Systems Command (NAVSHIPS) and the Naval Electronics Systems Command (NAVELEX).  Ship and submarine ordnance functions fell under the new Naval Ordnance Systems Command while air ordnance stayed with the Naval Air Systems Command.  In July 1974, the Naval Ordnance Systems Command and Naval Ship Systems Command merged to form the Naval Sea Systems Command (NAVSEA).  Traditional Naval Ordnance functions are now conducted at the Naval Surface Warfare Centers which fall under the command of Naval Sea Systems Command.|In what year was the Naval Ordnance Systems Command disestablished?|mobilebert|fp32|cosine|5|False|-1|False|-1
726|Q2906424|BuOrd was disestablished by Congress by an act of August 18, 1959 (73 Stat. 395), and its functions were transferred to the newly established Bureau of Naval Weapons.  BuAir merged with BuOrd to form BuWeps.  BuWeps, in turn, was disestablished in 1966 when the Navy overhauled its materiel organization, and was replaced with the Naval Ordnance Systems Command (NAVORD) and the Naval Air Systems Command (NAVAIR). Other systems commands at the time included the Naval Ship Systems Command (NAVSHIPS) and the Naval Electronics Systems Command (NAVELEX).  Ship and submarine ordnance functions fell under the new Naval Ordnance Systems Command while air ordnance stayed with the Naval Air Systems Command.  In July 1974, the Naval Ordnance Systems Command and Naval Ship Systems Command merged to form the Naval Sea Systems Command (NAVSEA).  Traditional Naval Ordnance functions are now conducted at the Naval Surface Warfare Centers which fall under the command of Naval Sea Systems Command.|In what year was the Naval Ordnance Systems Command disestablished?|mobilebert|fp32|cosine|10|False|-1|False|-1
727|Q2906424|BuOrd was disestablished by Congress by an act of August 18, 1959 (73 Stat. 395), and its functions were transferred to the newly established Bureau of Naval Weapons.  BuAir merged with BuOrd to form BuWeps.  BuWeps, in turn, was disestablished in 1966 when the Navy overhauled its materiel organization, and was replaced with the Naval Ordnance Systems Command (NAVORD) and the Naval Air Systems Command (NAVAIR). Other systems commands at the time included the Naval Ship Systems Command (NAVSHIPS) and the Naval Electronics Systems Command (NAVELEX).  Ship and submarine ordnance functions fell under the new Naval Ordnance Systems Command while air ordnance stayed with the Naval Air Systems Command.  In July 1974, the Naval Ordnance Systems Command and Naval Ship Systems Command merged to form the Naval Sea Systems Command (NAVSEA).  Traditional Naval Ordnance functions are now conducted at the Naval Surface Warfare Centers which fall under the command of Naval Sea Systems Command.|In what year was the Naval Ordnance Systems Command disestablished?|mobilebert|fp32|cosine|20|False|-1|False|-1
728|Q2906424|BuOrd was disestablished by Congress by an act of August 18, 1959 (73 Stat. 395), and its functions were transferred to the newly established Bureau of Naval Weapons.  BuAir merged with BuOrd to form BuWeps.  BuWeps, in turn, was disestablished in 1966 when the Navy overhauled its materiel organization, and was replaced with the Naval Ordnance Systems Command (NAVORD) and the Naval Air Systems Command (NAVAIR). Other systems commands at the time included the Naval Ship Systems Command (NAVSHIPS) and the Naval Electronics Systems Command (NAVELEX).  Ship and submarine ordnance functions fell under the new Naval Ordnance Systems Command while air ordnance stayed with the Naval Air Systems Command.  In July 1974, the Naval Ordnance Systems Command and Naval Ship Systems Command merged to form the Naval Sea Systems Command (NAVSEA).  Traditional Naval Ordnance functions are now conducted at the Naval Surface Warfare Centers which fall under the command of Naval Sea Systems Command.|In what year was the Naval Ordnance Systems Command disestablished?|mobilebert|fp32|cosine|25|False|-1|False|-1
729|Q2906424|BuOrd was disestablished by Congress by an act of August 18, 1959 (73 Stat. 395), and its functions were transferred to the newly established Bureau of Naval Weapons.  BuAir merged with BuOrd to form BuWeps.  BuWeps, in turn, was disestablished in 1966 when the Navy overhauled its materiel organization, and was replaced with the Naval Ordnance Systems Command (NAVORD) and the Naval Air Systems Command (NAVAIR). Other systems commands at the time included the Naval Ship Systems Command (NAVSHIPS) and the Naval Electronics Systems Command (NAVELEX).  Ship and submarine ordnance functions fell under the new Naval Ordnance Systems Command while air ordnance stayed with the Naval Air Systems Command.  In July 1974, the Naval Ordnance Systems Command and Naval Ship Systems Command merged to form the Naval Sea Systems Command (NAVSEA).  Traditional Naval Ordnance functions are now conducted at the Naval Surface Warfare Centers which fall under the command of Naval Sea Systems Command.|In what year was the Naval Ordnance Systems Command disestablished?|mobilebert|fp32|cosine|50|False|-1|False|-1
730|Q2906424|BuOrd was disestablished by Congress by an act of August 18, 1959 (73 Stat. 395), and its functions were transferred to the newly established Bureau of Naval Weapons.  BuAir merged with BuOrd to form BuWeps.  BuWeps, in turn, was disestablished in 1966 when the Navy overhauled its materiel organization, and was replaced with the Naval Ordnance Systems Command (NAVORD) and the Naval Air Systems Command (NAVAIR). Other systems commands at the time included the Naval Ship Systems Command (NAVSHIPS) and the Naval Electronics Systems Command (NAVELEX).  Ship and submarine ordnance functions fell under the new Naval Ordnance Systems Command while air ordnance stayed with the Naval Air Systems Command.  In July 1974, the Naval Ordnance Systems Command and Naval Ship Systems Command merged to form the Naval Sea Systems Command (NAVSEA).  Traditional Naval Ordnance functions are now conducted at the Naval Surface Warfare Centers which fall under the command of Naval Sea Systems Command.|In what year was the Naval Ordnance Systems Command disestablished?|mobilebert|fp32|dot|5|False|-1|False|-1
731|Q2906424|BuOrd was disestablished by Congress by an act of August 18, 1959 (73 Stat. 395), and its functions were transferred to the newly established Bureau of Naval Weapons.  BuAir merged with BuOrd to form BuWeps.  BuWeps, in turn, was disestablished in 1966 when the Navy overhauled its materiel organization, and was replaced with the Naval Ordnance Systems Command (NAVORD) and the Naval Air Systems Command (NAVAIR). Other systems commands at the time included the Naval Ship Systems Command (NAVSHIPS) and the Naval Electronics Systems Command (NAVELEX).  Ship and submarine ordnance functions fell under the new Naval Ordnance Systems Command while air ordnance stayed with the Naval Air Systems Command.  In July 1974, the Naval Ordnance Systems Command and Naval Ship Systems Command merged to form the Naval Sea Systems Command (NAVSEA).  Traditional Naval Ordnance functions are now conducted at the Naval Surface Warfare Centers which fall under the command of Naval Sea Systems Command.|In what year was the Naval Ordnance Systems Command disestablished?|mobilebert|fp32|dot|10|False|-1|False|-1
732|Q2906424|BuOrd was disestablished by Congress by an act of August 18, 1959 (73 Stat. 395), and its functions were transferred to the newly established Bureau of Naval Weapons.  BuAir merged with BuOrd to form BuWeps.  BuWeps, in turn, was disestablished in 1966 when the Navy overhauled its materiel organization, and was replaced with the Naval Ordnance Systems Command (NAVORD) and the Naval Air Systems Command (NAVAIR). Other systems commands at the time included the Naval Ship Systems Command (NAVSHIPS) and the Naval Electronics Systems Command (NAVELEX).  Ship and submarine ordnance functions fell under the new Naval Ordnance Systems Command while air ordnance stayed with the Naval Air Systems Command.  In July 1974, the Naval Ordnance Systems Command and Naval Ship Systems Command merged to form the Naval Sea Systems Command (NAVSEA).  Traditional Naval Ordnance functions are now conducted at the Naval Surface Warfare Centers which fall under the command of Naval Sea Systems Command.|In what year was the Naval Ordnance Systems Command disestablished?|mobilebert|fp32|dot|20|False|-1|False|-1
733|Q2906424|BuOrd was disestablished by Congress by an act of August 18, 1959 (73 Stat. 395), and its functions were transferred to the newly established Bureau of Naval Weapons.  BuAir merged with BuOrd to form BuWeps.  BuWeps, in turn, was disestablished in 1966 when the Navy overhauled its materiel organization, and was replaced with the Naval Ordnance Systems Command (NAVORD) and the Naval Air Systems Command (NAVAIR). Other systems commands at the time included the Naval Ship Systems Command (NAVSHIPS) and the Naval Electronics Systems Command (NAVELEX).  Ship and submarine ordnance functions fell under the new Naval Ordnance Systems Command while air ordnance stayed with the Naval Air Systems Command.  In July 1974, the Naval Ordnance Systems Command and Naval Ship Systems Command merged to form the Naval Sea Systems Command (NAVSEA).  Traditional Naval Ordnance functions are now conducted at the Naval Surface Warfare Centers which fall under the command of Naval Sea Systems Command.|In what year was the Naval Ordnance Systems Command disestablished?|mobilebert|fp32|dot|25|False|-1|False|-1
734|Q2906424|BuOrd was disestablished by Congress by an act of August 18, 1959 (73 Stat. 395), and its functions were transferred to the newly established Bureau of Naval Weapons.  BuAir merged with BuOrd to form BuWeps.  BuWeps, in turn, was disestablished in 1966 when the Navy overhauled its materiel organization, and was replaced with the Naval Ordnance Systems Command (NAVORD) and the Naval Air Systems Command (NAVAIR). Other systems commands at the time included the Naval Ship Systems Command (NAVSHIPS) and the Naval Electronics Systems Command (NAVELEX).  Ship and submarine ordnance functions fell under the new Naval Ordnance Systems Command while air ordnance stayed with the Naval Air Systems Command.  In July 1974, the Naval Ordnance Systems Command and Naval Ship Systems Command merged to form the Naval Sea Systems Command (NAVSEA).  Traditional Naval Ordnance functions are now conducted at the Naval Surface Warfare Centers which fall under the command of Naval Sea Systems Command.|In what year was the Naval Ordnance Systems Command disestablished?|mobilebert|fp32|dot|50|False|-1|False|-1
735|Q2906424|BuOrd was disestablished by Congress by an act of August 18, 1959 (73 Stat. 395), and its functions were transferred to the newly established Bureau of Naval Weapons.  BuAir merged with BuOrd to form BuWeps.  BuWeps, in turn, was disestablished in 1966 when the Navy overhauled its materiel organization, and was replaced with the Naval Ordnance Systems Command (NAVORD) and the Naval Air Systems Command (NAVAIR). Other systems commands at the time included the Naval Ship Systems Command (NAVSHIPS) and the Naval Electronics Systems Command (NAVELEX).  Ship and submarine ordnance functions fell under the new Naval Ordnance Systems Command while air ordnance stayed with the Naval Air Systems Command.  In July 1974, the Naval Ordnance Systems Command and Naval Ship Systems Command merged to form the Naval Sea Systems Command (NAVSEA).  Traditional Naval Ordnance functions are now conducted at the Naval Surface Warfare Centers which fall under the command of Naval Sea Systems Command.|In what year was the Naval Ordnance Systems Command disestablished?|mobilebert|binary|hamming|5|False|-1|False|-1
736|Q2906424|BuOrd was disestablished by Congress by an act of August 18, 1959 (73 Stat. 395), and its functions were transferred to the newly established Bureau of Naval Weapons.  BuAir merged with BuOrd to form BuWeps.  BuWeps, in turn, was disestablished in 1966 when the Navy overhauled its materiel organization, and was replaced with the Naval Ordnance Systems Command (NAVORD) and the Naval Air Systems Command (NAVAIR). Other systems commands at the time included the Naval Ship Systems Command (NAVSHIPS) and the Naval Electronics Systems Command (NAVELEX).  Ship and submarine ordnance functions fell under the new Naval Ordnance Systems Command while air ordnance stayed with the Naval Air Systems Command.  In July 1974, the Naval Ordnance Systems Command and Naval Ship Systems Command merged to form the Naval Sea Systems Command (NAVSEA).  Traditional Naval Ordnance functions are now conducted at the Naval Surface Warfare Centers which fall under the command of Naval Sea Systems Command.|In what year was the Naval Ordnance Systems Command disestablished?|mobilebert|binary|hamming|10|False|-1|False|-1
737|Q2906424|BuOrd was disestablished by Congress by an act of August 18, 1959 (73 Stat. 395), and its functions were transferred to the newly established Bureau of Naval Weapons.  BuAir merged with BuOrd to form BuWeps.  BuWeps, in turn, was disestablished in 1966 when the Navy overhauled its materiel organization, and was replaced with the Naval Ordnance Systems Command (NAVORD) and the Naval Air Systems Command (NAVAIR). Other systems commands at the time included the Naval Ship Systems Command (NAVSHIPS) and the Naval Electronics Systems Command (NAVELEX).  Ship and submarine ordnance functions fell under the new Naval Ordnance Systems Command while air ordnance stayed with the Naval Air Systems Command.  In July 1974, the Naval Ordnance Systems Command and Naval Ship Systems Command merged to form the Naval Sea Systems Command (NAVSEA).  Traditional Naval Ordnance functions are now conducted at the Naval Surface Warfare Centers which fall under the command of Naval Sea Systems Command.|In what year was the Naval Ordnance Systems Command disestablished?|mobilebert|binary|hamming|20|False|-1|False|-1
738|Q2906424|BuOrd was disestablished by Congress by an act of August 18, 1959 (73 Stat. 395), and its functions were transferred to the newly established Bureau of Naval Weapons.  BuAir merged with BuOrd to form BuWeps.  BuWeps, in turn, was disestablished in 1966 when the Navy overhauled its materiel organization, and was replaced with the Naval Ordnance Systems Command (NAVORD) and the Naval Air Systems Command (NAVAIR). Other systems commands at the time included the Naval Ship Systems Command (NAVSHIPS) and the Naval Electronics Systems Command (NAVELEX).  Ship and submarine ordnance functions fell under the new Naval Ordnance Systems Command while air ordnance stayed with the Naval Air Systems Command.  In July 1974, the Naval Ordnance Systems Command and Naval Ship Systems Command merged to form the Naval Sea Systems Command (NAVSEA).  Traditional Naval Ordnance functions are now conducted at the Naval Surface Warfare Centers which fall under the command of Naval Sea Systems Command.|In what year was the Naval Ordnance Systems Command disestablished?|mobilebert|binary|hamming|25|False|-1|False|-1
739|Q2906424|BuOrd was disestablished by Congress by an act of August 18, 1959 (73 Stat. 395), and its functions were transferred to the newly established Bureau of Naval Weapons.  BuAir merged with BuOrd to form BuWeps.  BuWeps, in turn, was disestablished in 1966 when the Navy overhauled its materiel organization, and was replaced with the Naval Ordnance Systems Command (NAVORD) and the Naval Air Systems Command (NAVAIR). Other systems commands at the time included the Naval Ship Systems Command (NAVSHIPS) and the Naval Electronics Systems Command (NAVELEX).  Ship and submarine ordnance functions fell under the new Naval Ordnance Systems Command while air ordnance stayed with the Naval Air Systems Command.  In July 1974, the Naval Ordnance Systems Command and Naval Ship Systems Command merged to form the Naval Sea Systems Command (NAVSEA).  Traditional Naval Ordnance functions are now conducted at the Naval Surface Warfare Centers which fall under the command of Naval Sea Systems Command.|In what year was the Naval Ordnance Systems Command disestablished?|mobilebert|binary|hamming|50|False|-1|False|-1
740|Q2906424|BuOrd was disestablished by Congress by an act of August 18, 1959 (73 Stat. 395), and its functions were transferred to the newly established Bureau of Naval Weapons.  BuAir merged with BuOrd to form BuWeps.  BuWeps, in turn, was disestablished in 1966 when the Navy overhauled its materiel organization, and was replaced with the Naval Ordnance Systems Command (NAVORD) and the Naval Air Systems Command (NAVAIR). Other systems commands at the time included the Naval Ship Systems Command (NAVSHIPS) and the Naval Electronics Systems Command (NAVELEX).  Ship and submarine ordnance functions fell under the new Naval Ordnance Systems Command while air ordnance stayed with the Naval Air Systems Command.  In July 1974, the Naval Ordnance Systems Command and Naval Ship Systems Command merged to form the Naval Sea Systems Command (NAVSEA).  Traditional Naval Ordnance functions are now conducted at the Naval Surface Warfare Centers which fall under the command of Naval Sea Systems Command.|In what year was the Naval Ordnance Systems Command disestablished?|st-all-distilroberta-large-v1|fp32|l2|5|True|0|True|3
741|Q2906424|BuOrd was disestablished by Congress by an act of August 18, 1959 (73 Stat. 395), and its functions were transferred to the newly established Bureau of Naval Weapons.  BuAir merged with BuOrd to form BuWeps.  BuWeps, in turn, was disestablished in 1966 when the Navy overhauled its materiel organization, and was replaced with the Naval Ordnance Systems Command (NAVORD) and the Naval Air Systems Command (NAVAIR). Other systems commands at the time included the Naval Ship Systems Command (NAVSHIPS) and the Naval Electronics Systems Command (NAVELEX).  Ship and submarine ordnance functions fell under the new Naval Ordnance Systems Command while air ordnance stayed with the Naval Air Systems Command.  In July 1974, the Naval Ordnance Systems Command and Naval Ship Systems Command merged to form the Naval Sea Systems Command (NAVSEA).  Traditional Naval Ordnance functions are now conducted at the Naval Surface Warfare Centers which fall under the command of Naval Sea Systems Command.|In what year was the Naval Ordnance Systems Command disestablished?|st-all-distilroberta-large-v1|fp32|l2|10|True|0|True|3
742|Q2906424|BuOrd was disestablished by Congress by an act of August 18, 1959 (73 Stat. 395), and its functions were transferred to the newly established Bureau of Naval Weapons.  BuAir merged with BuOrd to form BuWeps.  BuWeps, in turn, was disestablished in 1966 when the Navy overhauled its materiel organization, and was replaced with the Naval Ordnance Systems Command (NAVORD) and the Naval Air Systems Command (NAVAIR). Other systems commands at the time included the Naval Ship Systems Command (NAVSHIPS) and the Naval Electronics Systems Command (NAVELEX).  Ship and submarine ordnance functions fell under the new Naval Ordnance Systems Command while air ordnance stayed with the Naval Air Systems Command.  In July 1974, the Naval Ordnance Systems Command and Naval Ship Systems Command merged to form the Naval Sea Systems Command (NAVSEA).  Traditional Naval Ordnance functions are now conducted at the Naval Surface Warfare Centers which fall under the command of Naval Sea Systems Command.|In what year was the Naval Ordnance Systems Command disestablished?|st-all-distilroberta-large-v1|fp32|l2|20|True|0|True|3
743|Q2906424|BuOrd was disestablished by Congress by an act of August 18, 1959 (73 Stat. 395), and its functions were transferred to the newly established Bureau of Naval Weapons.  BuAir merged with BuOrd to form BuWeps.  BuWeps, in turn, was disestablished in 1966 when the Navy overhauled its materiel organization, and was replaced with the Naval Ordnance Systems Command (NAVORD) and the Naval Air Systems Command (NAVAIR). Other systems commands at the time included the Naval Ship Systems Command (NAVSHIPS) and the Naval Electronics Systems Command (NAVELEX).  Ship and submarine ordnance functions fell under the new Naval Ordnance Systems Command while air ordnance stayed with the Naval Air Systems Command.  In July 1974, the Naval Ordnance Systems Command and Naval Ship Systems Command merged to form the Naval Sea Systems Command (NAVSEA).  Traditional Naval Ordnance functions are now conducted at the Naval Surface Warfare Centers which fall under the command of Naval Sea Systems Command.|In what year was the Naval Ordnance Systems Command disestablished?|st-all-distilroberta-large-v1|fp32|l2|25|True|0|True|3
744|Q2906424|BuOrd was disestablished by Congress by an act of August 18, 1959 (73 Stat. 395), and its functions were transferred to the newly established Bureau of Naval Weapons.  BuAir merged with BuOrd to form BuWeps.  BuWeps, in turn, was disestablished in 1966 when the Navy overhauled its materiel organization, and was replaced with the Naval Ordnance Systems Command (NAVORD) and the Naval Air Systems Command (NAVAIR). Other systems commands at the time included the Naval Ship Systems Command (NAVSHIPS) and the Naval Electronics Systems Command (NAVELEX).  Ship and submarine ordnance functions fell under the new Naval Ordnance Systems Command while air ordnance stayed with the Naval Air Systems Command.  In July 1974, the Naval Ordnance Systems Command and Naval Ship Systems Command merged to form the Naval Sea Systems Command (NAVSEA).  Traditional Naval Ordnance functions are now conducted at the Naval Surface Warfare Centers which fall under the command of Naval Sea Systems Command.|In what year was the Naval Ordnance Systems Command disestablished?|st-all-distilroberta-large-v1|fp32|l2|50|True|0|True|3
745|Q2906424|BuOrd was disestablished by Congress by an act of August 18, 1959 (73 Stat. 395), and its functions were transferred to the newly established Bureau of Naval Weapons.  BuAir merged with BuOrd to form BuWeps.  BuWeps, in turn, was disestablished in 1966 when the Navy overhauled its materiel organization, and was replaced with the Naval Ordnance Systems Command (NAVORD) and the Naval Air Systems Command (NAVAIR). Other systems commands at the time included the Naval Ship Systems Command (NAVSHIPS) and the Naval Electronics Systems Command (NAVELEX).  Ship and submarine ordnance functions fell under the new Naval Ordnance Systems Command while air ordnance stayed with the Naval Air Systems Command.  In July 1974, the Naval Ordnance Systems Command and Naval Ship Systems Command merged to form the Naval Sea Systems Command (NAVSEA).  Traditional Naval Ordnance functions are now conducted at the Naval Surface Warfare Centers which fall under the command of Naval Sea Systems Command.|In what year was the Naval Ordnance Systems Command disestablished?|st-all-distilroberta-large-v1|fp32|cosine|5|True|1|False|-1
746|Q2906424|BuOrd was disestablished by Congress by an act of August 18, 1959 (73 Stat. 395), and its functions were transferred to the newly established Bureau of Naval Weapons.  BuAir merged with BuOrd to form BuWeps.  BuWeps, in turn, was disestablished in 1966 when the Navy overhauled its materiel organization, and was replaced with the Naval Ordnance Systems Command (NAVORD) and the Naval Air Systems Command (NAVAIR). Other systems commands at the time included the Naval Ship Systems Command (NAVSHIPS) and the Naval Electronics Systems Command (NAVELEX).  Ship and submarine ordnance functions fell under the new Naval Ordnance Systems Command while air ordnance stayed with the Naval Air Systems Command.  In July 1974, the Naval Ordnance Systems Command and Naval Ship Systems Command merged to form the Naval Sea Systems Command (NAVSEA).  Traditional Naval Ordnance functions are now conducted at the Naval Surface Warfare Centers which fall under the command of Naval Sea Systems Command.|In what year was the Naval Ordnance Systems Command disestablished?|st-all-distilroberta-large-v1|fp32|cosine|10|True|1|False|-1
747|Q2906424|BuOrd was disestablished by Congress by an act of August 18, 1959 (73 Stat. 395), and its functions were transferred to the newly established Bureau of Naval Weapons.  BuAir merged with BuOrd to form BuWeps.  BuWeps, in turn, was disestablished in 1966 when the Navy overhauled its materiel organization, and was replaced with the Naval Ordnance Systems Command (NAVORD) and the Naval Air Systems Command (NAVAIR). Other systems commands at the time included the Naval Ship Systems Command (NAVSHIPS) and the Naval Electronics Systems Command (NAVELEX).  Ship and submarine ordnance functions fell under the new Naval Ordnance Systems Command while air ordnance stayed with the Naval Air Systems Command.  In July 1974, the Naval Ordnance Systems Command and Naval Ship Systems Command merged to form the Naval Sea Systems Command (NAVSEA).  Traditional Naval Ordnance functions are now conducted at the Naval Surface Warfare Centers which fall under the command of Naval Sea Systems Command.|In what year was the Naval Ordnance Systems Command disestablished?|st-all-distilroberta-large-v1|fp32|cosine|20|True|1|False|-1
748|Q2906424|BuOrd was disestablished by Congress by an act of August 18, 1959 (73 Stat. 395), and its functions were transferred to the newly established Bureau of Naval Weapons.  BuAir merged with BuOrd to form BuWeps.  BuWeps, in turn, was disestablished in 1966 when the Navy overhauled its materiel organization, and was replaced with the Naval Ordnance Systems Command (NAVORD) and the Naval Air Systems Command (NAVAIR). Other systems commands at the time included the Naval Ship Systems Command (NAVSHIPS) and the Naval Electronics Systems Command (NAVELEX).  Ship and submarine ordnance functions fell under the new Naval Ordnance Systems Command while air ordnance stayed with the Naval Air Systems Command.  In July 1974, the Naval Ordnance Systems Command and Naval Ship Systems Command merged to form the Naval Sea Systems Command (NAVSEA).  Traditional Naval Ordnance functions are now conducted at the Naval Surface Warfare Centers which fall under the command of Naval Sea Systems Command.|In what year was the Naval Ordnance Systems Command disestablished?|st-all-distilroberta-large-v1|fp32|cosine|25|True|1|False|-1
749|Q2906424|BuOrd was disestablished by Congress by an act of August 18, 1959 (73 Stat. 395), and its functions were transferred to the newly established Bureau of Naval Weapons.  BuAir merged with BuOrd to form BuWeps.  BuWeps, in turn, was disestablished in 1966 when the Navy overhauled its materiel organization, and was replaced with the Naval Ordnance Systems Command (NAVORD) and the Naval Air Systems Command (NAVAIR). Other systems commands at the time included the Naval Ship Systems Command (NAVSHIPS) and the Naval Electronics Systems Command (NAVELEX).  Ship and submarine ordnance functions fell under the new Naval Ordnance Systems Command while air ordnance stayed with the Naval Air Systems Command.  In July 1974, the Naval Ordnance Systems Command and Naval Ship Systems Command merged to form the Naval Sea Systems Command (NAVSEA).  Traditional Naval Ordnance functions are now conducted at the Naval Surface Warfare Centers which fall under the command of Naval Sea Systems Command.|In what year was the Naval Ordnance Systems Command disestablished?|st-all-distilroberta-large-v1|fp32|cosine|50|True|1|False|-1
750|Q2906424|BuOrd was disestablished by Congress by an act of August 18, 1959 (73 Stat. 395), and its functions were transferred to the newly established Bureau of Naval Weapons.  BuAir merged with BuOrd to form BuWeps.  BuWeps, in turn, was disestablished in 1966 when the Navy overhauled its materiel organization, and was replaced with the Naval Ordnance Systems Command (NAVORD) and the Naval Air Systems Command (NAVAIR). Other systems commands at the time included the Naval Ship Systems Command (NAVSHIPS) and the Naval Electronics Systems Command (NAVELEX).  Ship and submarine ordnance functions fell under the new Naval Ordnance Systems Command while air ordnance stayed with the Naval Air Systems Command.  In July 1974, the Naval Ordnance Systems Command and Naval Ship Systems Command merged to form the Naval Sea Systems Command (NAVSEA).  Traditional Naval Ordnance functions are now conducted at the Naval Surface Warfare Centers which fall under the command of Naval Sea Systems Command.|In what year was the Naval Ordnance Systems Command disestablished?|st-all-distilroberta-large-v1|fp32|dot|5|False|-1|False|-1
751|Q2906424|BuOrd was disestablished by Congress by an act of August 18, 1959 (73 Stat. 395), and its functions were transferred to the newly established Bureau of Naval Weapons.  BuAir merged with BuOrd to form BuWeps.  BuWeps, in turn, was disestablished in 1966 when the Navy overhauled its materiel organization, and was replaced with the Naval Ordnance Systems Command (NAVORD) and the Naval Air Systems Command (NAVAIR). Other systems commands at the time included the Naval Ship Systems Command (NAVSHIPS) and the Naval Electronics Systems Command (NAVELEX).  Ship and submarine ordnance functions fell under the new Naval Ordnance Systems Command while air ordnance stayed with the Naval Air Systems Command.  In July 1974, the Naval Ordnance Systems Command and Naval Ship Systems Command merged to form the Naval Sea Systems Command (NAVSEA).  Traditional Naval Ordnance functions are now conducted at the Naval Surface Warfare Centers which fall under the command of Naval Sea Systems Command.|In what year was the Naval Ordnance Systems Command disestablished?|st-all-distilroberta-large-v1|fp32|dot|10|False|-1|False|-1
752|Q2906424|BuOrd was disestablished by Congress by an act of August 18, 1959 (73 Stat. 395), and its functions were transferred to the newly established Bureau of Naval Weapons.  BuAir merged with BuOrd to form BuWeps.  BuWeps, in turn, was disestablished in 1966 when the Navy overhauled its materiel organization, and was replaced with the Naval Ordnance Systems Command (NAVORD) and the Naval Air Systems Command (NAVAIR). Other systems commands at the time included the Naval Ship Systems Command (NAVSHIPS) and the Naval Electronics Systems Command (NAVELEX).  Ship and submarine ordnance functions fell under the new Naval Ordnance Systems Command while air ordnance stayed with the Naval Air Systems Command.  In July 1974, the Naval Ordnance Systems Command and Naval Ship Systems Command merged to form the Naval Sea Systems Command (NAVSEA).  Traditional Naval Ordnance functions are now conducted at the Naval Surface Warfare Centers which fall under the command of Naval Sea Systems Command.|In what year was the Naval Ordnance Systems Command disestablished?|st-all-distilroberta-large-v1|fp32|dot|20|False|-1|False|-1
753|Q2906424|BuOrd was disestablished by Congress by an act of August 18, 1959 (73 Stat. 395), and its functions were transferred to the newly established Bureau of Naval Weapons.  BuAir merged with BuOrd to form BuWeps.  BuWeps, in turn, was disestablished in 1966 when the Navy overhauled its materiel organization, and was replaced with the Naval Ordnance Systems Command (NAVORD) and the Naval Air Systems Command (NAVAIR). Other systems commands at the time included the Naval Ship Systems Command (NAVSHIPS) and the Naval Electronics Systems Command (NAVELEX).  Ship and submarine ordnance functions fell under the new Naval Ordnance Systems Command while air ordnance stayed with the Naval Air Systems Command.  In July 1974, the Naval Ordnance Systems Command and Naval Ship Systems Command merged to form the Naval Sea Systems Command (NAVSEA).  Traditional Naval Ordnance functions are now conducted at the Naval Surface Warfare Centers which fall under the command of Naval Sea Systems Command.|In what year was the Naval Ordnance Systems Command disestablished?|st-all-distilroberta-large-v1|fp32|dot|25|False|-1|False|-1
754|Q2906424|BuOrd was disestablished by Congress by an act of August 18, 1959 (73 Stat. 395), and its functions were transferred to the newly established Bureau of Naval Weapons.  BuAir merged with BuOrd to form BuWeps.  BuWeps, in turn, was disestablished in 1966 when the Navy overhauled its materiel organization, and was replaced with the Naval Ordnance Systems Command (NAVORD) and the Naval Air Systems Command (NAVAIR). Other systems commands at the time included the Naval Ship Systems Command (NAVSHIPS) and the Naval Electronics Systems Command (NAVELEX).  Ship and submarine ordnance functions fell under the new Naval Ordnance Systems Command while air ordnance stayed with the Naval Air Systems Command.  In July 1974, the Naval Ordnance Systems Command and Naval Ship Systems Command merged to form the Naval Sea Systems Command (NAVSEA).  Traditional Naval Ordnance functions are now conducted at the Naval Surface Warfare Centers which fall under the command of Naval Sea Systems Command.|In what year was the Naval Ordnance Systems Command disestablished?|st-all-distilroberta-large-v1|fp32|dot|50|True|43|False|-1
755|Q2906424|BuOrd was disestablished by Congress by an act of August 18, 1959 (73 Stat. 395), and its functions were transferred to the newly established Bureau of Naval Weapons.  BuAir merged with BuOrd to form BuWeps.  BuWeps, in turn, was disestablished in 1966 when the Navy overhauled its materiel organization, and was replaced with the Naval Ordnance Systems Command (NAVORD) and the Naval Air Systems Command (NAVAIR). Other systems commands at the time included the Naval Ship Systems Command (NAVSHIPS) and the Naval Electronics Systems Command (NAVELEX).  Ship and submarine ordnance functions fell under the new Naval Ordnance Systems Command while air ordnance stayed with the Naval Air Systems Command.  In July 1974, the Naval Ordnance Systems Command and Naval Ship Systems Command merged to form the Naval Sea Systems Command (NAVSEA).  Traditional Naval Ordnance functions are now conducted at the Naval Surface Warfare Centers which fall under the command of Naval Sea Systems Command.|In what year was the Naval Ordnance Systems Command disestablished?|st-all-distilroberta-large-v1|binary|hamming|5|True|2|False|-1
756|Q2906424|BuOrd was disestablished by Congress by an act of August 18, 1959 (73 Stat. 395), and its functions were transferred to the newly established Bureau of Naval Weapons.  BuAir merged with BuOrd to form BuWeps.  BuWeps, in turn, was disestablished in 1966 when the Navy overhauled its materiel organization, and was replaced with the Naval Ordnance Systems Command (NAVORD) and the Naval Air Systems Command (NAVAIR). Other systems commands at the time included the Naval Ship Systems Command (NAVSHIPS) and the Naval Electronics Systems Command (NAVELEX).  Ship and submarine ordnance functions fell under the new Naval Ordnance Systems Command while air ordnance stayed with the Naval Air Systems Command.  In July 1974, the Naval Ordnance Systems Command and Naval Ship Systems Command merged to form the Naval Sea Systems Command (NAVSEA).  Traditional Naval Ordnance functions are now conducted at the Naval Surface Warfare Centers which fall under the command of Naval Sea Systems Command.|In what year was the Naval Ordnance Systems Command disestablished?|st-all-distilroberta-large-v1|binary|hamming|10|True|2|True|5
757|Q2906424|BuOrd was disestablished by Congress by an act of August 18, 1959 (73 Stat. 395), and its functions were transferred to the newly established Bureau of Naval Weapons.  BuAir merged with BuOrd to form BuWeps.  BuWeps, in turn, was disestablished in 1966 when the Navy overhauled its materiel organization, and was replaced with the Naval Ordnance Systems Command (NAVORD) and the Naval Air Systems Command (NAVAIR). Other systems commands at the time included the Naval Ship Systems Command (NAVSHIPS) and the Naval Electronics Systems Command (NAVELEX).  Ship and submarine ordnance functions fell under the new Naval Ordnance Systems Command while air ordnance stayed with the Naval Air Systems Command.  In July 1974, the Naval Ordnance Systems Command and Naval Ship Systems Command merged to form the Naval Sea Systems Command (NAVSEA).  Traditional Naval Ordnance functions are now conducted at the Naval Surface Warfare Centers which fall under the command of Naval Sea Systems Command.|In what year was the Naval Ordnance Systems Command disestablished?|st-all-distilroberta-large-v1|binary|hamming|20|True|2|True|5
758|Q2906424|BuOrd was disestablished by Congress by an act of August 18, 1959 (73 Stat. 395), and its functions were transferred to the newly established Bureau of Naval Weapons.  BuAir merged with BuOrd to form BuWeps.  BuWeps, in turn, was disestablished in 1966 when the Navy overhauled its materiel organization, and was replaced with the Naval Ordnance Systems Command (NAVORD) and the Naval Air Systems Command (NAVAIR). Other systems commands at the time included the Naval Ship Systems Command (NAVSHIPS) and the Naval Electronics Systems Command (NAVELEX).  Ship and submarine ordnance functions fell under the new Naval Ordnance Systems Command while air ordnance stayed with the Naval Air Systems Command.  In July 1974, the Naval Ordnance Systems Command and Naval Ship Systems Command merged to form the Naval Sea Systems Command (NAVSEA).  Traditional Naval Ordnance functions are now conducted at the Naval Surface Warfare Centers which fall under the command of Naval Sea Systems Command.|In what year was the Naval Ordnance Systems Command disestablished?|st-all-distilroberta-large-v1|binary|hamming|25|True|2|True|5
759|Q2906424|BuOrd was disestablished by Congress by an act of August 18, 1959 (73 Stat. 395), and its functions were transferred to the newly established Bureau of Naval Weapons.  BuAir merged with BuOrd to form BuWeps.  BuWeps, in turn, was disestablished in 1966 when the Navy overhauled its materiel organization, and was replaced with the Naval Ordnance Systems Command (NAVORD) and the Naval Air Systems Command (NAVAIR). Other systems commands at the time included the Naval Ship Systems Command (NAVSHIPS) and the Naval Electronics Systems Command (NAVELEX).  Ship and submarine ordnance functions fell under the new Naval Ordnance Systems Command while air ordnance stayed with the Naval Air Systems Command.  In July 1974, the Naval Ordnance Systems Command and Naval Ship Systems Command merged to form the Naval Sea Systems Command (NAVSEA).  Traditional Naval Ordnance functions are now conducted at the Naval Surface Warfare Centers which fall under the command of Naval Sea Systems Command.|In what year was the Naval Ordnance Systems Command disestablished?|st-all-distilroberta-large-v1|binary|hamming|50|True|2|True|5
760|Q2906424|BuOrd was disestablished by Congress by an act of August 18, 1959 (73 Stat. 395), and its functions were transferred to the newly established Bureau of Naval Weapons.  BuAir merged with BuOrd to form BuWeps.  BuWeps, in turn, was disestablished in 1966 when the Navy overhauled its materiel organization, and was replaced with the Naval Ordnance Systems Command (NAVORD) and the Naval Air Systems Command (NAVAIR). Other systems commands at the time included the Naval Ship Systems Command (NAVSHIPS) and the Naval Electronics Systems Command (NAVELEX).  Ship and submarine ordnance functions fell under the new Naval Ordnance Systems Command while air ordnance stayed with the Naval Air Systems Command.  In July 1974, the Naval Ordnance Systems Command and Naval Ship Systems Command merged to form the Naval Sea Systems Command (NAVSEA).  Traditional Naval Ordnance functions are now conducted at the Naval Surface Warfare Centers which fall under the command of Naval Sea Systems Command.|In what year was the Naval Ordnance Systems Command disestablished?|st-all-roberta-large-v1|fp32|l2|5|True|0|True|0
761|Q2906424|BuOrd was disestablished by Congress by an act of August 18, 1959 (73 Stat. 395), and its functions were transferred to the newly established Bureau of Naval Weapons.  BuAir merged with BuOrd to form BuWeps.  BuWeps, in turn, was disestablished in 1966 when the Navy overhauled its materiel organization, and was replaced with the Naval Ordnance Systems Command (NAVORD) and the Naval Air Systems Command (NAVAIR). Other systems commands at the time included the Naval Ship Systems Command (NAVSHIPS) and the Naval Electronics Systems Command (NAVELEX).  Ship and submarine ordnance functions fell under the new Naval Ordnance Systems Command while air ordnance stayed with the Naval Air Systems Command.  In July 1974, the Naval Ordnance Systems Command and Naval Ship Systems Command merged to form the Naval Sea Systems Command (NAVSEA).  Traditional Naval Ordnance functions are now conducted at the Naval Surface Warfare Centers which fall under the command of Naval Sea Systems Command.|In what year was the Naval Ordnance Systems Command disestablished?|st-all-roberta-large-v1|fp32|l2|10|True|0|True|0
762|Q2906424|BuOrd was disestablished by Congress by an act of August 18, 1959 (73 Stat. 395), and its functions were transferred to the newly established Bureau of Naval Weapons.  BuAir merged with BuOrd to form BuWeps.  BuWeps, in turn, was disestablished in 1966 when the Navy overhauled its materiel organization, and was replaced with the Naval Ordnance Systems Command (NAVORD) and the Naval Air Systems Command (NAVAIR). Other systems commands at the time included the Naval Ship Systems Command (NAVSHIPS) and the Naval Electronics Systems Command (NAVELEX).  Ship and submarine ordnance functions fell under the new Naval Ordnance Systems Command while air ordnance stayed with the Naval Air Systems Command.  In July 1974, the Naval Ordnance Systems Command and Naval Ship Systems Command merged to form the Naval Sea Systems Command (NAVSEA).  Traditional Naval Ordnance functions are now conducted at the Naval Surface Warfare Centers which fall under the command of Naval Sea Systems Command.|In what year was the Naval Ordnance Systems Command disestablished?|st-all-roberta-large-v1|fp32|l2|20|True|0|True|0
763|Q2906424|BuOrd was disestablished by Congress by an act of August 18, 1959 (73 Stat. 395), and its functions were transferred to the newly established Bureau of Naval Weapons.  BuAir merged with BuOrd to form BuWeps.  BuWeps, in turn, was disestablished in 1966 when the Navy overhauled its materiel organization, and was replaced with the Naval Ordnance Systems Command (NAVORD) and the Naval Air Systems Command (NAVAIR). Other systems commands at the time included the Naval Ship Systems Command (NAVSHIPS) and the Naval Electronics Systems Command (NAVELEX).  Ship and submarine ordnance functions fell under the new Naval Ordnance Systems Command while air ordnance stayed with the Naval Air Systems Command.  In July 1974, the Naval Ordnance Systems Command and Naval Ship Systems Command merged to form the Naval Sea Systems Command (NAVSEA).  Traditional Naval Ordnance functions are now conducted at the Naval Surface Warfare Centers which fall under the command of Naval Sea Systems Command.|In what year was the Naval Ordnance Systems Command disestablished?|st-all-roberta-large-v1|fp32|l2|25|True|0|True|0
764|Q2906424|BuOrd was disestablished by Congress by an act of August 18, 1959 (73 Stat. 395), and its functions were transferred to the newly established Bureau of Naval Weapons.  BuAir merged with BuOrd to form BuWeps.  BuWeps, in turn, was disestablished in 1966 when the Navy overhauled its materiel organization, and was replaced with the Naval Ordnance Systems Command (NAVORD) and the Naval Air Systems Command (NAVAIR). Other systems commands at the time included the Naval Ship Systems Command (NAVSHIPS) and the Naval Electronics Systems Command (NAVELEX).  Ship and submarine ordnance functions fell under the new Naval Ordnance Systems Command while air ordnance stayed with the Naval Air Systems Command.  In July 1974, the Naval Ordnance Systems Command and Naval Ship Systems Command merged to form the Naval Sea Systems Command (NAVSEA).  Traditional Naval Ordnance functions are now conducted at the Naval Surface Warfare Centers which fall under the command of Naval Sea Systems Command.|In what year was the Naval Ordnance Systems Command disestablished?|st-all-roberta-large-v1|fp32|l2|50|True|0|True|0
765|Q2906424|BuOrd was disestablished by Congress by an act of August 18, 1959 (73 Stat. 395), and its functions were transferred to the newly established Bureau of Naval Weapons.  BuAir merged with BuOrd to form BuWeps.  BuWeps, in turn, was disestablished in 1966 when the Navy overhauled its materiel organization, and was replaced with the Naval Ordnance Systems Command (NAVORD) and the Naval Air Systems Command (NAVAIR). Other systems commands at the time included the Naval Ship Systems Command (NAVSHIPS) and the Naval Electronics Systems Command (NAVELEX).  Ship and submarine ordnance functions fell under the new Naval Ordnance Systems Command while air ordnance stayed with the Naval Air Systems Command.  In July 1974, the Naval Ordnance Systems Command and Naval Ship Systems Command merged to form the Naval Sea Systems Command (NAVSEA).  Traditional Naval Ordnance functions are now conducted at the Naval Surface Warfare Centers which fall under the command of Naval Sea Systems Command.|In what year was the Naval Ordnance Systems Command disestablished?|st-all-roberta-large-v1|fp32|cosine|5|True|0|True|0
766|Q2906424|BuOrd was disestablished by Congress by an act of August 18, 1959 (73 Stat. 395), and its functions were transferred to the newly established Bureau of Naval Weapons.  BuAir merged with BuOrd to form BuWeps.  BuWeps, in turn, was disestablished in 1966 when the Navy overhauled its materiel organization, and was replaced with the Naval Ordnance Systems Command (NAVORD) and the Naval Air Systems Command (NAVAIR). Other systems commands at the time included the Naval Ship Systems Command (NAVSHIPS) and the Naval Electronics Systems Command (NAVELEX).  Ship and submarine ordnance functions fell under the new Naval Ordnance Systems Command while air ordnance stayed with the Naval Air Systems Command.  In July 1974, the Naval Ordnance Systems Command and Naval Ship Systems Command merged to form the Naval Sea Systems Command (NAVSEA).  Traditional Naval Ordnance functions are now conducted at the Naval Surface Warfare Centers which fall under the command of Naval Sea Systems Command.|In what year was the Naval Ordnance Systems Command disestablished?|st-all-roberta-large-v1|fp32|cosine|10|True|0|True|0
767|Q2906424|BuOrd was disestablished by Congress by an act of August 18, 1959 (73 Stat. 395), and its functions were transferred to the newly established Bureau of Naval Weapons.  BuAir merged with BuOrd to form BuWeps.  BuWeps, in turn, was disestablished in 1966 when the Navy overhauled its materiel organization, and was replaced with the Naval Ordnance Systems Command (NAVORD) and the Naval Air Systems Command (NAVAIR). Other systems commands at the time included the Naval Ship Systems Command (NAVSHIPS) and the Naval Electronics Systems Command (NAVELEX).  Ship and submarine ordnance functions fell under the new Naval Ordnance Systems Command while air ordnance stayed with the Naval Air Systems Command.  In July 1974, the Naval Ordnance Systems Command and Naval Ship Systems Command merged to form the Naval Sea Systems Command (NAVSEA).  Traditional Naval Ordnance functions are now conducted at the Naval Surface Warfare Centers which fall under the command of Naval Sea Systems Command.|In what year was the Naval Ordnance Systems Command disestablished?|st-all-roberta-large-v1|fp32|cosine|20|True|0|True|0
768|Q2906424|BuOrd was disestablished by Congress by an act of August 18, 1959 (73 Stat. 395), and its functions were transferred to the newly established Bureau of Naval Weapons.  BuAir merged with BuOrd to form BuWeps.  BuWeps, in turn, was disestablished in 1966 when the Navy overhauled its materiel organization, and was replaced with the Naval Ordnance Systems Command (NAVORD) and the Naval Air Systems Command (NAVAIR). Other systems commands at the time included the Naval Ship Systems Command (NAVSHIPS) and the Naval Electronics Systems Command (NAVELEX).  Ship and submarine ordnance functions fell under the new Naval Ordnance Systems Command while air ordnance stayed with the Naval Air Systems Command.  In July 1974, the Naval Ordnance Systems Command and Naval Ship Systems Command merged to form the Naval Sea Systems Command (NAVSEA).  Traditional Naval Ordnance functions are now conducted at the Naval Surface Warfare Centers which fall under the command of Naval Sea Systems Command.|In what year was the Naval Ordnance Systems Command disestablished?|st-all-roberta-large-v1|fp32|cosine|25|True|0|True|0
769|Q2906424|BuOrd was disestablished by Congress by an act of August 18, 1959 (73 Stat. 395), and its functions were transferred to the newly established Bureau of Naval Weapons.  BuAir merged with BuOrd to form BuWeps.  BuWeps, in turn, was disestablished in 1966 when the Navy overhauled its materiel organization, and was replaced with the Naval Ordnance Systems Command (NAVORD) and the Naval Air Systems Command (NAVAIR). Other systems commands at the time included the Naval Ship Systems Command (NAVSHIPS) and the Naval Electronics Systems Command (NAVELEX).  Ship and submarine ordnance functions fell under the new Naval Ordnance Systems Command while air ordnance stayed with the Naval Air Systems Command.  In July 1974, the Naval Ordnance Systems Command and Naval Ship Systems Command merged to form the Naval Sea Systems Command (NAVSEA).  Traditional Naval Ordnance functions are now conducted at the Naval Surface Warfare Centers which fall under the command of Naval Sea Systems Command.|In what year was the Naval Ordnance Systems Command disestablished?|st-all-roberta-large-v1|fp32|cosine|50|True|0|True|0
770|Q2906424|BuOrd was disestablished by Congress by an act of August 18, 1959 (73 Stat. 395), and its functions were transferred to the newly established Bureau of Naval Weapons.  BuAir merged with BuOrd to form BuWeps.  BuWeps, in turn, was disestablished in 1966 when the Navy overhauled its materiel organization, and was replaced with the Naval Ordnance Systems Command (NAVORD) and the Naval Air Systems Command (NAVAIR). Other systems commands at the time included the Naval Ship Systems Command (NAVSHIPS) and the Naval Electronics Systems Command (NAVELEX).  Ship and submarine ordnance functions fell under the new Naval Ordnance Systems Command while air ordnance stayed with the Naval Air Systems Command.  In July 1974, the Naval Ordnance Systems Command and Naval Ship Systems Command merged to form the Naval Sea Systems Command (NAVSEA).  Traditional Naval Ordnance functions are now conducted at the Naval Surface Warfare Centers which fall under the command of Naval Sea Systems Command.|In what year was the Naval Ordnance Systems Command disestablished?|st-all-roberta-large-v1|fp32|dot|5|True|1|True|2
771|Q2906424|BuOrd was disestablished by Congress by an act of August 18, 1959 (73 Stat. 395), and its functions were transferred to the newly established Bureau of Naval Weapons.  BuAir merged with BuOrd to form BuWeps.  BuWeps, in turn, was disestablished in 1966 when the Navy overhauled its materiel organization, and was replaced with the Naval Ordnance Systems Command (NAVORD) and the Naval Air Systems Command (NAVAIR). Other systems commands at the time included the Naval Ship Systems Command (NAVSHIPS) and the Naval Electronics Systems Command (NAVELEX).  Ship and submarine ordnance functions fell under the new Naval Ordnance Systems Command while air ordnance stayed with the Naval Air Systems Command.  In July 1974, the Naval Ordnance Systems Command and Naval Ship Systems Command merged to form the Naval Sea Systems Command (NAVSEA).  Traditional Naval Ordnance functions are now conducted at the Naval Surface Warfare Centers which fall under the command of Naval Sea Systems Command.|In what year was the Naval Ordnance Systems Command disestablished?|st-all-roberta-large-v1|fp32|dot|10|True|1|True|2
772|Q2906424|BuOrd was disestablished by Congress by an act of August 18, 1959 (73 Stat. 395), and its functions were transferred to the newly established Bureau of Naval Weapons.  BuAir merged with BuOrd to form BuWeps.  BuWeps, in turn, was disestablished in 1966 when the Navy overhauled its materiel organization, and was replaced with the Naval Ordnance Systems Command (NAVORD) and the Naval Air Systems Command (NAVAIR). Other systems commands at the time included the Naval Ship Systems Command (NAVSHIPS) and the Naval Electronics Systems Command (NAVELEX).  Ship and submarine ordnance functions fell under the new Naval Ordnance Systems Command while air ordnance stayed with the Naval Air Systems Command.  In July 1974, the Naval Ordnance Systems Command and Naval Ship Systems Command merged to form the Naval Sea Systems Command (NAVSEA).  Traditional Naval Ordnance functions are now conducted at the Naval Surface Warfare Centers which fall under the command of Naval Sea Systems Command.|In what year was the Naval Ordnance Systems Command disestablished?|st-all-roberta-large-v1|fp32|dot|20|True|1|True|2
773|Q2906424|BuOrd was disestablished by Congress by an act of August 18, 1959 (73 Stat. 395), and its functions were transferred to the newly established Bureau of Naval Weapons.  BuAir merged with BuOrd to form BuWeps.  BuWeps, in turn, was disestablished in 1966 when the Navy overhauled its materiel organization, and was replaced with the Naval Ordnance Systems Command (NAVORD) and the Naval Air Systems Command (NAVAIR). Other systems commands at the time included the Naval Ship Systems Command (NAVSHIPS) and the Naval Electronics Systems Command (NAVELEX).  Ship and submarine ordnance functions fell under the new Naval Ordnance Systems Command while air ordnance stayed with the Naval Air Systems Command.  In July 1974, the Naval Ordnance Systems Command and Naval Ship Systems Command merged to form the Naval Sea Systems Command (NAVSEA).  Traditional Naval Ordnance functions are now conducted at the Naval Surface Warfare Centers which fall under the command of Naval Sea Systems Command.|In what year was the Naval Ordnance Systems Command disestablished?|st-all-roberta-large-v1|fp32|dot|25|True|1|True|2
774|Q2906424|BuOrd was disestablished by Congress by an act of August 18, 1959 (73 Stat. 395), and its functions were transferred to the newly established Bureau of Naval Weapons.  BuAir merged with BuOrd to form BuWeps.  BuWeps, in turn, was disestablished in 1966 when the Navy overhauled its materiel organization, and was replaced with the Naval Ordnance Systems Command (NAVORD) and the Naval Air Systems Command (NAVAIR). Other systems commands at the time included the Naval Ship Systems Command (NAVSHIPS) and the Naval Electronics Systems Command (NAVELEX).  Ship and submarine ordnance functions fell under the new Naval Ordnance Systems Command while air ordnance stayed with the Naval Air Systems Command.  In July 1974, the Naval Ordnance Systems Command and Naval Ship Systems Command merged to form the Naval Sea Systems Command (NAVSEA).  Traditional Naval Ordnance functions are now conducted at the Naval Surface Warfare Centers which fall under the command of Naval Sea Systems Command.|In what year was the Naval Ordnance Systems Command disestablished?|st-all-roberta-large-v1|fp32|dot|50|True|1|True|2
775|Q2906424|BuOrd was disestablished by Congress by an act of August 18, 1959 (73 Stat. 395), and its functions were transferred to the newly established Bureau of Naval Weapons.  BuAir merged with BuOrd to form BuWeps.  BuWeps, in turn, was disestablished in 1966 when the Navy overhauled its materiel organization, and was replaced with the Naval Ordnance Systems Command (NAVORD) and the Naval Air Systems Command (NAVAIR). Other systems commands at the time included the Naval Ship Systems Command (NAVSHIPS) and the Naval Electronics Systems Command (NAVELEX).  Ship and submarine ordnance functions fell under the new Naval Ordnance Systems Command while air ordnance stayed with the Naval Air Systems Command.  In July 1974, the Naval Ordnance Systems Command and Naval Ship Systems Command merged to form the Naval Sea Systems Command (NAVSEA).  Traditional Naval Ordnance functions are now conducted at the Naval Surface Warfare Centers which fall under the command of Naval Sea Systems Command.|In what year was the Naval Ordnance Systems Command disestablished?|st-all-roberta-large-v1|binary|hamming|5|True|0|True|1
776|Q2906424|BuOrd was disestablished by Congress by an act of August 18, 1959 (73 Stat. 395), and its functions were transferred to the newly established Bureau of Naval Weapons.  BuAir merged with BuOrd to form BuWeps.  BuWeps, in turn, was disestablished in 1966 when the Navy overhauled its materiel organization, and was replaced with the Naval Ordnance Systems Command (NAVORD) and the Naval Air Systems Command (NAVAIR). Other systems commands at the time included the Naval Ship Systems Command (NAVSHIPS) and the Naval Electronics Systems Command (NAVELEX).  Ship and submarine ordnance functions fell under the new Naval Ordnance Systems Command while air ordnance stayed with the Naval Air Systems Command.  In July 1974, the Naval Ordnance Systems Command and Naval Ship Systems Command merged to form the Naval Sea Systems Command (NAVSEA).  Traditional Naval Ordnance functions are now conducted at the Naval Surface Warfare Centers which fall under the command of Naval Sea Systems Command.|In what year was the Naval Ordnance Systems Command disestablished?|st-all-roberta-large-v1|binary|hamming|10|True|0|True|1
777|Q2906424|BuOrd was disestablished by Congress by an act of August 18, 1959 (73 Stat. 395), and its functions were transferred to the newly established Bureau of Naval Weapons.  BuAir merged with BuOrd to form BuWeps.  BuWeps, in turn, was disestablished in 1966 when the Navy overhauled its materiel organization, and was replaced with the Naval Ordnance Systems Command (NAVORD) and the Naval Air Systems Command (NAVAIR). Other systems commands at the time included the Naval Ship Systems Command (NAVSHIPS) and the Naval Electronics Systems Command (NAVELEX).  Ship and submarine ordnance functions fell under the new Naval Ordnance Systems Command while air ordnance stayed with the Naval Air Systems Command.  In July 1974, the Naval Ordnance Systems Command and Naval Ship Systems Command merged to form the Naval Sea Systems Command (NAVSEA).  Traditional Naval Ordnance functions are now conducted at the Naval Surface Warfare Centers which fall under the command of Naval Sea Systems Command.|In what year was the Naval Ordnance Systems Command disestablished?|st-all-roberta-large-v1|binary|hamming|20|True|0|True|1
778|Q2906424|BuOrd was disestablished by Congress by an act of August 18, 1959 (73 Stat. 395), and its functions were transferred to the newly established Bureau of Naval Weapons.  BuAir merged with BuOrd to form BuWeps.  BuWeps, in turn, was disestablished in 1966 when the Navy overhauled its materiel organization, and was replaced with the Naval Ordnance Systems Command (NAVORD) and the Naval Air Systems Command (NAVAIR). Other systems commands at the time included the Naval Ship Systems Command (NAVSHIPS) and the Naval Electronics Systems Command (NAVELEX).  Ship and submarine ordnance functions fell under the new Naval Ordnance Systems Command while air ordnance stayed with the Naval Air Systems Command.  In July 1974, the Naval Ordnance Systems Command and Naval Ship Systems Command merged to form the Naval Sea Systems Command (NAVSEA).  Traditional Naval Ordnance functions are now conducted at the Naval Surface Warfare Centers which fall under the command of Naval Sea Systems Command.|In what year was the Naval Ordnance Systems Command disestablished?|st-all-roberta-large-v1|binary|hamming|25|True|0|True|1
779|Q2906424|BuOrd was disestablished by Congress by an act of August 18, 1959 (73 Stat. 395), and its functions were transferred to the newly established Bureau of Naval Weapons.  BuAir merged with BuOrd to form BuWeps.  BuWeps, in turn, was disestablished in 1966 when the Navy overhauled its materiel organization, and was replaced with the Naval Ordnance Systems Command (NAVORD) and the Naval Air Systems Command (NAVAIR). Other systems commands at the time included the Naval Ship Systems Command (NAVSHIPS) and the Naval Electronics Systems Command (NAVELEX).  Ship and submarine ordnance functions fell under the new Naval Ordnance Systems Command while air ordnance stayed with the Naval Air Systems Command.  In July 1974, the Naval Ordnance Systems Command and Naval Ship Systems Command merged to form the Naval Sea Systems Command (NAVSEA).  Traditional Naval Ordnance functions are now conducted at the Naval Surface Warfare Centers which fall under the command of Naval Sea Systems Command.|In what year was the Naval Ordnance Systems Command disestablished?|st-all-roberta-large-v1|binary|hamming|50|True|0|True|1
780|Q2906424|BuOrd was disestablished by Congress by an act of August 18, 1959 (73 Stat. 395), and its functions were transferred to the newly established Bureau of Naval Weapons.  BuAir merged with BuOrd to form BuWeps.  BuWeps, in turn, was disestablished in 1966 when the Navy overhauled its materiel organization, and was replaced with the Naval Ordnance Systems Command (NAVORD) and the Naval Air Systems Command (NAVAIR). Other systems commands at the time included the Naval Ship Systems Command (NAVSHIPS) and the Naval Electronics Systems Command (NAVELEX).  Ship and submarine ordnance functions fell under the new Naval Ordnance Systems Command while air ordnance stayed with the Naval Air Systems Command.  In July 1974, the Naval Ordnance Systems Command and Naval Ship Systems Command merged to form the Naval Sea Systems Command (NAVSEA).  Traditional Naval Ordnance functions are now conducted at the Naval Surface Warfare Centers which fall under the command of Naval Sea Systems Command.|In what year was the Naval Ordnance Systems Command disestablished?|st-minilm-l12-v1|fp32|l2|5|True|0|False|-1
781|Q2906424|BuOrd was disestablished by Congress by an act of August 18, 1959 (73 Stat. 395), and its functions were transferred to the newly established Bureau of Naval Weapons.  BuAir merged with BuOrd to form BuWeps.  BuWeps, in turn, was disestablished in 1966 when the Navy overhauled its materiel organization, and was replaced with the Naval Ordnance Systems Command (NAVORD) and the Naval Air Systems Command (NAVAIR). Other systems commands at the time included the Naval Ship Systems Command (NAVSHIPS) and the Naval Electronics Systems Command (NAVELEX).  Ship and submarine ordnance functions fell under the new Naval Ordnance Systems Command while air ordnance stayed with the Naval Air Systems Command.  In July 1974, the Naval Ordnance Systems Command and Naval Ship Systems Command merged to form the Naval Sea Systems Command (NAVSEA).  Traditional Naval Ordnance functions are now conducted at the Naval Surface Warfare Centers which fall under the command of Naval Sea Systems Command.|In what year was the Naval Ordnance Systems Command disestablished?|st-minilm-l12-v1|fp32|l2|10|True|0|False|-1
782|Q2906424|BuOrd was disestablished by Congress by an act of August 18, 1959 (73 Stat. 395), and its functions were transferred to the newly established Bureau of Naval Weapons.  BuAir merged with BuOrd to form BuWeps.  BuWeps, in turn, was disestablished in 1966 when the Navy overhauled its materiel organization, and was replaced with the Naval Ordnance Systems Command (NAVORD) and the Naval Air Systems Command (NAVAIR). Other systems commands at the time included the Naval Ship Systems Command (NAVSHIPS) and the Naval Electronics Systems Command (NAVELEX).  Ship and submarine ordnance functions fell under the new Naval Ordnance Systems Command while air ordnance stayed with the Naval Air Systems Command.  In July 1974, the Naval Ordnance Systems Command and Naval Ship Systems Command merged to form the Naval Sea Systems Command (NAVSEA).  Traditional Naval Ordnance functions are now conducted at the Naval Surface Warfare Centers which fall under the command of Naval Sea Systems Command.|In what year was the Naval Ordnance Systems Command disestablished?|st-minilm-l12-v1|fp32|l2|20|True|0|False|-1
783|Q2906424|BuOrd was disestablished by Congress by an act of August 18, 1959 (73 Stat. 395), and its functions were transferred to the newly established Bureau of Naval Weapons.  BuAir merged with BuOrd to form BuWeps.  BuWeps, in turn, was disestablished in 1966 when the Navy overhauled its materiel organization, and was replaced with the Naval Ordnance Systems Command (NAVORD) and the Naval Air Systems Command (NAVAIR). Other systems commands at the time included the Naval Ship Systems Command (NAVSHIPS) and the Naval Electronics Systems Command (NAVELEX).  Ship and submarine ordnance functions fell under the new Naval Ordnance Systems Command while air ordnance stayed with the Naval Air Systems Command.  In July 1974, the Naval Ordnance Systems Command and Naval Ship Systems Command merged to form the Naval Sea Systems Command (NAVSEA).  Traditional Naval Ordnance functions are now conducted at the Naval Surface Warfare Centers which fall under the command of Naval Sea Systems Command.|In what year was the Naval Ordnance Systems Command disestablished?|st-minilm-l12-v1|fp32|l2|25|True|0|False|-1
784|Q2906424|BuOrd was disestablished by Congress by an act of August 18, 1959 (73 Stat. 395), and its functions were transferred to the newly established Bureau of Naval Weapons.  BuAir merged with BuOrd to form BuWeps.  BuWeps, in turn, was disestablished in 1966 when the Navy overhauled its materiel organization, and was replaced with the Naval Ordnance Systems Command (NAVORD) and the Naval Air Systems Command (NAVAIR). Other systems commands at the time included the Naval Ship Systems Command (NAVSHIPS) and the Naval Electronics Systems Command (NAVELEX).  Ship and submarine ordnance functions fell under the new Naval Ordnance Systems Command while air ordnance stayed with the Naval Air Systems Command.  In July 1974, the Naval Ordnance Systems Command and Naval Ship Systems Command merged to form the Naval Sea Systems Command (NAVSEA).  Traditional Naval Ordnance functions are now conducted at the Naval Surface Warfare Centers which fall under the command of Naval Sea Systems Command.|In what year was the Naval Ordnance Systems Command disestablished?|st-minilm-l12-v1|fp32|l2|50|True|0|False|-1
785|Q2906424|BuOrd was disestablished by Congress by an act of August 18, 1959 (73 Stat. 395), and its functions were transferred to the newly established Bureau of Naval Weapons.  BuAir merged with BuOrd to form BuWeps.  BuWeps, in turn, was disestablished in 1966 when the Navy overhauled its materiel organization, and was replaced with the Naval Ordnance Systems Command (NAVORD) and the Naval Air Systems Command (NAVAIR). Other systems commands at the time included the Naval Ship Systems Command (NAVSHIPS) and the Naval Electronics Systems Command (NAVELEX).  Ship and submarine ordnance functions fell under the new Naval Ordnance Systems Command while air ordnance stayed with the Naval Air Systems Command.  In July 1974, the Naval Ordnance Systems Command and Naval Ship Systems Command merged to form the Naval Sea Systems Command (NAVSEA).  Traditional Naval Ordnance functions are now conducted at the Naval Surface Warfare Centers which fall under the command of Naval Sea Systems Command.|In what year was the Naval Ordnance Systems Command disestablished?|st-minilm-l12-v1|fp32|cosine|5|True|1|False|-1
786|Q2906424|BuOrd was disestablished by Congress by an act of August 18, 1959 (73 Stat. 395), and its functions were transferred to the newly established Bureau of Naval Weapons.  BuAir merged with BuOrd to form BuWeps.  BuWeps, in turn, was disestablished in 1966 when the Navy overhauled its materiel organization, and was replaced with the Naval Ordnance Systems Command (NAVORD) and the Naval Air Systems Command (NAVAIR). Other systems commands at the time included the Naval Ship Systems Command (NAVSHIPS) and the Naval Electronics Systems Command (NAVELEX).  Ship and submarine ordnance functions fell under the new Naval Ordnance Systems Command while air ordnance stayed with the Naval Air Systems Command.  In July 1974, the Naval Ordnance Systems Command and Naval Ship Systems Command merged to form the Naval Sea Systems Command (NAVSEA).  Traditional Naval Ordnance functions are now conducted at the Naval Surface Warfare Centers which fall under the command of Naval Sea Systems Command.|In what year was the Naval Ordnance Systems Command disestablished?|st-minilm-l12-v1|fp32|cosine|10|True|1|False|-1
787|Q2906424|BuOrd was disestablished by Congress by an act of August 18, 1959 (73 Stat. 395), and its functions were transferred to the newly established Bureau of Naval Weapons.  BuAir merged with BuOrd to form BuWeps.  BuWeps, in turn, was disestablished in 1966 when the Navy overhauled its materiel organization, and was replaced with the Naval Ordnance Systems Command (NAVORD) and the Naval Air Systems Command (NAVAIR). Other systems commands at the time included the Naval Ship Systems Command (NAVSHIPS) and the Naval Electronics Systems Command (NAVELEX).  Ship and submarine ordnance functions fell under the new Naval Ordnance Systems Command while air ordnance stayed with the Naval Air Systems Command.  In July 1974, the Naval Ordnance Systems Command and Naval Ship Systems Command merged to form the Naval Sea Systems Command (NAVSEA).  Traditional Naval Ordnance functions are now conducted at the Naval Surface Warfare Centers which fall under the command of Naval Sea Systems Command.|In what year was the Naval Ordnance Systems Command disestablished?|st-minilm-l12-v1|fp32|cosine|20|True|1|False|-1
788|Q2906424|BuOrd was disestablished by Congress by an act of August 18, 1959 (73 Stat. 395), and its functions were transferred to the newly established Bureau of Naval Weapons.  BuAir merged with BuOrd to form BuWeps.  BuWeps, in turn, was disestablished in 1966 when the Navy overhauled its materiel organization, and was replaced with the Naval Ordnance Systems Command (NAVORD) and the Naval Air Systems Command (NAVAIR). Other systems commands at the time included the Naval Ship Systems Command (NAVSHIPS) and the Naval Electronics Systems Command (NAVELEX).  Ship and submarine ordnance functions fell under the new Naval Ordnance Systems Command while air ordnance stayed with the Naval Air Systems Command.  In July 1974, the Naval Ordnance Systems Command and Naval Ship Systems Command merged to form the Naval Sea Systems Command (NAVSEA).  Traditional Naval Ordnance functions are now conducted at the Naval Surface Warfare Centers which fall under the command of Naval Sea Systems Command.|In what year was the Naval Ordnance Systems Command disestablished?|st-minilm-l12-v1|fp32|cosine|25|True|1|False|-1
789|Q2906424|BuOrd was disestablished by Congress by an act of August 18, 1959 (73 Stat. 395), and its functions were transferred to the newly established Bureau of Naval Weapons.  BuAir merged with BuOrd to form BuWeps.  BuWeps, in turn, was disestablished in 1966 when the Navy overhauled its materiel organization, and was replaced with the Naval Ordnance Systems Command (NAVORD) and the Naval Air Systems Command (NAVAIR). Other systems commands at the time included the Naval Ship Systems Command (NAVSHIPS) and the Naval Electronics Systems Command (NAVELEX).  Ship and submarine ordnance functions fell under the new Naval Ordnance Systems Command while air ordnance stayed with the Naval Air Systems Command.  In July 1974, the Naval Ordnance Systems Command and Naval Ship Systems Command merged to form the Naval Sea Systems Command (NAVSEA).  Traditional Naval Ordnance functions are now conducted at the Naval Surface Warfare Centers which fall under the command of Naval Sea Systems Command.|In what year was the Naval Ordnance Systems Command disestablished?|st-minilm-l12-v1|fp32|cosine|50|True|1|False|-1
790|Q2906424|BuOrd was disestablished by Congress by an act of August 18, 1959 (73 Stat. 395), and its functions were transferred to the newly established Bureau of Naval Weapons.  BuAir merged with BuOrd to form BuWeps.  BuWeps, in turn, was disestablished in 1966 when the Navy overhauled its materiel organization, and was replaced with the Naval Ordnance Systems Command (NAVORD) and the Naval Air Systems Command (NAVAIR). Other systems commands at the time included the Naval Ship Systems Command (NAVSHIPS) and the Naval Electronics Systems Command (NAVELEX).  Ship and submarine ordnance functions fell under the new Naval Ordnance Systems Command while air ordnance stayed with the Naval Air Systems Command.  In July 1974, the Naval Ordnance Systems Command and Naval Ship Systems Command merged to form the Naval Sea Systems Command (NAVSEA).  Traditional Naval Ordnance functions are now conducted at the Naval Surface Warfare Centers which fall under the command of Naval Sea Systems Command.|In what year was the Naval Ordnance Systems Command disestablished?|st-minilm-l12-v1|fp32|dot|5|False|-1|False|-1
791|Q2906424|BuOrd was disestablished by Congress by an act of August 18, 1959 (73 Stat. 395), and its functions were transferred to the newly established Bureau of Naval Weapons.  BuAir merged with BuOrd to form BuWeps.  BuWeps, in turn, was disestablished in 1966 when the Navy overhauled its materiel organization, and was replaced with the Naval Ordnance Systems Command (NAVORD) and the Naval Air Systems Command (NAVAIR). Other systems commands at the time included the Naval Ship Systems Command (NAVSHIPS) and the Naval Electronics Systems Command (NAVELEX).  Ship and submarine ordnance functions fell under the new Naval Ordnance Systems Command while air ordnance stayed with the Naval Air Systems Command.  In July 1974, the Naval Ordnance Systems Command and Naval Ship Systems Command merged to form the Naval Sea Systems Command (NAVSEA).  Traditional Naval Ordnance functions are now conducted at the Naval Surface Warfare Centers which fall under the command of Naval Sea Systems Command.|In what year was the Naval Ordnance Systems Command disestablished?|st-minilm-l12-v1|fp32|dot|10|True|8|False|-1
792|Q2906424|BuOrd was disestablished by Congress by an act of August 18, 1959 (73 Stat. 395), and its functions were transferred to the newly established Bureau of Naval Weapons.  BuAir merged with BuOrd to form BuWeps.  BuWeps, in turn, was disestablished in 1966 when the Navy overhauled its materiel organization, and was replaced with the Naval Ordnance Systems Command (NAVORD) and the Naval Air Systems Command (NAVAIR). Other systems commands at the time included the Naval Ship Systems Command (NAVSHIPS) and the Naval Electronics Systems Command (NAVELEX).  Ship and submarine ordnance functions fell under the new Naval Ordnance Systems Command while air ordnance stayed with the Naval Air Systems Command.  In July 1974, the Naval Ordnance Systems Command and Naval Ship Systems Command merged to form the Naval Sea Systems Command (NAVSEA).  Traditional Naval Ordnance functions are now conducted at the Naval Surface Warfare Centers which fall under the command of Naval Sea Systems Command.|In what year was the Naval Ordnance Systems Command disestablished?|st-minilm-l12-v1|fp32|dot|20|True|8|False|-1
793|Q2906424|BuOrd was disestablished by Congress by an act of August 18, 1959 (73 Stat. 395), and its functions were transferred to the newly established Bureau of Naval Weapons.  BuAir merged with BuOrd to form BuWeps.  BuWeps, in turn, was disestablished in 1966 when the Navy overhauled its materiel organization, and was replaced with the Naval Ordnance Systems Command (NAVORD) and the Naval Air Systems Command (NAVAIR). Other systems commands at the time included the Naval Ship Systems Command (NAVSHIPS) and the Naval Electronics Systems Command (NAVELEX).  Ship and submarine ordnance functions fell under the new Naval Ordnance Systems Command while air ordnance stayed with the Naval Air Systems Command.  In July 1974, the Naval Ordnance Systems Command and Naval Ship Systems Command merged to form the Naval Sea Systems Command (NAVSEA).  Traditional Naval Ordnance functions are now conducted at the Naval Surface Warfare Centers which fall under the command of Naval Sea Systems Command.|In what year was the Naval Ordnance Systems Command disestablished?|st-minilm-l12-v1|fp32|dot|25|True|8|False|-1
794|Q2906424|BuOrd was disestablished by Congress by an act of August 18, 1959 (73 Stat. 395), and its functions were transferred to the newly established Bureau of Naval Weapons.  BuAir merged with BuOrd to form BuWeps.  BuWeps, in turn, was disestablished in 1966 when the Navy overhauled its materiel organization, and was replaced with the Naval Ordnance Systems Command (NAVORD) and the Naval Air Systems Command (NAVAIR). Other systems commands at the time included the Naval Ship Systems Command (NAVSHIPS) and the Naval Electronics Systems Command (NAVELEX).  Ship and submarine ordnance functions fell under the new Naval Ordnance Systems Command while air ordnance stayed with the Naval Air Systems Command.  In July 1974, the Naval Ordnance Systems Command and Naval Ship Systems Command merged to form the Naval Sea Systems Command (NAVSEA).  Traditional Naval Ordnance functions are now conducted at the Naval Surface Warfare Centers which fall under the command of Naval Sea Systems Command.|In what year was the Naval Ordnance Systems Command disestablished?|st-minilm-l12-v1|fp32|dot|50|True|8|False|-1
795|Q2906424|BuOrd was disestablished by Congress by an act of August 18, 1959 (73 Stat. 395), and its functions were transferred to the newly established Bureau of Naval Weapons.  BuAir merged with BuOrd to form BuWeps.  BuWeps, in turn, was disestablished in 1966 when the Navy overhauled its materiel organization, and was replaced with the Naval Ordnance Systems Command (NAVORD) and the Naval Air Systems Command (NAVAIR). Other systems commands at the time included the Naval Ship Systems Command (NAVSHIPS) and the Naval Electronics Systems Command (NAVELEX).  Ship and submarine ordnance functions fell under the new Naval Ordnance Systems Command while air ordnance stayed with the Naval Air Systems Command.  In July 1974, the Naval Ordnance Systems Command and Naval Ship Systems Command merged to form the Naval Sea Systems Command (NAVSEA).  Traditional Naval Ordnance functions are now conducted at the Naval Surface Warfare Centers which fall under the command of Naval Sea Systems Command.|In what year was the Naval Ordnance Systems Command disestablished?|st-minilm-l12-v1|binary|hamming|5|True|0|False|-1
796|Q2906424|BuOrd was disestablished by Congress by an act of August 18, 1959 (73 Stat. 395), and its functions were transferred to the newly established Bureau of Naval Weapons.  BuAir merged with BuOrd to form BuWeps.  BuWeps, in turn, was disestablished in 1966 when the Navy overhauled its materiel organization, and was replaced with the Naval Ordnance Systems Command (NAVORD) and the Naval Air Systems Command (NAVAIR). Other systems commands at the time included the Naval Ship Systems Command (NAVSHIPS) and the Naval Electronics Systems Command (NAVELEX).  Ship and submarine ordnance functions fell under the new Naval Ordnance Systems Command while air ordnance stayed with the Naval Air Systems Command.  In July 1974, the Naval Ordnance Systems Command and Naval Ship Systems Command merged to form the Naval Sea Systems Command (NAVSEA).  Traditional Naval Ordnance functions are now conducted at the Naval Surface Warfare Centers which fall under the command of Naval Sea Systems Command.|In what year was the Naval Ordnance Systems Command disestablished?|st-minilm-l12-v1|binary|hamming|10|True|0|False|-1
797|Q2906424|BuOrd was disestablished by Congress by an act of August 18, 1959 (73 Stat. 395), and its functions were transferred to the newly established Bureau of Naval Weapons.  BuAir merged with BuOrd to form BuWeps.  BuWeps, in turn, was disestablished in 1966 when the Navy overhauled its materiel organization, and was replaced with the Naval Ordnance Systems Command (NAVORD) and the Naval Air Systems Command (NAVAIR). Other systems commands at the time included the Naval Ship Systems Command (NAVSHIPS) and the Naval Electronics Systems Command (NAVELEX).  Ship and submarine ordnance functions fell under the new Naval Ordnance Systems Command while air ordnance stayed with the Naval Air Systems Command.  In July 1974, the Naval Ordnance Systems Command and Naval Ship Systems Command merged to form the Naval Sea Systems Command (NAVSEA).  Traditional Naval Ordnance functions are now conducted at the Naval Surface Warfare Centers which fall under the command of Naval Sea Systems Command.|In what year was the Naval Ordnance Systems Command disestablished?|st-minilm-l12-v1|binary|hamming|20|True|0|False|-1
798|Q2906424|BuOrd was disestablished by Congress by an act of August 18, 1959 (73 Stat. 395), and its functions were transferred to the newly established Bureau of Naval Weapons.  BuAir merged with BuOrd to form BuWeps.  BuWeps, in turn, was disestablished in 1966 when the Navy overhauled its materiel organization, and was replaced with the Naval Ordnance Systems Command (NAVORD) and the Naval Air Systems Command (NAVAIR). Other systems commands at the time included the Naval Ship Systems Command (NAVSHIPS) and the Naval Electronics Systems Command (NAVELEX).  Ship and submarine ordnance functions fell under the new Naval Ordnance Systems Command while air ordnance stayed with the Naval Air Systems Command.  In July 1974, the Naval Ordnance Systems Command and Naval Ship Systems Command merged to form the Naval Sea Systems Command (NAVSEA).  Traditional Naval Ordnance functions are now conducted at the Naval Surface Warfare Centers which fall under the command of Naval Sea Systems Command.|In what year was the Naval Ordnance Systems Command disestablished?|st-minilm-l12-v1|binary|hamming|25|True|0|False|-1
799|Q2906424|BuOrd was disestablished by Congress by an act of August 18, 1959 (73 Stat. 395), and its functions were transferred to the newly established Bureau of Naval Weapons.  BuAir merged with BuOrd to form BuWeps.  BuWeps, in turn, was disestablished in 1966 when the Navy overhauled its materiel organization, and was replaced with the Naval Ordnance Systems Command (NAVORD) and the Naval Air Systems Command (NAVAIR). Other systems commands at the time included the Naval Ship Systems Command (NAVSHIPS) and the Naval Electronics Systems Command (NAVELEX).  Ship and submarine ordnance functions fell under the new Naval Ordnance Systems Command while air ordnance stayed with the Naval Air Systems Command.  In July 1974, the Naval Ordnance Systems Command and Naval Ship Systems Command merged to form the Naval Sea Systems Command (NAVSEA).  Traditional Naval Ordnance functions are now conducted at the Naval Surface Warfare Centers which fall under the command of Naval Sea Systems Command.|In what year was the Naval Ordnance Systems Command disestablished?|st-minilm-l12-v1|binary|hamming|50|True|0|True|31
800|Q2906424|BuOrd was disestablished by Congress by an act of August 18, 1959 (73 Stat. 395), and its functions were transferred to the newly established Bureau of Naval Weapons.  BuAir merged with BuOrd to form BuWeps.  BuWeps, in turn, was disestablished in 1966 when the Navy overhauled its materiel organization, and was replaced with the Naval Ordnance Systems Command (NAVORD) and the Naval Air Systems Command (NAVAIR). Other systems commands at the time included the Naval Ship Systems Command (NAVSHIPS) and the Naval Electronics Systems Command (NAVELEX).  Ship and submarine ordnance functions fell under the new Naval Ordnance Systems Command while air ordnance stayed with the Naval Air Systems Command.  In July 1974, the Naval Ordnance Systems Command and Naval Ship Systems Command merged to form the Naval Sea Systems Command (NAVSEA).  Traditional Naval Ordnance functions are now conducted at the Naval Surface Warfare Centers which fall under the command of Naval Sea Systems Command.|In what year was the Naval Ordnance Systems Command disestablished?|st-minilm-l12-v2|fp32|l2|5|False|-1|False|-1
801|Q2906424|BuOrd was disestablished by Congress by an act of August 18, 1959 (73 Stat. 395), and its functions were transferred to the newly established Bureau of Naval Weapons.  BuAir merged with BuOrd to form BuWeps.  BuWeps, in turn, was disestablished in 1966 when the Navy overhauled its materiel organization, and was replaced with the Naval Ordnance Systems Command (NAVORD) and the Naval Air Systems Command (NAVAIR). Other systems commands at the time included the Naval Ship Systems Command (NAVSHIPS) and the Naval Electronics Systems Command (NAVELEX).  Ship and submarine ordnance functions fell under the new Naval Ordnance Systems Command while air ordnance stayed with the Naval Air Systems Command.  In July 1974, the Naval Ordnance Systems Command and Naval Ship Systems Command merged to form the Naval Sea Systems Command (NAVSEA).  Traditional Naval Ordnance functions are now conducted at the Naval Surface Warfare Centers which fall under the command of Naval Sea Systems Command.|In what year was the Naval Ordnance Systems Command disestablished?|st-minilm-l12-v2|fp32|l2|10|False|-1|False|-1
802|Q2906424|BuOrd was disestablished by Congress by an act of August 18, 1959 (73 Stat. 395), and its functions were transferred to the newly established Bureau of Naval Weapons.  BuAir merged with BuOrd to form BuWeps.  BuWeps, in turn, was disestablished in 1966 when the Navy overhauled its materiel organization, and was replaced with the Naval Ordnance Systems Command (NAVORD) and the Naval Air Systems Command (NAVAIR). Other systems commands at the time included the Naval Ship Systems Command (NAVSHIPS) and the Naval Electronics Systems Command (NAVELEX).  Ship and submarine ordnance functions fell under the new Naval Ordnance Systems Command while air ordnance stayed with the Naval Air Systems Command.  In July 1974, the Naval Ordnance Systems Command and Naval Ship Systems Command merged to form the Naval Sea Systems Command (NAVSEA).  Traditional Naval Ordnance functions are now conducted at the Naval Surface Warfare Centers which fall under the command of Naval Sea Systems Command.|In what year was the Naval Ordnance Systems Command disestablished?|st-minilm-l12-v2|fp32|l2|20|True|14|False|-1
803|Q2906424|BuOrd was disestablished by Congress by an act of August 18, 1959 (73 Stat. 395), and its functions were transferred to the newly established Bureau of Naval Weapons.  BuAir merged with BuOrd to form BuWeps.  BuWeps, in turn, was disestablished in 1966 when the Navy overhauled its materiel organization, and was replaced with the Naval Ordnance Systems Command (NAVORD) and the Naval Air Systems Command (NAVAIR). Other systems commands at the time included the Naval Ship Systems Command (NAVSHIPS) and the Naval Electronics Systems Command (NAVELEX).  Ship and submarine ordnance functions fell under the new Naval Ordnance Systems Command while air ordnance stayed with the Naval Air Systems Command.  In July 1974, the Naval Ordnance Systems Command and Naval Ship Systems Command merged to form the Naval Sea Systems Command (NAVSEA).  Traditional Naval Ordnance functions are now conducted at the Naval Surface Warfare Centers which fall under the command of Naval Sea Systems Command.|In what year was the Naval Ordnance Systems Command disestablished?|st-minilm-l12-v2|fp32|l2|25|True|14|True|23
804|Q2906424|BuOrd was disestablished by Congress by an act of August 18, 1959 (73 Stat. 395), and its functions were transferred to the newly established Bureau of Naval Weapons.  BuAir merged with BuOrd to form BuWeps.  BuWeps, in turn, was disestablished in 1966 when the Navy overhauled its materiel organization, and was replaced with the Naval Ordnance Systems Command (NAVORD) and the Naval Air Systems Command (NAVAIR). Other systems commands at the time included the Naval Ship Systems Command (NAVSHIPS) and the Naval Electronics Systems Command (NAVELEX).  Ship and submarine ordnance functions fell under the new Naval Ordnance Systems Command while air ordnance stayed with the Naval Air Systems Command.  In July 1974, the Naval Ordnance Systems Command and Naval Ship Systems Command merged to form the Naval Sea Systems Command (NAVSEA).  Traditional Naval Ordnance functions are now conducted at the Naval Surface Warfare Centers which fall under the command of Naval Sea Systems Command.|In what year was the Naval Ordnance Systems Command disestablished?|st-minilm-l12-v2|fp32|l2|50|True|14|True|23
805|Q2906424|BuOrd was disestablished by Congress by an act of August 18, 1959 (73 Stat. 395), and its functions were transferred to the newly established Bureau of Naval Weapons.  BuAir merged with BuOrd to form BuWeps.  BuWeps, in turn, was disestablished in 1966 when the Navy overhauled its materiel organization, and was replaced with the Naval Ordnance Systems Command (NAVORD) and the Naval Air Systems Command (NAVAIR). Other systems commands at the time included the Naval Ship Systems Command (NAVSHIPS) and the Naval Electronics Systems Command (NAVELEX).  Ship and submarine ordnance functions fell under the new Naval Ordnance Systems Command while air ordnance stayed with the Naval Air Systems Command.  In July 1974, the Naval Ordnance Systems Command and Naval Ship Systems Command merged to form the Naval Sea Systems Command (NAVSEA).  Traditional Naval Ordnance functions are now conducted at the Naval Surface Warfare Centers which fall under the command of Naval Sea Systems Command.|In what year was the Naval Ordnance Systems Command disestablished?|st-minilm-l12-v2|fp32|cosine|5|False|-1|False|-1
806|Q2906424|BuOrd was disestablished by Congress by an act of August 18, 1959 (73 Stat. 395), and its functions were transferred to the newly established Bureau of Naval Weapons.  BuAir merged with BuOrd to form BuWeps.  BuWeps, in turn, was disestablished in 1966 when the Navy overhauled its materiel organization, and was replaced with the Naval Ordnance Systems Command (NAVORD) and the Naval Air Systems Command (NAVAIR). Other systems commands at the time included the Naval Ship Systems Command (NAVSHIPS) and the Naval Electronics Systems Command (NAVELEX).  Ship and submarine ordnance functions fell under the new Naval Ordnance Systems Command while air ordnance stayed with the Naval Air Systems Command.  In July 1974, the Naval Ordnance Systems Command and Naval Ship Systems Command merged to form the Naval Sea Systems Command (NAVSEA).  Traditional Naval Ordnance functions are now conducted at the Naval Surface Warfare Centers which fall under the command of Naval Sea Systems Command.|In what year was the Naval Ordnance Systems Command disestablished?|st-minilm-l12-v2|fp32|cosine|10|True|7|False|-1
807|Q2906424|BuOrd was disestablished by Congress by an act of August 18, 1959 (73 Stat. 395), and its functions were transferred to the newly established Bureau of Naval Weapons.  BuAir merged with BuOrd to form BuWeps.  BuWeps, in turn, was disestablished in 1966 when the Navy overhauled its materiel organization, and was replaced with the Naval Ordnance Systems Command (NAVORD) and the Naval Air Systems Command (NAVAIR). Other systems commands at the time included the Naval Ship Systems Command (NAVSHIPS) and the Naval Electronics Systems Command (NAVELEX).  Ship and submarine ordnance functions fell under the new Naval Ordnance Systems Command while air ordnance stayed with the Naval Air Systems Command.  In July 1974, the Naval Ordnance Systems Command and Naval Ship Systems Command merged to form the Naval Sea Systems Command (NAVSEA).  Traditional Naval Ordnance functions are now conducted at the Naval Surface Warfare Centers which fall under the command of Naval Sea Systems Command.|In what year was the Naval Ordnance Systems Command disestablished?|st-minilm-l12-v2|fp32|cosine|20|True|7|False|-1
808|Q2906424|BuOrd was disestablished by Congress by an act of August 18, 1959 (73 Stat. 395), and its functions were transferred to the newly established Bureau of Naval Weapons.  BuAir merged with BuOrd to form BuWeps.  BuWeps, in turn, was disestablished in 1966 when the Navy overhauled its materiel organization, and was replaced with the Naval Ordnance Systems Command (NAVORD) and the Naval Air Systems Command (NAVAIR). Other systems commands at the time included the Naval Ship Systems Command (NAVSHIPS) and the Naval Electronics Systems Command (NAVELEX).  Ship and submarine ordnance functions fell under the new Naval Ordnance Systems Command while air ordnance stayed with the Naval Air Systems Command.  In July 1974, the Naval Ordnance Systems Command and Naval Ship Systems Command merged to form the Naval Sea Systems Command (NAVSEA).  Traditional Naval Ordnance functions are now conducted at the Naval Surface Warfare Centers which fall under the command of Naval Sea Systems Command.|In what year was the Naval Ordnance Systems Command disestablished?|st-minilm-l12-v2|fp32|cosine|25|True|7|False|-1
809|Q2906424|BuOrd was disestablished by Congress by an act of August 18, 1959 (73 Stat. 395), and its functions were transferred to the newly established Bureau of Naval Weapons.  BuAir merged with BuOrd to form BuWeps.  BuWeps, in turn, was disestablished in 1966 when the Navy overhauled its materiel organization, and was replaced with the Naval Ordnance Systems Command (NAVORD) and the Naval Air Systems Command (NAVAIR). Other systems commands at the time included the Naval Ship Systems Command (NAVSHIPS) and the Naval Electronics Systems Command (NAVELEX).  Ship and submarine ordnance functions fell under the new Naval Ordnance Systems Command while air ordnance stayed with the Naval Air Systems Command.  In July 1974, the Naval Ordnance Systems Command and Naval Ship Systems Command merged to form the Naval Sea Systems Command (NAVSEA).  Traditional Naval Ordnance functions are now conducted at the Naval Surface Warfare Centers which fall under the command of Naval Sea Systems Command.|In what year was the Naval Ordnance Systems Command disestablished?|st-minilm-l12-v2|fp32|cosine|50|True|7|False|-1
810|Q2906424|BuOrd was disestablished by Congress by an act of August 18, 1959 (73 Stat. 395), and its functions were transferred to the newly established Bureau of Naval Weapons.  BuAir merged with BuOrd to form BuWeps.  BuWeps, in turn, was disestablished in 1966 when the Navy overhauled its materiel organization, and was replaced with the Naval Ordnance Systems Command (NAVORD) and the Naval Air Systems Command (NAVAIR). Other systems commands at the time included the Naval Ship Systems Command (NAVSHIPS) and the Naval Electronics Systems Command (NAVELEX).  Ship and submarine ordnance functions fell under the new Naval Ordnance Systems Command while air ordnance stayed with the Naval Air Systems Command.  In July 1974, the Naval Ordnance Systems Command and Naval Ship Systems Command merged to form the Naval Sea Systems Command (NAVSEA).  Traditional Naval Ordnance functions are now conducted at the Naval Surface Warfare Centers which fall under the command of Naval Sea Systems Command.|In what year was the Naval Ordnance Systems Command disestablished?|st-minilm-l12-v2|fp32|dot|5|False|-1|False|-1
811|Q2906424|BuOrd was disestablished by Congress by an act of August 18, 1959 (73 Stat. 395), and its functions were transferred to the newly established Bureau of Naval Weapons.  BuAir merged with BuOrd to form BuWeps.  BuWeps, in turn, was disestablished in 1966 when the Navy overhauled its materiel organization, and was replaced with the Naval Ordnance Systems Command (NAVORD) and the Naval Air Systems Command (NAVAIR). Other systems commands at the time included the Naval Ship Systems Command (NAVSHIPS) and the Naval Electronics Systems Command (NAVELEX).  Ship and submarine ordnance functions fell under the new Naval Ordnance Systems Command while air ordnance stayed with the Naval Air Systems Command.  In July 1974, the Naval Ordnance Systems Command and Naval Ship Systems Command merged to form the Naval Sea Systems Command (NAVSEA).  Traditional Naval Ordnance functions are now conducted at the Naval Surface Warfare Centers which fall under the command of Naval Sea Systems Command.|In what year was the Naval Ordnance Systems Command disestablished?|st-minilm-l12-v2|fp32|dot|10|True|7|False|-1
812|Q2906424|BuOrd was disestablished by Congress by an act of August 18, 1959 (73 Stat. 395), and its functions were transferred to the newly established Bureau of Naval Weapons.  BuAir merged with BuOrd to form BuWeps.  BuWeps, in turn, was disestablished in 1966 when the Navy overhauled its materiel organization, and was replaced with the Naval Ordnance Systems Command (NAVORD) and the Naval Air Systems Command (NAVAIR). Other systems commands at the time included the Naval Ship Systems Command (NAVSHIPS) and the Naval Electronics Systems Command (NAVELEX).  Ship and submarine ordnance functions fell under the new Naval Ordnance Systems Command while air ordnance stayed with the Naval Air Systems Command.  In July 1974, the Naval Ordnance Systems Command and Naval Ship Systems Command merged to form the Naval Sea Systems Command (NAVSEA).  Traditional Naval Ordnance functions are now conducted at the Naval Surface Warfare Centers which fall under the command of Naval Sea Systems Command.|In what year was the Naval Ordnance Systems Command disestablished?|st-minilm-l12-v2|fp32|dot|20|True|7|False|-1
813|Q2906424|BuOrd was disestablished by Congress by an act of August 18, 1959 (73 Stat. 395), and its functions were transferred to the newly established Bureau of Naval Weapons.  BuAir merged with BuOrd to form BuWeps.  BuWeps, in turn, was disestablished in 1966 when the Navy overhauled its materiel organization, and was replaced with the Naval Ordnance Systems Command (NAVORD) and the Naval Air Systems Command (NAVAIR). Other systems commands at the time included the Naval Ship Systems Command (NAVSHIPS) and the Naval Electronics Systems Command (NAVELEX).  Ship and submarine ordnance functions fell under the new Naval Ordnance Systems Command while air ordnance stayed with the Naval Air Systems Command.  In July 1974, the Naval Ordnance Systems Command and Naval Ship Systems Command merged to form the Naval Sea Systems Command (NAVSEA).  Traditional Naval Ordnance functions are now conducted at the Naval Surface Warfare Centers which fall under the command of Naval Sea Systems Command.|In what year was the Naval Ordnance Systems Command disestablished?|st-minilm-l12-v2|fp32|dot|25|True|7|False|-1
814|Q2906424|BuOrd was disestablished by Congress by an act of August 18, 1959 (73 Stat. 395), and its functions were transferred to the newly established Bureau of Naval Weapons.  BuAir merged with BuOrd to form BuWeps.  BuWeps, in turn, was disestablished in 1966 when the Navy overhauled its materiel organization, and was replaced with the Naval Ordnance Systems Command (NAVORD) and the Naval Air Systems Command (NAVAIR). Other systems commands at the time included the Naval Ship Systems Command (NAVSHIPS) and the Naval Electronics Systems Command (NAVELEX).  Ship and submarine ordnance functions fell under the new Naval Ordnance Systems Command while air ordnance stayed with the Naval Air Systems Command.  In July 1974, the Naval Ordnance Systems Command and Naval Ship Systems Command merged to form the Naval Sea Systems Command (NAVSEA).  Traditional Naval Ordnance functions are now conducted at the Naval Surface Warfare Centers which fall under the command of Naval Sea Systems Command.|In what year was the Naval Ordnance Systems Command disestablished?|st-minilm-l12-v2|fp32|dot|50|True|7|False|-1
815|Q2906424|BuOrd was disestablished by Congress by an act of August 18, 1959 (73 Stat. 395), and its functions were transferred to the newly established Bureau of Naval Weapons.  BuAir merged with BuOrd to form BuWeps.  BuWeps, in turn, was disestablished in 1966 when the Navy overhauled its materiel organization, and was replaced with the Naval Ordnance Systems Command (NAVORD) and the Naval Air Systems Command (NAVAIR). Other systems commands at the time included the Naval Ship Systems Command (NAVSHIPS) and the Naval Electronics Systems Command (NAVELEX).  Ship and submarine ordnance functions fell under the new Naval Ordnance Systems Command while air ordnance stayed with the Naval Air Systems Command.  In July 1974, the Naval Ordnance Systems Command and Naval Ship Systems Command merged to form the Naval Sea Systems Command (NAVSEA).  Traditional Naval Ordnance functions are now conducted at the Naval Surface Warfare Centers which fall under the command of Naval Sea Systems Command.|In what year was the Naval Ordnance Systems Command disestablished?|st-minilm-l12-v2|binary|hamming|5|False|-1|False|-1
816|Q2906424|BuOrd was disestablished by Congress by an act of August 18, 1959 (73 Stat. 395), and its functions were transferred to the newly established Bureau of Naval Weapons.  BuAir merged with BuOrd to form BuWeps.  BuWeps, in turn, was disestablished in 1966 when the Navy overhauled its materiel organization, and was replaced with the Naval Ordnance Systems Command (NAVORD) and the Naval Air Systems Command (NAVAIR). Other systems commands at the time included the Naval Ship Systems Command (NAVSHIPS) and the Naval Electronics Systems Command (NAVELEX).  Ship and submarine ordnance functions fell under the new Naval Ordnance Systems Command while air ordnance stayed with the Naval Air Systems Command.  In July 1974, the Naval Ordnance Systems Command and Naval Ship Systems Command merged to form the Naval Sea Systems Command (NAVSEA).  Traditional Naval Ordnance functions are now conducted at the Naval Surface Warfare Centers which fall under the command of Naval Sea Systems Command.|In what year was the Naval Ordnance Systems Command disestablished?|st-minilm-l12-v2|binary|hamming|10|True|7|False|-1
817|Q2906424|BuOrd was disestablished by Congress by an act of August 18, 1959 (73 Stat. 395), and its functions were transferred to the newly established Bureau of Naval Weapons.  BuAir merged with BuOrd to form BuWeps.  BuWeps, in turn, was disestablished in 1966 when the Navy overhauled its materiel organization, and was replaced with the Naval Ordnance Systems Command (NAVORD) and the Naval Air Systems Command (NAVAIR). Other systems commands at the time included the Naval Ship Systems Command (NAVSHIPS) and the Naval Electronics Systems Command (NAVELEX).  Ship and submarine ordnance functions fell under the new Naval Ordnance Systems Command while air ordnance stayed with the Naval Air Systems Command.  In July 1974, the Naval Ordnance Systems Command and Naval Ship Systems Command merged to form the Naval Sea Systems Command (NAVSEA).  Traditional Naval Ordnance functions are now conducted at the Naval Surface Warfare Centers which fall under the command of Naval Sea Systems Command.|In what year was the Naval Ordnance Systems Command disestablished?|st-minilm-l12-v2|binary|hamming|20|True|7|False|-1
818|Q2906424|BuOrd was disestablished by Congress by an act of August 18, 1959 (73 Stat. 395), and its functions were transferred to the newly established Bureau of Naval Weapons.  BuAir merged with BuOrd to form BuWeps.  BuWeps, in turn, was disestablished in 1966 when the Navy overhauled its materiel organization, and was replaced with the Naval Ordnance Systems Command (NAVORD) and the Naval Air Systems Command (NAVAIR). Other systems commands at the time included the Naval Ship Systems Command (NAVSHIPS) and the Naval Electronics Systems Command (NAVELEX).  Ship and submarine ordnance functions fell under the new Naval Ordnance Systems Command while air ordnance stayed with the Naval Air Systems Command.  In July 1974, the Naval Ordnance Systems Command and Naval Ship Systems Command merged to form the Naval Sea Systems Command (NAVSEA).  Traditional Naval Ordnance functions are now conducted at the Naval Surface Warfare Centers which fall under the command of Naval Sea Systems Command.|In what year was the Naval Ordnance Systems Command disestablished?|st-minilm-l12-v2|binary|hamming|25|True|7|False|-1
819|Q2906424|BuOrd was disestablished by Congress by an act of August 18, 1959 (73 Stat. 395), and its functions were transferred to the newly established Bureau of Naval Weapons.  BuAir merged with BuOrd to form BuWeps.  BuWeps, in turn, was disestablished in 1966 when the Navy overhauled its materiel organization, and was replaced with the Naval Ordnance Systems Command (NAVORD) and the Naval Air Systems Command (NAVAIR). Other systems commands at the time included the Naval Ship Systems Command (NAVSHIPS) and the Naval Electronics Systems Command (NAVELEX).  Ship and submarine ordnance functions fell under the new Naval Ordnance Systems Command while air ordnance stayed with the Naval Air Systems Command.  In July 1974, the Naval Ordnance Systems Command and Naval Ship Systems Command merged to form the Naval Sea Systems Command (NAVSEA).  Traditional Naval Ordnance functions are now conducted at the Naval Surface Warfare Centers which fall under the command of Naval Sea Systems Command.|In what year was the Naval Ordnance Systems Command disestablished?|st-minilm-l12-v2|binary|hamming|50|True|7|True|44
820|Q2906424|BuOrd was disestablished by Congress by an act of August 18, 1959 (73 Stat. 395), and its functions were transferred to the newly established Bureau of Naval Weapons.  BuAir merged with BuOrd to form BuWeps.  BuWeps, in turn, was disestablished in 1966 when the Navy overhauled its materiel organization, and was replaced with the Naval Ordnance Systems Command (NAVORD) and the Naval Air Systems Command (NAVAIR). Other systems commands at the time included the Naval Ship Systems Command (NAVSHIPS) and the Naval Electronics Systems Command (NAVELEX).  Ship and submarine ordnance functions fell under the new Naval Ordnance Systems Command while air ordnance stayed with the Naval Air Systems Command.  In July 1974, the Naval Ordnance Systems Command and Naval Ship Systems Command merged to form the Naval Sea Systems Command (NAVSEA).  Traditional Naval Ordnance functions are now conducted at the Naval Surface Warfare Centers which fall under the command of Naval Sea Systems Command.|In what year was the Naval Ordnance Systems Command disestablished?|st-minilm-l6-v1|fp32|l2|5|False|-1|False|-1
821|Q2906424|BuOrd was disestablished by Congress by an act of August 18, 1959 (73 Stat. 395), and its functions were transferred to the newly established Bureau of Naval Weapons.  BuAir merged with BuOrd to form BuWeps.  BuWeps, in turn, was disestablished in 1966 when the Navy overhauled its materiel organization, and was replaced with the Naval Ordnance Systems Command (NAVORD) and the Naval Air Systems Command (NAVAIR). Other systems commands at the time included the Naval Ship Systems Command (NAVSHIPS) and the Naval Electronics Systems Command (NAVELEX).  Ship and submarine ordnance functions fell under the new Naval Ordnance Systems Command while air ordnance stayed with the Naval Air Systems Command.  In July 1974, the Naval Ordnance Systems Command and Naval Ship Systems Command merged to form the Naval Sea Systems Command (NAVSEA).  Traditional Naval Ordnance functions are now conducted at the Naval Surface Warfare Centers which fall under the command of Naval Sea Systems Command.|In what year was the Naval Ordnance Systems Command disestablished?|st-minilm-l6-v1|fp32|l2|10|False|-1|False|-1
822|Q2906424|BuOrd was disestablished by Congress by an act of August 18, 1959 (73 Stat. 395), and its functions were transferred to the newly established Bureau of Naval Weapons.  BuAir merged with BuOrd to form BuWeps.  BuWeps, in turn, was disestablished in 1966 when the Navy overhauled its materiel organization, and was replaced with the Naval Ordnance Systems Command (NAVORD) and the Naval Air Systems Command (NAVAIR). Other systems commands at the time included the Naval Ship Systems Command (NAVSHIPS) and the Naval Electronics Systems Command (NAVELEX).  Ship and submarine ordnance functions fell under the new Naval Ordnance Systems Command while air ordnance stayed with the Naval Air Systems Command.  In July 1974, the Naval Ordnance Systems Command and Naval Ship Systems Command merged to form the Naval Sea Systems Command (NAVSEA).  Traditional Naval Ordnance functions are now conducted at the Naval Surface Warfare Centers which fall under the command of Naval Sea Systems Command.|In what year was the Naval Ordnance Systems Command disestablished?|st-minilm-l6-v1|fp32|l2|20|False|-1|False|-1
823|Q2906424|BuOrd was disestablished by Congress by an act of August 18, 1959 (73 Stat. 395), and its functions were transferred to the newly established Bureau of Naval Weapons.  BuAir merged with BuOrd to form BuWeps.  BuWeps, in turn, was disestablished in 1966 when the Navy overhauled its materiel organization, and was replaced with the Naval Ordnance Systems Command (NAVORD) and the Naval Air Systems Command (NAVAIR). Other systems commands at the time included the Naval Ship Systems Command (NAVSHIPS) and the Naval Electronics Systems Command (NAVELEX).  Ship and submarine ordnance functions fell under the new Naval Ordnance Systems Command while air ordnance stayed with the Naval Air Systems Command.  In July 1974, the Naval Ordnance Systems Command and Naval Ship Systems Command merged to form the Naval Sea Systems Command (NAVSEA).  Traditional Naval Ordnance functions are now conducted at the Naval Surface Warfare Centers which fall under the command of Naval Sea Systems Command.|In what year was the Naval Ordnance Systems Command disestablished?|st-minilm-l6-v1|fp32|l2|25|False|-1|False|-1
824|Q2906424|BuOrd was disestablished by Congress by an act of August 18, 1959 (73 Stat. 395), and its functions were transferred to the newly established Bureau of Naval Weapons.  BuAir merged with BuOrd to form BuWeps.  BuWeps, in turn, was disestablished in 1966 when the Navy overhauled its materiel organization, and was replaced with the Naval Ordnance Systems Command (NAVORD) and the Naval Air Systems Command (NAVAIR). Other systems commands at the time included the Naval Ship Systems Command (NAVSHIPS) and the Naval Electronics Systems Command (NAVELEX).  Ship and submarine ordnance functions fell under the new Naval Ordnance Systems Command while air ordnance stayed with the Naval Air Systems Command.  In July 1974, the Naval Ordnance Systems Command and Naval Ship Systems Command merged to form the Naval Sea Systems Command (NAVSEA).  Traditional Naval Ordnance functions are now conducted at the Naval Surface Warfare Centers which fall under the command of Naval Sea Systems Command.|In what year was the Naval Ordnance Systems Command disestablished?|st-minilm-l6-v1|fp32|l2|50|False|-1|False|-1
825|Q2906424|BuOrd was disestablished by Congress by an act of August 18, 1959 (73 Stat. 395), and its functions were transferred to the newly established Bureau of Naval Weapons.  BuAir merged with BuOrd to form BuWeps.  BuWeps, in turn, was disestablished in 1966 when the Navy overhauled its materiel organization, and was replaced with the Naval Ordnance Systems Command (NAVORD) and the Naval Air Systems Command (NAVAIR). Other systems commands at the time included the Naval Ship Systems Command (NAVSHIPS) and the Naval Electronics Systems Command (NAVELEX).  Ship and submarine ordnance functions fell under the new Naval Ordnance Systems Command while air ordnance stayed with the Naval Air Systems Command.  In July 1974, the Naval Ordnance Systems Command and Naval Ship Systems Command merged to form the Naval Sea Systems Command (NAVSEA).  Traditional Naval Ordnance functions are now conducted at the Naval Surface Warfare Centers which fall under the command of Naval Sea Systems Command.|In what year was the Naval Ordnance Systems Command disestablished?|st-minilm-l6-v1|fp32|cosine|5|True|4|False|-1
826|Q2906424|BuOrd was disestablished by Congress by an act of August 18, 1959 (73 Stat. 395), and its functions were transferred to the newly established Bureau of Naval Weapons.  BuAir merged with BuOrd to form BuWeps.  BuWeps, in turn, was disestablished in 1966 when the Navy overhauled its materiel organization, and was replaced with the Naval Ordnance Systems Command (NAVORD) and the Naval Air Systems Command (NAVAIR). Other systems commands at the time included the Naval Ship Systems Command (NAVSHIPS) and the Naval Electronics Systems Command (NAVELEX).  Ship and submarine ordnance functions fell under the new Naval Ordnance Systems Command while air ordnance stayed with the Naval Air Systems Command.  In July 1974, the Naval Ordnance Systems Command and Naval Ship Systems Command merged to form the Naval Sea Systems Command (NAVSEA).  Traditional Naval Ordnance functions are now conducted at the Naval Surface Warfare Centers which fall under the command of Naval Sea Systems Command.|In what year was the Naval Ordnance Systems Command disestablished?|st-minilm-l6-v1|fp32|cosine|10|True|4|False|-1
827|Q2906424|BuOrd was disestablished by Congress by an act of August 18, 1959 (73 Stat. 395), and its functions were transferred to the newly established Bureau of Naval Weapons.  BuAir merged with BuOrd to form BuWeps.  BuWeps, in turn, was disestablished in 1966 when the Navy overhauled its materiel organization, and was replaced with the Naval Ordnance Systems Command (NAVORD) and the Naval Air Systems Command (NAVAIR). Other systems commands at the time included the Naval Ship Systems Command (NAVSHIPS) and the Naval Electronics Systems Command (NAVELEX).  Ship and submarine ordnance functions fell under the new Naval Ordnance Systems Command while air ordnance stayed with the Naval Air Systems Command.  In July 1974, the Naval Ordnance Systems Command and Naval Ship Systems Command merged to form the Naval Sea Systems Command (NAVSEA).  Traditional Naval Ordnance functions are now conducted at the Naval Surface Warfare Centers which fall under the command of Naval Sea Systems Command.|In what year was the Naval Ordnance Systems Command disestablished?|st-minilm-l6-v1|fp32|cosine|20|True|4|False|-1
828|Q2906424|BuOrd was disestablished by Congress by an act of August 18, 1959 (73 Stat. 395), and its functions were transferred to the newly established Bureau of Naval Weapons.  BuAir merged with BuOrd to form BuWeps.  BuWeps, in turn, was disestablished in 1966 when the Navy overhauled its materiel organization, and was replaced with the Naval Ordnance Systems Command (NAVORD) and the Naval Air Systems Command (NAVAIR). Other systems commands at the time included the Naval Ship Systems Command (NAVSHIPS) and the Naval Electronics Systems Command (NAVELEX).  Ship and submarine ordnance functions fell under the new Naval Ordnance Systems Command while air ordnance stayed with the Naval Air Systems Command.  In July 1974, the Naval Ordnance Systems Command and Naval Ship Systems Command merged to form the Naval Sea Systems Command (NAVSEA).  Traditional Naval Ordnance functions are now conducted at the Naval Surface Warfare Centers which fall under the command of Naval Sea Systems Command.|In what year was the Naval Ordnance Systems Command disestablished?|st-minilm-l6-v1|fp32|cosine|25|True|4|False|-1
829|Q2906424|BuOrd was disestablished by Congress by an act of August 18, 1959 (73 Stat. 395), and its functions were transferred to the newly established Bureau of Naval Weapons.  BuAir merged with BuOrd to form BuWeps.  BuWeps, in turn, was disestablished in 1966 when the Navy overhauled its materiel organization, and was replaced with the Naval Ordnance Systems Command (NAVORD) and the Naval Air Systems Command (NAVAIR). Other systems commands at the time included the Naval Ship Systems Command (NAVSHIPS) and the Naval Electronics Systems Command (NAVELEX).  Ship and submarine ordnance functions fell under the new Naval Ordnance Systems Command while air ordnance stayed with the Naval Air Systems Command.  In July 1974, the Naval Ordnance Systems Command and Naval Ship Systems Command merged to form the Naval Sea Systems Command (NAVSEA).  Traditional Naval Ordnance functions are now conducted at the Naval Surface Warfare Centers which fall under the command of Naval Sea Systems Command.|In what year was the Naval Ordnance Systems Command disestablished?|st-minilm-l6-v1|fp32|cosine|50|True|4|False|-1
830|Q2906424|BuOrd was disestablished by Congress by an act of August 18, 1959 (73 Stat. 395), and its functions were transferred to the newly established Bureau of Naval Weapons.  BuAir merged with BuOrd to form BuWeps.  BuWeps, in turn, was disestablished in 1966 when the Navy overhauled its materiel organization, and was replaced with the Naval Ordnance Systems Command (NAVORD) and the Naval Air Systems Command (NAVAIR). Other systems commands at the time included the Naval Ship Systems Command (NAVSHIPS) and the Naval Electronics Systems Command (NAVELEX).  Ship and submarine ordnance functions fell under the new Naval Ordnance Systems Command while air ordnance stayed with the Naval Air Systems Command.  In July 1974, the Naval Ordnance Systems Command and Naval Ship Systems Command merged to form the Naval Sea Systems Command (NAVSEA).  Traditional Naval Ordnance functions are now conducted at the Naval Surface Warfare Centers which fall under the command of Naval Sea Systems Command.|In what year was the Naval Ordnance Systems Command disestablished?|st-minilm-l6-v1|fp32|dot|5|True|0|False|-1
831|Q2906424|BuOrd was disestablished by Congress by an act of August 18, 1959 (73 Stat. 395), and its functions were transferred to the newly established Bureau of Naval Weapons.  BuAir merged with BuOrd to form BuWeps.  BuWeps, in turn, was disestablished in 1966 when the Navy overhauled its materiel organization, and was replaced with the Naval Ordnance Systems Command (NAVORD) and the Naval Air Systems Command (NAVAIR). Other systems commands at the time included the Naval Ship Systems Command (NAVSHIPS) and the Naval Electronics Systems Command (NAVELEX).  Ship and submarine ordnance functions fell under the new Naval Ordnance Systems Command while air ordnance stayed with the Naval Air Systems Command.  In July 1974, the Naval Ordnance Systems Command and Naval Ship Systems Command merged to form the Naval Sea Systems Command (NAVSEA).  Traditional Naval Ordnance functions are now conducted at the Naval Surface Warfare Centers which fall under the command of Naval Sea Systems Command.|In what year was the Naval Ordnance Systems Command disestablished?|st-minilm-l6-v1|fp32|dot|10|True|0|False|-1
832|Q2906424|BuOrd was disestablished by Congress by an act of August 18, 1959 (73 Stat. 395), and its functions were transferred to the newly established Bureau of Naval Weapons.  BuAir merged with BuOrd to form BuWeps.  BuWeps, in turn, was disestablished in 1966 when the Navy overhauled its materiel organization, and was replaced with the Naval Ordnance Systems Command (NAVORD) and the Naval Air Systems Command (NAVAIR). Other systems commands at the time included the Naval Ship Systems Command (NAVSHIPS) and the Naval Electronics Systems Command (NAVELEX).  Ship and submarine ordnance functions fell under the new Naval Ordnance Systems Command while air ordnance stayed with the Naval Air Systems Command.  In July 1974, the Naval Ordnance Systems Command and Naval Ship Systems Command merged to form the Naval Sea Systems Command (NAVSEA).  Traditional Naval Ordnance functions are now conducted at the Naval Surface Warfare Centers which fall under the command of Naval Sea Systems Command.|In what year was the Naval Ordnance Systems Command disestablished?|st-minilm-l6-v1|fp32|dot|20|True|0|False|-1
833|Q2906424|BuOrd was disestablished by Congress by an act of August 18, 1959 (73 Stat. 395), and its functions were transferred to the newly established Bureau of Naval Weapons.  BuAir merged with BuOrd to form BuWeps.  BuWeps, in turn, was disestablished in 1966 when the Navy overhauled its materiel organization, and was replaced with the Naval Ordnance Systems Command (NAVORD) and the Naval Air Systems Command (NAVAIR). Other systems commands at the time included the Naval Ship Systems Command (NAVSHIPS) and the Naval Electronics Systems Command (NAVELEX).  Ship and submarine ordnance functions fell under the new Naval Ordnance Systems Command while air ordnance stayed with the Naval Air Systems Command.  In July 1974, the Naval Ordnance Systems Command and Naval Ship Systems Command merged to form the Naval Sea Systems Command (NAVSEA).  Traditional Naval Ordnance functions are now conducted at the Naval Surface Warfare Centers which fall under the command of Naval Sea Systems Command.|In what year was the Naval Ordnance Systems Command disestablished?|st-minilm-l6-v1|fp32|dot|25|True|0|False|-1
834|Q2906424|BuOrd was disestablished by Congress by an act of August 18, 1959 (73 Stat. 395), and its functions were transferred to the newly established Bureau of Naval Weapons.  BuAir merged with BuOrd to form BuWeps.  BuWeps, in turn, was disestablished in 1966 when the Navy overhauled its materiel organization, and was replaced with the Naval Ordnance Systems Command (NAVORD) and the Naval Air Systems Command (NAVAIR). Other systems commands at the time included the Naval Ship Systems Command (NAVSHIPS) and the Naval Electronics Systems Command (NAVELEX).  Ship and submarine ordnance functions fell under the new Naval Ordnance Systems Command while air ordnance stayed with the Naval Air Systems Command.  In July 1974, the Naval Ordnance Systems Command and Naval Ship Systems Command merged to form the Naval Sea Systems Command (NAVSEA).  Traditional Naval Ordnance functions are now conducted at the Naval Surface Warfare Centers which fall under the command of Naval Sea Systems Command.|In what year was the Naval Ordnance Systems Command disestablished?|st-minilm-l6-v1|fp32|dot|50|True|0|False|-1
835|Q2906424|BuOrd was disestablished by Congress by an act of August 18, 1959 (73 Stat. 395), and its functions were transferred to the newly established Bureau of Naval Weapons.  BuAir merged with BuOrd to form BuWeps.  BuWeps, in turn, was disestablished in 1966 when the Navy overhauled its materiel organization, and was replaced with the Naval Ordnance Systems Command (NAVORD) and the Naval Air Systems Command (NAVAIR). Other systems commands at the time included the Naval Ship Systems Command (NAVSHIPS) and the Naval Electronics Systems Command (NAVELEX).  Ship and submarine ordnance functions fell under the new Naval Ordnance Systems Command while air ordnance stayed with the Naval Air Systems Command.  In July 1974, the Naval Ordnance Systems Command and Naval Ship Systems Command merged to form the Naval Sea Systems Command (NAVSEA).  Traditional Naval Ordnance functions are now conducted at the Naval Surface Warfare Centers which fall under the command of Naval Sea Systems Command.|In what year was the Naval Ordnance Systems Command disestablished?|st-minilm-l6-v1|binary|hamming|5|False|-1|False|-1
836|Q2906424|BuOrd was disestablished by Congress by an act of August 18, 1959 (73 Stat. 395), and its functions were transferred to the newly established Bureau of Naval Weapons.  BuAir merged with BuOrd to form BuWeps.  BuWeps, in turn, was disestablished in 1966 when the Navy overhauled its materiel organization, and was replaced with the Naval Ordnance Systems Command (NAVORD) and the Naval Air Systems Command (NAVAIR). Other systems commands at the time included the Naval Ship Systems Command (NAVSHIPS) and the Naval Electronics Systems Command (NAVELEX).  Ship and submarine ordnance functions fell under the new Naval Ordnance Systems Command while air ordnance stayed with the Naval Air Systems Command.  In July 1974, the Naval Ordnance Systems Command and Naval Ship Systems Command merged to form the Naval Sea Systems Command (NAVSEA).  Traditional Naval Ordnance functions are now conducted at the Naval Surface Warfare Centers which fall under the command of Naval Sea Systems Command.|In what year was the Naval Ordnance Systems Command disestablished?|st-minilm-l6-v1|binary|hamming|10|False|-1|False|-1
837|Q2906424|BuOrd was disestablished by Congress by an act of August 18, 1959 (73 Stat. 395), and its functions were transferred to the newly established Bureau of Naval Weapons.  BuAir merged with BuOrd to form BuWeps.  BuWeps, in turn, was disestablished in 1966 when the Navy overhauled its materiel organization, and was replaced with the Naval Ordnance Systems Command (NAVORD) and the Naval Air Systems Command (NAVAIR). Other systems commands at the time included the Naval Ship Systems Command (NAVSHIPS) and the Naval Electronics Systems Command (NAVELEX).  Ship and submarine ordnance functions fell under the new Naval Ordnance Systems Command while air ordnance stayed with the Naval Air Systems Command.  In July 1974, the Naval Ordnance Systems Command and Naval Ship Systems Command merged to form the Naval Sea Systems Command (NAVSEA).  Traditional Naval Ordnance functions are now conducted at the Naval Surface Warfare Centers which fall under the command of Naval Sea Systems Command.|In what year was the Naval Ordnance Systems Command disestablished?|st-minilm-l6-v1|binary|hamming|20|False|-1|False|-1
838|Q2906424|BuOrd was disestablished by Congress by an act of August 18, 1959 (73 Stat. 395), and its functions were transferred to the newly established Bureau of Naval Weapons.  BuAir merged with BuOrd to form BuWeps.  BuWeps, in turn, was disestablished in 1966 when the Navy overhauled its materiel organization, and was replaced with the Naval Ordnance Systems Command (NAVORD) and the Naval Air Systems Command (NAVAIR). Other systems commands at the time included the Naval Ship Systems Command (NAVSHIPS) and the Naval Electronics Systems Command (NAVELEX).  Ship and submarine ordnance functions fell under the new Naval Ordnance Systems Command while air ordnance stayed with the Naval Air Systems Command.  In July 1974, the Naval Ordnance Systems Command and Naval Ship Systems Command merged to form the Naval Sea Systems Command (NAVSEA).  Traditional Naval Ordnance functions are now conducted at the Naval Surface Warfare Centers which fall under the command of Naval Sea Systems Command.|In what year was the Naval Ordnance Systems Command disestablished?|st-minilm-l6-v1|binary|hamming|25|True|21|False|-1
839|Q2906424|BuOrd was disestablished by Congress by an act of August 18, 1959 (73 Stat. 395), and its functions were transferred to the newly established Bureau of Naval Weapons.  BuAir merged with BuOrd to form BuWeps.  BuWeps, in turn, was disestablished in 1966 when the Navy overhauled its materiel organization, and was replaced with the Naval Ordnance Systems Command (NAVORD) and the Naval Air Systems Command (NAVAIR). Other systems commands at the time included the Naval Ship Systems Command (NAVSHIPS) and the Naval Electronics Systems Command (NAVELEX).  Ship and submarine ordnance functions fell under the new Naval Ordnance Systems Command while air ordnance stayed with the Naval Air Systems Command.  In July 1974, the Naval Ordnance Systems Command and Naval Ship Systems Command merged to form the Naval Sea Systems Command (NAVSEA).  Traditional Naval Ordnance functions are now conducted at the Naval Surface Warfare Centers which fall under the command of Naval Sea Systems Command.|In what year was the Naval Ordnance Systems Command disestablished?|st-minilm-l6-v1|binary|hamming|50|True|21|False|-1
840|Q2906424|BuOrd was disestablished by Congress by an act of August 18, 1959 (73 Stat. 395), and its functions were transferred to the newly established Bureau of Naval Weapons.  BuAir merged with BuOrd to form BuWeps.  BuWeps, in turn, was disestablished in 1966 when the Navy overhauled its materiel organization, and was replaced with the Naval Ordnance Systems Command (NAVORD) and the Naval Air Systems Command (NAVAIR). Other systems commands at the time included the Naval Ship Systems Command (NAVSHIPS) and the Naval Electronics Systems Command (NAVELEX).  Ship and submarine ordnance functions fell under the new Naval Ordnance Systems Command while air ordnance stayed with the Naval Air Systems Command.  In July 1974, the Naval Ordnance Systems Command and Naval Ship Systems Command merged to form the Naval Sea Systems Command (NAVSEA).  Traditional Naval Ordnance functions are now conducted at the Naval Surface Warfare Centers which fall under the command of Naval Sea Systems Command.|In what year was the Naval Ordnance Systems Command disestablished?|st-minilm-l6-v2|fp32|l2|5|True|0|False|-1
841|Q2906424|BuOrd was disestablished by Congress by an act of August 18, 1959 (73 Stat. 395), and its functions were transferred to the newly established Bureau of Naval Weapons.  BuAir merged with BuOrd to form BuWeps.  BuWeps, in turn, was disestablished in 1966 when the Navy overhauled its materiel organization, and was replaced with the Naval Ordnance Systems Command (NAVORD) and the Naval Air Systems Command (NAVAIR). Other systems commands at the time included the Naval Ship Systems Command (NAVSHIPS) and the Naval Electronics Systems Command (NAVELEX).  Ship and submarine ordnance functions fell under the new Naval Ordnance Systems Command while air ordnance stayed with the Naval Air Systems Command.  In July 1974, the Naval Ordnance Systems Command and Naval Ship Systems Command merged to form the Naval Sea Systems Command (NAVSEA).  Traditional Naval Ordnance functions are now conducted at the Naval Surface Warfare Centers which fall under the command of Naval Sea Systems Command.|In what year was the Naval Ordnance Systems Command disestablished?|st-minilm-l6-v2|fp32|l2|10|True|0|False|-1
842|Q2906424|BuOrd was disestablished by Congress by an act of August 18, 1959 (73 Stat. 395), and its functions were transferred to the newly established Bureau of Naval Weapons.  BuAir merged with BuOrd to form BuWeps.  BuWeps, in turn, was disestablished in 1966 when the Navy overhauled its materiel organization, and was replaced with the Naval Ordnance Systems Command (NAVORD) and the Naval Air Systems Command (NAVAIR). Other systems commands at the time included the Naval Ship Systems Command (NAVSHIPS) and the Naval Electronics Systems Command (NAVELEX).  Ship and submarine ordnance functions fell under the new Naval Ordnance Systems Command while air ordnance stayed with the Naval Air Systems Command.  In July 1974, the Naval Ordnance Systems Command and Naval Ship Systems Command merged to form the Naval Sea Systems Command (NAVSEA).  Traditional Naval Ordnance functions are now conducted at the Naval Surface Warfare Centers which fall under the command of Naval Sea Systems Command.|In what year was the Naval Ordnance Systems Command disestablished?|st-minilm-l6-v2|fp32|l2|20|True|0|False|-1
843|Q2906424|BuOrd was disestablished by Congress by an act of August 18, 1959 (73 Stat. 395), and its functions were transferred to the newly established Bureau of Naval Weapons.  BuAir merged with BuOrd to form BuWeps.  BuWeps, in turn, was disestablished in 1966 when the Navy overhauled its materiel organization, and was replaced with the Naval Ordnance Systems Command (NAVORD) and the Naval Air Systems Command (NAVAIR). Other systems commands at the time included the Naval Ship Systems Command (NAVSHIPS) and the Naval Electronics Systems Command (NAVELEX).  Ship and submarine ordnance functions fell under the new Naval Ordnance Systems Command while air ordnance stayed with the Naval Air Systems Command.  In July 1974, the Naval Ordnance Systems Command and Naval Ship Systems Command merged to form the Naval Sea Systems Command (NAVSEA).  Traditional Naval Ordnance functions are now conducted at the Naval Surface Warfare Centers which fall under the command of Naval Sea Systems Command.|In what year was the Naval Ordnance Systems Command disestablished?|st-minilm-l6-v2|fp32|l2|25|True|0|False|-1
844|Q2906424|BuOrd was disestablished by Congress by an act of August 18, 1959 (73 Stat. 395), and its functions were transferred to the newly established Bureau of Naval Weapons.  BuAir merged with BuOrd to form BuWeps.  BuWeps, in turn, was disestablished in 1966 when the Navy overhauled its materiel organization, and was replaced with the Naval Ordnance Systems Command (NAVORD) and the Naval Air Systems Command (NAVAIR). Other systems commands at the time included the Naval Ship Systems Command (NAVSHIPS) and the Naval Electronics Systems Command (NAVELEX).  Ship and submarine ordnance functions fell under the new Naval Ordnance Systems Command while air ordnance stayed with the Naval Air Systems Command.  In July 1974, the Naval Ordnance Systems Command and Naval Ship Systems Command merged to form the Naval Sea Systems Command (NAVSEA).  Traditional Naval Ordnance functions are now conducted at the Naval Surface Warfare Centers which fall under the command of Naval Sea Systems Command.|In what year was the Naval Ordnance Systems Command disestablished?|st-minilm-l6-v2|fp32|l2|50|True|0|False|-1
845|Q2906424|BuOrd was disestablished by Congress by an act of August 18, 1959 (73 Stat. 395), and its functions were transferred to the newly established Bureau of Naval Weapons.  BuAir merged with BuOrd to form BuWeps.  BuWeps, in turn, was disestablished in 1966 when the Navy overhauled its materiel organization, and was replaced with the Naval Ordnance Systems Command (NAVORD) and the Naval Air Systems Command (NAVAIR). Other systems commands at the time included the Naval Ship Systems Command (NAVSHIPS) and the Naval Electronics Systems Command (NAVELEX).  Ship and submarine ordnance functions fell under the new Naval Ordnance Systems Command while air ordnance stayed with the Naval Air Systems Command.  In July 1974, the Naval Ordnance Systems Command and Naval Ship Systems Command merged to form the Naval Sea Systems Command (NAVSEA).  Traditional Naval Ordnance functions are now conducted at the Naval Surface Warfare Centers which fall under the command of Naval Sea Systems Command.|In what year was the Naval Ordnance Systems Command disestablished?|st-minilm-l6-v2|fp32|cosine|5|True|1|False|-1
846|Q2906424|BuOrd was disestablished by Congress by an act of August 18, 1959 (73 Stat. 395), and its functions were transferred to the newly established Bureau of Naval Weapons.  BuAir merged with BuOrd to form BuWeps.  BuWeps, in turn, was disestablished in 1966 when the Navy overhauled its materiel organization, and was replaced with the Naval Ordnance Systems Command (NAVORD) and the Naval Air Systems Command (NAVAIR). Other systems commands at the time included the Naval Ship Systems Command (NAVSHIPS) and the Naval Electronics Systems Command (NAVELEX).  Ship and submarine ordnance functions fell under the new Naval Ordnance Systems Command while air ordnance stayed with the Naval Air Systems Command.  In July 1974, the Naval Ordnance Systems Command and Naval Ship Systems Command merged to form the Naval Sea Systems Command (NAVSEA).  Traditional Naval Ordnance functions are now conducted at the Naval Surface Warfare Centers which fall under the command of Naval Sea Systems Command.|In what year was the Naval Ordnance Systems Command disestablished?|st-minilm-l6-v2|fp32|cosine|10|True|1|False|-1
847|Q2906424|BuOrd was disestablished by Congress by an act of August 18, 1959 (73 Stat. 395), and its functions were transferred to the newly established Bureau of Naval Weapons.  BuAir merged with BuOrd to form BuWeps.  BuWeps, in turn, was disestablished in 1966 when the Navy overhauled its materiel organization, and was replaced with the Naval Ordnance Systems Command (NAVORD) and the Naval Air Systems Command (NAVAIR). Other systems commands at the time included the Naval Ship Systems Command (NAVSHIPS) and the Naval Electronics Systems Command (NAVELEX).  Ship and submarine ordnance functions fell under the new Naval Ordnance Systems Command while air ordnance stayed with the Naval Air Systems Command.  In July 1974, the Naval Ordnance Systems Command and Naval Ship Systems Command merged to form the Naval Sea Systems Command (NAVSEA).  Traditional Naval Ordnance functions are now conducted at the Naval Surface Warfare Centers which fall under the command of Naval Sea Systems Command.|In what year was the Naval Ordnance Systems Command disestablished?|st-minilm-l6-v2|fp32|cosine|20|True|1|False|-1
848|Q2906424|BuOrd was disestablished by Congress by an act of August 18, 1959 (73 Stat. 395), and its functions were transferred to the newly established Bureau of Naval Weapons.  BuAir merged with BuOrd to form BuWeps.  BuWeps, in turn, was disestablished in 1966 when the Navy overhauled its materiel organization, and was replaced with the Naval Ordnance Systems Command (NAVORD) and the Naval Air Systems Command (NAVAIR). Other systems commands at the time included the Naval Ship Systems Command (NAVSHIPS) and the Naval Electronics Systems Command (NAVELEX).  Ship and submarine ordnance functions fell under the new Naval Ordnance Systems Command while air ordnance stayed with the Naval Air Systems Command.  In July 1974, the Naval Ordnance Systems Command and Naval Ship Systems Command merged to form the Naval Sea Systems Command (NAVSEA).  Traditional Naval Ordnance functions are now conducted at the Naval Surface Warfare Centers which fall under the command of Naval Sea Systems Command.|In what year was the Naval Ordnance Systems Command disestablished?|st-minilm-l6-v2|fp32|cosine|25|True|1|False|-1
849|Q2906424|BuOrd was disestablished by Congress by an act of August 18, 1959 (73 Stat. 395), and its functions were transferred to the newly established Bureau of Naval Weapons.  BuAir merged with BuOrd to form BuWeps.  BuWeps, in turn, was disestablished in 1966 when the Navy overhauled its materiel organization, and was replaced with the Naval Ordnance Systems Command (NAVORD) and the Naval Air Systems Command (NAVAIR). Other systems commands at the time included the Naval Ship Systems Command (NAVSHIPS) and the Naval Electronics Systems Command (NAVELEX).  Ship and submarine ordnance functions fell under the new Naval Ordnance Systems Command while air ordnance stayed with the Naval Air Systems Command.  In July 1974, the Naval Ordnance Systems Command and Naval Ship Systems Command merged to form the Naval Sea Systems Command (NAVSEA).  Traditional Naval Ordnance functions are now conducted at the Naval Surface Warfare Centers which fall under the command of Naval Sea Systems Command.|In what year was the Naval Ordnance Systems Command disestablished?|st-minilm-l6-v2|fp32|cosine|50|True|1|False|-1
850|Q2906424|BuOrd was disestablished by Congress by an act of August 18, 1959 (73 Stat. 395), and its functions were transferred to the newly established Bureau of Naval Weapons.  BuAir merged with BuOrd to form BuWeps.  BuWeps, in turn, was disestablished in 1966 when the Navy overhauled its materiel organization, and was replaced with the Naval Ordnance Systems Command (NAVORD) and the Naval Air Systems Command (NAVAIR). Other systems commands at the time included the Naval Ship Systems Command (NAVSHIPS) and the Naval Electronics Systems Command (NAVELEX).  Ship and submarine ordnance functions fell under the new Naval Ordnance Systems Command while air ordnance stayed with the Naval Air Systems Command.  In July 1974, the Naval Ordnance Systems Command and Naval Ship Systems Command merged to form the Naval Sea Systems Command (NAVSEA).  Traditional Naval Ordnance functions are now conducted at the Naval Surface Warfare Centers which fall under the command of Naval Sea Systems Command.|In what year was the Naval Ordnance Systems Command disestablished?|st-minilm-l6-v2|fp32|dot|5|True|4|False|-1
851|Q2906424|BuOrd was disestablished by Congress by an act of August 18, 1959 (73 Stat. 395), and its functions were transferred to the newly established Bureau of Naval Weapons.  BuAir merged with BuOrd to form BuWeps.  BuWeps, in turn, was disestablished in 1966 when the Navy overhauled its materiel organization, and was replaced with the Naval Ordnance Systems Command (NAVORD) and the Naval Air Systems Command (NAVAIR). Other systems commands at the time included the Naval Ship Systems Command (NAVSHIPS) and the Naval Electronics Systems Command (NAVELEX).  Ship and submarine ordnance functions fell under the new Naval Ordnance Systems Command while air ordnance stayed with the Naval Air Systems Command.  In July 1974, the Naval Ordnance Systems Command and Naval Ship Systems Command merged to form the Naval Sea Systems Command (NAVSEA).  Traditional Naval Ordnance functions are now conducted at the Naval Surface Warfare Centers which fall under the command of Naval Sea Systems Command.|In what year was the Naval Ordnance Systems Command disestablished?|st-minilm-l6-v2|fp32|dot|10|True|4|False|-1
852|Q2906424|BuOrd was disestablished by Congress by an act of August 18, 1959 (73 Stat. 395), and its functions were transferred to the newly established Bureau of Naval Weapons.  BuAir merged with BuOrd to form BuWeps.  BuWeps, in turn, was disestablished in 1966 when the Navy overhauled its materiel organization, and was replaced with the Naval Ordnance Systems Command (NAVORD) and the Naval Air Systems Command (NAVAIR). Other systems commands at the time included the Naval Ship Systems Command (NAVSHIPS) and the Naval Electronics Systems Command (NAVELEX).  Ship and submarine ordnance functions fell under the new Naval Ordnance Systems Command while air ordnance stayed with the Naval Air Systems Command.  In July 1974, the Naval Ordnance Systems Command and Naval Ship Systems Command merged to form the Naval Sea Systems Command (NAVSEA).  Traditional Naval Ordnance functions are now conducted at the Naval Surface Warfare Centers which fall under the command of Naval Sea Systems Command.|In what year was the Naval Ordnance Systems Command disestablished?|st-minilm-l6-v2|fp32|dot|20|True|4|False|-1
853|Q2906424|BuOrd was disestablished by Congress by an act of August 18, 1959 (73 Stat. 395), and its functions were transferred to the newly established Bureau of Naval Weapons.  BuAir merged with BuOrd to form BuWeps.  BuWeps, in turn, was disestablished in 1966 when the Navy overhauled its materiel organization, and was replaced with the Naval Ordnance Systems Command (NAVORD) and the Naval Air Systems Command (NAVAIR). Other systems commands at the time included the Naval Ship Systems Command (NAVSHIPS) and the Naval Electronics Systems Command (NAVELEX).  Ship and submarine ordnance functions fell under the new Naval Ordnance Systems Command while air ordnance stayed with the Naval Air Systems Command.  In July 1974, the Naval Ordnance Systems Command and Naval Ship Systems Command merged to form the Naval Sea Systems Command (NAVSEA).  Traditional Naval Ordnance functions are now conducted at the Naval Surface Warfare Centers which fall under the command of Naval Sea Systems Command.|In what year was the Naval Ordnance Systems Command disestablished?|st-minilm-l6-v2|fp32|dot|25|True|4|False|-1
854|Q2906424|BuOrd was disestablished by Congress by an act of August 18, 1959 (73 Stat. 395), and its functions were transferred to the newly established Bureau of Naval Weapons.  BuAir merged with BuOrd to form BuWeps.  BuWeps, in turn, was disestablished in 1966 when the Navy overhauled its materiel organization, and was replaced with the Naval Ordnance Systems Command (NAVORD) and the Naval Air Systems Command (NAVAIR). Other systems commands at the time included the Naval Ship Systems Command (NAVSHIPS) and the Naval Electronics Systems Command (NAVELEX).  Ship and submarine ordnance functions fell under the new Naval Ordnance Systems Command while air ordnance stayed with the Naval Air Systems Command.  In July 1974, the Naval Ordnance Systems Command and Naval Ship Systems Command merged to form the Naval Sea Systems Command (NAVSEA).  Traditional Naval Ordnance functions are now conducted at the Naval Surface Warfare Centers which fall under the command of Naval Sea Systems Command.|In what year was the Naval Ordnance Systems Command disestablished?|st-minilm-l6-v2|fp32|dot|50|True|4|False|-1
855|Q2906424|BuOrd was disestablished by Congress by an act of August 18, 1959 (73 Stat. 395), and its functions were transferred to the newly established Bureau of Naval Weapons.  BuAir merged with BuOrd to form BuWeps.  BuWeps, in turn, was disestablished in 1966 when the Navy overhauled its materiel organization, and was replaced with the Naval Ordnance Systems Command (NAVORD) and the Naval Air Systems Command (NAVAIR). Other systems commands at the time included the Naval Ship Systems Command (NAVSHIPS) and the Naval Electronics Systems Command (NAVELEX).  Ship and submarine ordnance functions fell under the new Naval Ordnance Systems Command while air ordnance stayed with the Naval Air Systems Command.  In July 1974, the Naval Ordnance Systems Command and Naval Ship Systems Command merged to form the Naval Sea Systems Command (NAVSEA).  Traditional Naval Ordnance functions are now conducted at the Naval Surface Warfare Centers which fall under the command of Naval Sea Systems Command.|In what year was the Naval Ordnance Systems Command disestablished?|st-minilm-l6-v2|binary|hamming|5|True|2|False|-1
856|Q2906424|BuOrd was disestablished by Congress by an act of August 18, 1959 (73 Stat. 395), and its functions were transferred to the newly established Bureau of Naval Weapons.  BuAir merged with BuOrd to form BuWeps.  BuWeps, in turn, was disestablished in 1966 when the Navy overhauled its materiel organization, and was replaced with the Naval Ordnance Systems Command (NAVORD) and the Naval Air Systems Command (NAVAIR). Other systems commands at the time included the Naval Ship Systems Command (NAVSHIPS) and the Naval Electronics Systems Command (NAVELEX).  Ship and submarine ordnance functions fell under the new Naval Ordnance Systems Command while air ordnance stayed with the Naval Air Systems Command.  In July 1974, the Naval Ordnance Systems Command and Naval Ship Systems Command merged to form the Naval Sea Systems Command (NAVSEA).  Traditional Naval Ordnance functions are now conducted at the Naval Surface Warfare Centers which fall under the command of Naval Sea Systems Command.|In what year was the Naval Ordnance Systems Command disestablished?|st-minilm-l6-v2|binary|hamming|10|True|2|True|6
857|Q2906424|BuOrd was disestablished by Congress by an act of August 18, 1959 (73 Stat. 395), and its functions were transferred to the newly established Bureau of Naval Weapons.  BuAir merged with BuOrd to form BuWeps.  BuWeps, in turn, was disestablished in 1966 when the Navy overhauled its materiel organization, and was replaced with the Naval Ordnance Systems Command (NAVORD) and the Naval Air Systems Command (NAVAIR). Other systems commands at the time included the Naval Ship Systems Command (NAVSHIPS) and the Naval Electronics Systems Command (NAVELEX).  Ship and submarine ordnance functions fell under the new Naval Ordnance Systems Command while air ordnance stayed with the Naval Air Systems Command.  In July 1974, the Naval Ordnance Systems Command and Naval Ship Systems Command merged to form the Naval Sea Systems Command (NAVSEA).  Traditional Naval Ordnance functions are now conducted at the Naval Surface Warfare Centers which fall under the command of Naval Sea Systems Command.|In what year was the Naval Ordnance Systems Command disestablished?|st-minilm-l6-v2|binary|hamming|20|True|2|True|6
858|Q2906424|BuOrd was disestablished by Congress by an act of August 18, 1959 (73 Stat. 395), and its functions were transferred to the newly established Bureau of Naval Weapons.  BuAir merged with BuOrd to form BuWeps.  BuWeps, in turn, was disestablished in 1966 when the Navy overhauled its materiel organization, and was replaced with the Naval Ordnance Systems Command (NAVORD) and the Naval Air Systems Command (NAVAIR). Other systems commands at the time included the Naval Ship Systems Command (NAVSHIPS) and the Naval Electronics Systems Command (NAVELEX).  Ship and submarine ordnance functions fell under the new Naval Ordnance Systems Command while air ordnance stayed with the Naval Air Systems Command.  In July 1974, the Naval Ordnance Systems Command and Naval Ship Systems Command merged to form the Naval Sea Systems Command (NAVSEA).  Traditional Naval Ordnance functions are now conducted at the Naval Surface Warfare Centers which fall under the command of Naval Sea Systems Command.|In what year was the Naval Ordnance Systems Command disestablished?|st-minilm-l6-v2|binary|hamming|25|True|2|True|6
859|Q2906424|BuOrd was disestablished by Congress by an act of August 18, 1959 (73 Stat. 395), and its functions were transferred to the newly established Bureau of Naval Weapons.  BuAir merged with BuOrd to form BuWeps.  BuWeps, in turn, was disestablished in 1966 when the Navy overhauled its materiel organization, and was replaced with the Naval Ordnance Systems Command (NAVORD) and the Naval Air Systems Command (NAVAIR). Other systems commands at the time included the Naval Ship Systems Command (NAVSHIPS) and the Naval Electronics Systems Command (NAVELEX).  Ship and submarine ordnance functions fell under the new Naval Ordnance Systems Command while air ordnance stayed with the Naval Air Systems Command.  In July 1974, the Naval Ordnance Systems Command and Naval Ship Systems Command merged to form the Naval Sea Systems Command (NAVSEA).  Traditional Naval Ordnance functions are now conducted at the Naval Surface Warfare Centers which fall under the command of Naval Sea Systems Command.|In what year was the Naval Ordnance Systems Command disestablished?|st-minilm-l6-v2|binary|hamming|50|True|2|True|6
860|Q2906424|BuOrd was disestablished by Congress by an act of August 18, 1959 (73 Stat. 395), and its functions were transferred to the newly established Bureau of Naval Weapons.  BuAir merged with BuOrd to form BuWeps.  BuWeps, in turn, was disestablished in 1966 when the Navy overhauled its materiel organization, and was replaced with the Naval Ordnance Systems Command (NAVORD) and the Naval Air Systems Command (NAVAIR). Other systems commands at the time included the Naval Ship Systems Command (NAVSHIPS) and the Naval Electronics Systems Command (NAVELEX).  Ship and submarine ordnance functions fell under the new Naval Ordnance Systems Command while air ordnance stayed with the Naval Air Systems Command.  In July 1974, the Naval Ordnance Systems Command and Naval Ship Systems Command merged to form the Naval Sea Systems Command (NAVSEA).  Traditional Naval Ordnance functions are now conducted at the Naval Surface Warfare Centers which fall under the command of Naval Sea Systems Command.|In what year was the Naval Ordnance Systems Command disestablished?|st-multi-qa-minilm-l6-cos-v1|fp32|l2|5|True|1|False|-1
861|Q2906424|BuOrd was disestablished by Congress by an act of August 18, 1959 (73 Stat. 395), and its functions were transferred to the newly established Bureau of Naval Weapons.  BuAir merged with BuOrd to form BuWeps.  BuWeps, in turn, was disestablished in 1966 when the Navy overhauled its materiel organization, and was replaced with the Naval Ordnance Systems Command (NAVORD) and the Naval Air Systems Command (NAVAIR). Other systems commands at the time included the Naval Ship Systems Command (NAVSHIPS) and the Naval Electronics Systems Command (NAVELEX).  Ship and submarine ordnance functions fell under the new Naval Ordnance Systems Command while air ordnance stayed with the Naval Air Systems Command.  In July 1974, the Naval Ordnance Systems Command and Naval Ship Systems Command merged to form the Naval Sea Systems Command (NAVSEA).  Traditional Naval Ordnance functions are now conducted at the Naval Surface Warfare Centers which fall under the command of Naval Sea Systems Command.|In what year was the Naval Ordnance Systems Command disestablished?|st-multi-qa-minilm-l6-cos-v1|fp32|l2|10|True|1|False|-1
862|Q2906424|BuOrd was disestablished by Congress by an act of August 18, 1959 (73 Stat. 395), and its functions were transferred to the newly established Bureau of Naval Weapons.  BuAir merged with BuOrd to form BuWeps.  BuWeps, in turn, was disestablished in 1966 when the Navy overhauled its materiel organization, and was replaced with the Naval Ordnance Systems Command (NAVORD) and the Naval Air Systems Command (NAVAIR). Other systems commands at the time included the Naval Ship Systems Command (NAVSHIPS) and the Naval Electronics Systems Command (NAVELEX).  Ship and submarine ordnance functions fell under the new Naval Ordnance Systems Command while air ordnance stayed with the Naval Air Systems Command.  In July 1974, the Naval Ordnance Systems Command and Naval Ship Systems Command merged to form the Naval Sea Systems Command (NAVSEA).  Traditional Naval Ordnance functions are now conducted at the Naval Surface Warfare Centers which fall under the command of Naval Sea Systems Command.|In what year was the Naval Ordnance Systems Command disestablished?|st-multi-qa-minilm-l6-cos-v1|fp32|l2|20|True|1|False|-1
863|Q2906424|BuOrd was disestablished by Congress by an act of August 18, 1959 (73 Stat. 395), and its functions were transferred to the newly established Bureau of Naval Weapons.  BuAir merged with BuOrd to form BuWeps.  BuWeps, in turn, was disestablished in 1966 when the Navy overhauled its materiel organization, and was replaced with the Naval Ordnance Systems Command (NAVORD) and the Naval Air Systems Command (NAVAIR). Other systems commands at the time included the Naval Ship Systems Command (NAVSHIPS) and the Naval Electronics Systems Command (NAVELEX).  Ship and submarine ordnance functions fell under the new Naval Ordnance Systems Command while air ordnance stayed with the Naval Air Systems Command.  In July 1974, the Naval Ordnance Systems Command and Naval Ship Systems Command merged to form the Naval Sea Systems Command (NAVSEA).  Traditional Naval Ordnance functions are now conducted at the Naval Surface Warfare Centers which fall under the command of Naval Sea Systems Command.|In what year was the Naval Ordnance Systems Command disestablished?|st-multi-qa-minilm-l6-cos-v1|fp32|l2|25|True|1|False|-1
864|Q2906424|BuOrd was disestablished by Congress by an act of August 18, 1959 (73 Stat. 395), and its functions were transferred to the newly established Bureau of Naval Weapons.  BuAir merged with BuOrd to form BuWeps.  BuWeps, in turn, was disestablished in 1966 when the Navy overhauled its materiel organization, and was replaced with the Naval Ordnance Systems Command (NAVORD) and the Naval Air Systems Command (NAVAIR). Other systems commands at the time included the Naval Ship Systems Command (NAVSHIPS) and the Naval Electronics Systems Command (NAVELEX).  Ship and submarine ordnance functions fell under the new Naval Ordnance Systems Command while air ordnance stayed with the Naval Air Systems Command.  In July 1974, the Naval Ordnance Systems Command and Naval Ship Systems Command merged to form the Naval Sea Systems Command (NAVSEA).  Traditional Naval Ordnance functions are now conducted at the Naval Surface Warfare Centers which fall under the command of Naval Sea Systems Command.|In what year was the Naval Ordnance Systems Command disestablished?|st-multi-qa-minilm-l6-cos-v1|fp32|l2|50|True|1|False|-1
865|Q2906424|BuOrd was disestablished by Congress by an act of August 18, 1959 (73 Stat. 395), and its functions were transferred to the newly established Bureau of Naval Weapons.  BuAir merged with BuOrd to form BuWeps.  BuWeps, in turn, was disestablished in 1966 when the Navy overhauled its materiel organization, and was replaced with the Naval Ordnance Systems Command (NAVORD) and the Naval Air Systems Command (NAVAIR). Other systems commands at the time included the Naval Ship Systems Command (NAVSHIPS) and the Naval Electronics Systems Command (NAVELEX).  Ship and submarine ordnance functions fell under the new Naval Ordnance Systems Command while air ordnance stayed with the Naval Air Systems Command.  In July 1974, the Naval Ordnance Systems Command and Naval Ship Systems Command merged to form the Naval Sea Systems Command (NAVSEA).  Traditional Naval Ordnance functions are now conducted at the Naval Surface Warfare Centers which fall under the command of Naval Sea Systems Command.|In what year was the Naval Ordnance Systems Command disestablished?|st-multi-qa-minilm-l6-cos-v1|fp32|cosine|5|True|1|False|-1
866|Q2906424|BuOrd was disestablished by Congress by an act of August 18, 1959 (73 Stat. 395), and its functions were transferred to the newly established Bureau of Naval Weapons.  BuAir merged with BuOrd to form BuWeps.  BuWeps, in turn, was disestablished in 1966 when the Navy overhauled its materiel organization, and was replaced with the Naval Ordnance Systems Command (NAVORD) and the Naval Air Systems Command (NAVAIR). Other systems commands at the time included the Naval Ship Systems Command (NAVSHIPS) and the Naval Electronics Systems Command (NAVELEX).  Ship and submarine ordnance functions fell under the new Naval Ordnance Systems Command while air ordnance stayed with the Naval Air Systems Command.  In July 1974, the Naval Ordnance Systems Command and Naval Ship Systems Command merged to form the Naval Sea Systems Command (NAVSEA).  Traditional Naval Ordnance functions are now conducted at the Naval Surface Warfare Centers which fall under the command of Naval Sea Systems Command.|In what year was the Naval Ordnance Systems Command disestablished?|st-multi-qa-minilm-l6-cos-v1|fp32|cosine|10|True|1|False|-1
867|Q2906424|BuOrd was disestablished by Congress by an act of August 18, 1959 (73 Stat. 395), and its functions were transferred to the newly established Bureau of Naval Weapons.  BuAir merged with BuOrd to form BuWeps.  BuWeps, in turn, was disestablished in 1966 when the Navy overhauled its materiel organization, and was replaced with the Naval Ordnance Systems Command (NAVORD) and the Naval Air Systems Command (NAVAIR). Other systems commands at the time included the Naval Ship Systems Command (NAVSHIPS) and the Naval Electronics Systems Command (NAVELEX).  Ship and submarine ordnance functions fell under the new Naval Ordnance Systems Command while air ordnance stayed with the Naval Air Systems Command.  In July 1974, the Naval Ordnance Systems Command and Naval Ship Systems Command merged to form the Naval Sea Systems Command (NAVSEA).  Traditional Naval Ordnance functions are now conducted at the Naval Surface Warfare Centers which fall under the command of Naval Sea Systems Command.|In what year was the Naval Ordnance Systems Command disestablished?|st-multi-qa-minilm-l6-cos-v1|fp32|cosine|20|True|1|False|-1
868|Q2906424|BuOrd was disestablished by Congress by an act of August 18, 1959 (73 Stat. 395), and its functions were transferred to the newly established Bureau of Naval Weapons.  BuAir merged with BuOrd to form BuWeps.  BuWeps, in turn, was disestablished in 1966 when the Navy overhauled its materiel organization, and was replaced with the Naval Ordnance Systems Command (NAVORD) and the Naval Air Systems Command (NAVAIR). Other systems commands at the time included the Naval Ship Systems Command (NAVSHIPS) and the Naval Electronics Systems Command (NAVELEX).  Ship and submarine ordnance functions fell under the new Naval Ordnance Systems Command while air ordnance stayed with the Naval Air Systems Command.  In July 1974, the Naval Ordnance Systems Command and Naval Ship Systems Command merged to form the Naval Sea Systems Command (NAVSEA).  Traditional Naval Ordnance functions are now conducted at the Naval Surface Warfare Centers which fall under the command of Naval Sea Systems Command.|In what year was the Naval Ordnance Systems Command disestablished?|st-multi-qa-minilm-l6-cos-v1|fp32|cosine|25|True|1|False|-1
869|Q2906424|BuOrd was disestablished by Congress by an act of August 18, 1959 (73 Stat. 395), and its functions were transferred to the newly established Bureau of Naval Weapons.  BuAir merged with BuOrd to form BuWeps.  BuWeps, in turn, was disestablished in 1966 when the Navy overhauled its materiel organization, and was replaced with the Naval Ordnance Systems Command (NAVORD) and the Naval Air Systems Command (NAVAIR). Other systems commands at the time included the Naval Ship Systems Command (NAVSHIPS) and the Naval Electronics Systems Command (NAVELEX).  Ship and submarine ordnance functions fell under the new Naval Ordnance Systems Command while air ordnance stayed with the Naval Air Systems Command.  In July 1974, the Naval Ordnance Systems Command and Naval Ship Systems Command merged to form the Naval Sea Systems Command (NAVSEA).  Traditional Naval Ordnance functions are now conducted at the Naval Surface Warfare Centers which fall under the command of Naval Sea Systems Command.|In what year was the Naval Ordnance Systems Command disestablished?|st-multi-qa-minilm-l6-cos-v1|fp32|cosine|50|True|1|False|-1
870|Q2906424|BuOrd was disestablished by Congress by an act of August 18, 1959 (73 Stat. 395), and its functions were transferred to the newly established Bureau of Naval Weapons.  BuAir merged with BuOrd to form BuWeps.  BuWeps, in turn, was disestablished in 1966 when the Navy overhauled its materiel organization, and was replaced with the Naval Ordnance Systems Command (NAVORD) and the Naval Air Systems Command (NAVAIR). Other systems commands at the time included the Naval Ship Systems Command (NAVSHIPS) and the Naval Electronics Systems Command (NAVELEX).  Ship and submarine ordnance functions fell under the new Naval Ordnance Systems Command while air ordnance stayed with the Naval Air Systems Command.  In July 1974, the Naval Ordnance Systems Command and Naval Ship Systems Command merged to form the Naval Sea Systems Command (NAVSEA).  Traditional Naval Ordnance functions are now conducted at the Naval Surface Warfare Centers which fall under the command of Naval Sea Systems Command.|In what year was the Naval Ordnance Systems Command disestablished?|st-multi-qa-minilm-l6-cos-v1|fp32|dot|5|True|0|False|-1
871|Q2906424|BuOrd was disestablished by Congress by an act of August 18, 1959 (73 Stat. 395), and its functions were transferred to the newly established Bureau of Naval Weapons.  BuAir merged with BuOrd to form BuWeps.  BuWeps, in turn, was disestablished in 1966 when the Navy overhauled its materiel organization, and was replaced with the Naval Ordnance Systems Command (NAVORD) and the Naval Air Systems Command (NAVAIR). Other systems commands at the time included the Naval Ship Systems Command (NAVSHIPS) and the Naval Electronics Systems Command (NAVELEX).  Ship and submarine ordnance functions fell under the new Naval Ordnance Systems Command while air ordnance stayed with the Naval Air Systems Command.  In July 1974, the Naval Ordnance Systems Command and Naval Ship Systems Command merged to form the Naval Sea Systems Command (NAVSEA).  Traditional Naval Ordnance functions are now conducted at the Naval Surface Warfare Centers which fall under the command of Naval Sea Systems Command.|In what year was the Naval Ordnance Systems Command disestablished?|st-multi-qa-minilm-l6-cos-v1|fp32|dot|10|True|0|False|-1
872|Q2906424|BuOrd was disestablished by Congress by an act of August 18, 1959 (73 Stat. 395), and its functions were transferred to the newly established Bureau of Naval Weapons.  BuAir merged with BuOrd to form BuWeps.  BuWeps, in turn, was disestablished in 1966 when the Navy overhauled its materiel organization, and was replaced with the Naval Ordnance Systems Command (NAVORD) and the Naval Air Systems Command (NAVAIR). Other systems commands at the time included the Naval Ship Systems Command (NAVSHIPS) and the Naval Electronics Systems Command (NAVELEX).  Ship and submarine ordnance functions fell under the new Naval Ordnance Systems Command while air ordnance stayed with the Naval Air Systems Command.  In July 1974, the Naval Ordnance Systems Command and Naval Ship Systems Command merged to form the Naval Sea Systems Command (NAVSEA).  Traditional Naval Ordnance functions are now conducted at the Naval Surface Warfare Centers which fall under the command of Naval Sea Systems Command.|In what year was the Naval Ordnance Systems Command disestablished?|st-multi-qa-minilm-l6-cos-v1|fp32|dot|20|True|0|False|-1
873|Q2906424|BuOrd was disestablished by Congress by an act of August 18, 1959 (73 Stat. 395), and its functions were transferred to the newly established Bureau of Naval Weapons.  BuAir merged with BuOrd to form BuWeps.  BuWeps, in turn, was disestablished in 1966 when the Navy overhauled its materiel organization, and was replaced with the Naval Ordnance Systems Command (NAVORD) and the Naval Air Systems Command (NAVAIR). Other systems commands at the time included the Naval Ship Systems Command (NAVSHIPS) and the Naval Electronics Systems Command (NAVELEX).  Ship and submarine ordnance functions fell under the new Naval Ordnance Systems Command while air ordnance stayed with the Naval Air Systems Command.  In July 1974, the Naval Ordnance Systems Command and Naval Ship Systems Command merged to form the Naval Sea Systems Command (NAVSEA).  Traditional Naval Ordnance functions are now conducted at the Naval Surface Warfare Centers which fall under the command of Naval Sea Systems Command.|In what year was the Naval Ordnance Systems Command disestablished?|st-multi-qa-minilm-l6-cos-v1|fp32|dot|25|True|0|False|-1
874|Q2906424|BuOrd was disestablished by Congress by an act of August 18, 1959 (73 Stat. 395), and its functions were transferred to the newly established Bureau of Naval Weapons.  BuAir merged with BuOrd to form BuWeps.  BuWeps, in turn, was disestablished in 1966 when the Navy overhauled its materiel organization, and was replaced with the Naval Ordnance Systems Command (NAVORD) and the Naval Air Systems Command (NAVAIR). Other systems commands at the time included the Naval Ship Systems Command (NAVSHIPS) and the Naval Electronics Systems Command (NAVELEX).  Ship and submarine ordnance functions fell under the new Naval Ordnance Systems Command while air ordnance stayed with the Naval Air Systems Command.  In July 1974, the Naval Ordnance Systems Command and Naval Ship Systems Command merged to form the Naval Sea Systems Command (NAVSEA).  Traditional Naval Ordnance functions are now conducted at the Naval Surface Warfare Centers which fall under the command of Naval Sea Systems Command.|In what year was the Naval Ordnance Systems Command disestablished?|st-multi-qa-minilm-l6-cos-v1|fp32|dot|50|True|0|False|-1
875|Q2906424|BuOrd was disestablished by Congress by an act of August 18, 1959 (73 Stat. 395), and its functions were transferred to the newly established Bureau of Naval Weapons.  BuAir merged with BuOrd to form BuWeps.  BuWeps, in turn, was disestablished in 1966 when the Navy overhauled its materiel organization, and was replaced with the Naval Ordnance Systems Command (NAVORD) and the Naval Air Systems Command (NAVAIR). Other systems commands at the time included the Naval Ship Systems Command (NAVSHIPS) and the Naval Electronics Systems Command (NAVELEX).  Ship and submarine ordnance functions fell under the new Naval Ordnance Systems Command while air ordnance stayed with the Naval Air Systems Command.  In July 1974, the Naval Ordnance Systems Command and Naval Ship Systems Command merged to form the Naval Sea Systems Command (NAVSEA).  Traditional Naval Ordnance functions are now conducted at the Naval Surface Warfare Centers which fall under the command of Naval Sea Systems Command.|In what year was the Naval Ordnance Systems Command disestablished?|st-multi-qa-minilm-l6-cos-v1|binary|hamming|5|False|-1|False|-1
876|Q2906424|BuOrd was disestablished by Congress by an act of August 18, 1959 (73 Stat. 395), and its functions were transferred to the newly established Bureau of Naval Weapons.  BuAir merged with BuOrd to form BuWeps.  BuWeps, in turn, was disestablished in 1966 when the Navy overhauled its materiel organization, and was replaced with the Naval Ordnance Systems Command (NAVORD) and the Naval Air Systems Command (NAVAIR). Other systems commands at the time included the Naval Ship Systems Command (NAVSHIPS) and the Naval Electronics Systems Command (NAVELEX).  Ship and submarine ordnance functions fell under the new Naval Ordnance Systems Command while air ordnance stayed with the Naval Air Systems Command.  In July 1974, the Naval Ordnance Systems Command and Naval Ship Systems Command merged to form the Naval Sea Systems Command (NAVSEA).  Traditional Naval Ordnance functions are now conducted at the Naval Surface Warfare Centers which fall under the command of Naval Sea Systems Command.|In what year was the Naval Ordnance Systems Command disestablished?|st-multi-qa-minilm-l6-cos-v1|binary|hamming|10|True|6|False|-1
877|Q2906424|BuOrd was disestablished by Congress by an act of August 18, 1959 (73 Stat. 395), and its functions were transferred to the newly established Bureau of Naval Weapons.  BuAir merged with BuOrd to form BuWeps.  BuWeps, in turn, was disestablished in 1966 when the Navy overhauled its materiel organization, and was replaced with the Naval Ordnance Systems Command (NAVORD) and the Naval Air Systems Command (NAVAIR). Other systems commands at the time included the Naval Ship Systems Command (NAVSHIPS) and the Naval Electronics Systems Command (NAVELEX).  Ship and submarine ordnance functions fell under the new Naval Ordnance Systems Command while air ordnance stayed with the Naval Air Systems Command.  In July 1974, the Naval Ordnance Systems Command and Naval Ship Systems Command merged to form the Naval Sea Systems Command (NAVSEA).  Traditional Naval Ordnance functions are now conducted at the Naval Surface Warfare Centers which fall under the command of Naval Sea Systems Command.|In what year was the Naval Ordnance Systems Command disestablished?|st-multi-qa-minilm-l6-cos-v1|binary|hamming|20|True|6|False|-1
878|Q2906424|BuOrd was disestablished by Congress by an act of August 18, 1959 (73 Stat. 395), and its functions were transferred to the newly established Bureau of Naval Weapons.  BuAir merged with BuOrd to form BuWeps.  BuWeps, in turn, was disestablished in 1966 when the Navy overhauled its materiel organization, and was replaced with the Naval Ordnance Systems Command (NAVORD) and the Naval Air Systems Command (NAVAIR). Other systems commands at the time included the Naval Ship Systems Command (NAVSHIPS) and the Naval Electronics Systems Command (NAVELEX).  Ship and submarine ordnance functions fell under the new Naval Ordnance Systems Command while air ordnance stayed with the Naval Air Systems Command.  In July 1974, the Naval Ordnance Systems Command and Naval Ship Systems Command merged to form the Naval Sea Systems Command (NAVSEA).  Traditional Naval Ordnance functions are now conducted at the Naval Surface Warfare Centers which fall under the command of Naval Sea Systems Command.|In what year was the Naval Ordnance Systems Command disestablished?|st-multi-qa-minilm-l6-cos-v1|binary|hamming|25|True|6|False|-1
879|Q2906424|BuOrd was disestablished by Congress by an act of August 18, 1959 (73 Stat. 395), and its functions were transferred to the newly established Bureau of Naval Weapons.  BuAir merged with BuOrd to form BuWeps.  BuWeps, in turn, was disestablished in 1966 when the Navy overhauled its materiel organization, and was replaced with the Naval Ordnance Systems Command (NAVORD) and the Naval Air Systems Command (NAVAIR). Other systems commands at the time included the Naval Ship Systems Command (NAVSHIPS) and the Naval Electronics Systems Command (NAVELEX).  Ship and submarine ordnance functions fell under the new Naval Ordnance Systems Command while air ordnance stayed with the Naval Air Systems Command.  In July 1974, the Naval Ordnance Systems Command and Naval Ship Systems Command merged to form the Naval Sea Systems Command (NAVSEA).  Traditional Naval Ordnance functions are now conducted at the Naval Surface Warfare Centers which fall under the command of Naval Sea Systems Command.|In what year was the Naval Ordnance Systems Command disestablished?|st-multi-qa-minilm-l6-cos-v1|binary|hamming|50|True|6|True|32
880|Q2906424|BuOrd was disestablished by Congress by an act of August 18, 1959 (73 Stat. 395), and its functions were transferred to the newly established Bureau of Naval Weapons.  BuAir merged with BuOrd to form BuWeps.  BuWeps, in turn, was disestablished in 1966 when the Navy overhauled its materiel organization, and was replaced with the Naval Ordnance Systems Command (NAVORD) and the Naval Air Systems Command (NAVAIR). Other systems commands at the time included the Naval Ship Systems Command (NAVSHIPS) and the Naval Electronics Systems Command (NAVELEX).  Ship and submarine ordnance functions fell under the new Naval Ordnance Systems Command while air ordnance stayed with the Naval Air Systems Command.  In July 1974, the Naval Ordnance Systems Command and Naval Ship Systems Command merged to form the Naval Sea Systems Command (NAVSEA).  Traditional Naval Ordnance functions are now conducted at the Naval Surface Warfare Centers which fall under the command of Naval Sea Systems Command.|In what year was the Naval Ordnance Systems Command disestablished?|st-multi-qa-minilm-l6-dot-v1|fp32|l2|5|True|3|False|-1
881|Q2906424|BuOrd was disestablished by Congress by an act of August 18, 1959 (73 Stat. 395), and its functions were transferred to the newly established Bureau of Naval Weapons.  BuAir merged with BuOrd to form BuWeps.  BuWeps, in turn, was disestablished in 1966 when the Navy overhauled its materiel organization, and was replaced with the Naval Ordnance Systems Command (NAVORD) and the Naval Air Systems Command (NAVAIR). Other systems commands at the time included the Naval Ship Systems Command (NAVSHIPS) and the Naval Electronics Systems Command (NAVELEX).  Ship and submarine ordnance functions fell under the new Naval Ordnance Systems Command while air ordnance stayed with the Naval Air Systems Command.  In July 1974, the Naval Ordnance Systems Command and Naval Ship Systems Command merged to form the Naval Sea Systems Command (NAVSEA).  Traditional Naval Ordnance functions are now conducted at the Naval Surface Warfare Centers which fall under the command of Naval Sea Systems Command.|In what year was the Naval Ordnance Systems Command disestablished?|st-multi-qa-minilm-l6-dot-v1|fp32|l2|10|True|3|False|-1
882|Q2906424|BuOrd was disestablished by Congress by an act of August 18, 1959 (73 Stat. 395), and its functions were transferred to the newly established Bureau of Naval Weapons.  BuAir merged with BuOrd to form BuWeps.  BuWeps, in turn, was disestablished in 1966 when the Navy overhauled its materiel organization, and was replaced with the Naval Ordnance Systems Command (NAVORD) and the Naval Air Systems Command (NAVAIR). Other systems commands at the time included the Naval Ship Systems Command (NAVSHIPS) and the Naval Electronics Systems Command (NAVELEX).  Ship and submarine ordnance functions fell under the new Naval Ordnance Systems Command while air ordnance stayed with the Naval Air Systems Command.  In July 1974, the Naval Ordnance Systems Command and Naval Ship Systems Command merged to form the Naval Sea Systems Command (NAVSEA).  Traditional Naval Ordnance functions are now conducted at the Naval Surface Warfare Centers which fall under the command of Naval Sea Systems Command.|In what year was the Naval Ordnance Systems Command disestablished?|st-multi-qa-minilm-l6-dot-v1|fp32|l2|20|True|3|False|-1
883|Q2906424|BuOrd was disestablished by Congress by an act of August 18, 1959 (73 Stat. 395), and its functions were transferred to the newly established Bureau of Naval Weapons.  BuAir merged with BuOrd to form BuWeps.  BuWeps, in turn, was disestablished in 1966 when the Navy overhauled its materiel organization, and was replaced with the Naval Ordnance Systems Command (NAVORD) and the Naval Air Systems Command (NAVAIR). Other systems commands at the time included the Naval Ship Systems Command (NAVSHIPS) and the Naval Electronics Systems Command (NAVELEX).  Ship and submarine ordnance functions fell under the new Naval Ordnance Systems Command while air ordnance stayed with the Naval Air Systems Command.  In July 1974, the Naval Ordnance Systems Command and Naval Ship Systems Command merged to form the Naval Sea Systems Command (NAVSEA).  Traditional Naval Ordnance functions are now conducted at the Naval Surface Warfare Centers which fall under the command of Naval Sea Systems Command.|In what year was the Naval Ordnance Systems Command disestablished?|st-multi-qa-minilm-l6-dot-v1|fp32|l2|25|True|3|False|-1
884|Q2906424|BuOrd was disestablished by Congress by an act of August 18, 1959 (73 Stat. 395), and its functions were transferred to the newly established Bureau of Naval Weapons.  BuAir merged with BuOrd to form BuWeps.  BuWeps, in turn, was disestablished in 1966 when the Navy overhauled its materiel organization, and was replaced with the Naval Ordnance Systems Command (NAVORD) and the Naval Air Systems Command (NAVAIR). Other systems commands at the time included the Naval Ship Systems Command (NAVSHIPS) and the Naval Electronics Systems Command (NAVELEX).  Ship and submarine ordnance functions fell under the new Naval Ordnance Systems Command while air ordnance stayed with the Naval Air Systems Command.  In July 1974, the Naval Ordnance Systems Command and Naval Ship Systems Command merged to form the Naval Sea Systems Command (NAVSEA).  Traditional Naval Ordnance functions are now conducted at the Naval Surface Warfare Centers which fall under the command of Naval Sea Systems Command.|In what year was the Naval Ordnance Systems Command disestablished?|st-multi-qa-minilm-l6-dot-v1|fp32|l2|50|True|3|False|-1
885|Q2906424|BuOrd was disestablished by Congress by an act of August 18, 1959 (73 Stat. 395), and its functions were transferred to the newly established Bureau of Naval Weapons.  BuAir merged with BuOrd to form BuWeps.  BuWeps, in turn, was disestablished in 1966 when the Navy overhauled its materiel organization, and was replaced with the Naval Ordnance Systems Command (NAVORD) and the Naval Air Systems Command (NAVAIR). Other systems commands at the time included the Naval Ship Systems Command (NAVSHIPS) and the Naval Electronics Systems Command (NAVELEX).  Ship and submarine ordnance functions fell under the new Naval Ordnance Systems Command while air ordnance stayed with the Naval Air Systems Command.  In July 1974, the Naval Ordnance Systems Command and Naval Ship Systems Command merged to form the Naval Sea Systems Command (NAVSEA).  Traditional Naval Ordnance functions are now conducted at the Naval Surface Warfare Centers which fall under the command of Naval Sea Systems Command.|In what year was the Naval Ordnance Systems Command disestablished?|st-multi-qa-minilm-l6-dot-v1|fp32|cosine|5|True|2|False|-1
886|Q2906424|BuOrd was disestablished by Congress by an act of August 18, 1959 (73 Stat. 395), and its functions were transferred to the newly established Bureau of Naval Weapons.  BuAir merged with BuOrd to form BuWeps.  BuWeps, in turn, was disestablished in 1966 when the Navy overhauled its materiel organization, and was replaced with the Naval Ordnance Systems Command (NAVORD) and the Naval Air Systems Command (NAVAIR). Other systems commands at the time included the Naval Ship Systems Command (NAVSHIPS) and the Naval Electronics Systems Command (NAVELEX).  Ship and submarine ordnance functions fell under the new Naval Ordnance Systems Command while air ordnance stayed with the Naval Air Systems Command.  In July 1974, the Naval Ordnance Systems Command and Naval Ship Systems Command merged to form the Naval Sea Systems Command (NAVSEA).  Traditional Naval Ordnance functions are now conducted at the Naval Surface Warfare Centers which fall under the command of Naval Sea Systems Command.|In what year was the Naval Ordnance Systems Command disestablished?|st-multi-qa-minilm-l6-dot-v1|fp32|cosine|10|True|2|False|-1
887|Q2906424|BuOrd was disestablished by Congress by an act of August 18, 1959 (73 Stat. 395), and its functions were transferred to the newly established Bureau of Naval Weapons.  BuAir merged with BuOrd to form BuWeps.  BuWeps, in turn, was disestablished in 1966 when the Navy overhauled its materiel organization, and was replaced with the Naval Ordnance Systems Command (NAVORD) and the Naval Air Systems Command (NAVAIR). Other systems commands at the time included the Naval Ship Systems Command (NAVSHIPS) and the Naval Electronics Systems Command (NAVELEX).  Ship and submarine ordnance functions fell under the new Naval Ordnance Systems Command while air ordnance stayed with the Naval Air Systems Command.  In July 1974, the Naval Ordnance Systems Command and Naval Ship Systems Command merged to form the Naval Sea Systems Command (NAVSEA).  Traditional Naval Ordnance functions are now conducted at the Naval Surface Warfare Centers which fall under the command of Naval Sea Systems Command.|In what year was the Naval Ordnance Systems Command disestablished?|st-multi-qa-minilm-l6-dot-v1|fp32|cosine|20|True|2|False|-1
888|Q2906424|BuOrd was disestablished by Congress by an act of August 18, 1959 (73 Stat. 395), and its functions were transferred to the newly established Bureau of Naval Weapons.  BuAir merged with BuOrd to form BuWeps.  BuWeps, in turn, was disestablished in 1966 when the Navy overhauled its materiel organization, and was replaced with the Naval Ordnance Systems Command (NAVORD) and the Naval Air Systems Command (NAVAIR). Other systems commands at the time included the Naval Ship Systems Command (NAVSHIPS) and the Naval Electronics Systems Command (NAVELEX).  Ship and submarine ordnance functions fell under the new Naval Ordnance Systems Command while air ordnance stayed with the Naval Air Systems Command.  In July 1974, the Naval Ordnance Systems Command and Naval Ship Systems Command merged to form the Naval Sea Systems Command (NAVSEA).  Traditional Naval Ordnance functions are now conducted at the Naval Surface Warfare Centers which fall under the command of Naval Sea Systems Command.|In what year was the Naval Ordnance Systems Command disestablished?|st-multi-qa-minilm-l6-dot-v1|fp32|cosine|25|True|2|False|-1
889|Q2906424|BuOrd was disestablished by Congress by an act of August 18, 1959 (73 Stat. 395), and its functions were transferred to the newly established Bureau of Naval Weapons.  BuAir merged with BuOrd to form BuWeps.  BuWeps, in turn, was disestablished in 1966 when the Navy overhauled its materiel organization, and was replaced with the Naval Ordnance Systems Command (NAVORD) and the Naval Air Systems Command (NAVAIR). Other systems commands at the time included the Naval Ship Systems Command (NAVSHIPS) and the Naval Electronics Systems Command (NAVELEX).  Ship and submarine ordnance functions fell under the new Naval Ordnance Systems Command while air ordnance stayed with the Naval Air Systems Command.  In July 1974, the Naval Ordnance Systems Command and Naval Ship Systems Command merged to form the Naval Sea Systems Command (NAVSEA).  Traditional Naval Ordnance functions are now conducted at the Naval Surface Warfare Centers which fall under the command of Naval Sea Systems Command.|In what year was the Naval Ordnance Systems Command disestablished?|st-multi-qa-minilm-l6-dot-v1|fp32|cosine|50|True|2|False|-1
890|Q2906424|BuOrd was disestablished by Congress by an act of August 18, 1959 (73 Stat. 395), and its functions were transferred to the newly established Bureau of Naval Weapons.  BuAir merged with BuOrd to form BuWeps.  BuWeps, in turn, was disestablished in 1966 when the Navy overhauled its materiel organization, and was replaced with the Naval Ordnance Systems Command (NAVORD) and the Naval Air Systems Command (NAVAIR). Other systems commands at the time included the Naval Ship Systems Command (NAVSHIPS) and the Naval Electronics Systems Command (NAVELEX).  Ship and submarine ordnance functions fell under the new Naval Ordnance Systems Command while air ordnance stayed with the Naval Air Systems Command.  In July 1974, the Naval Ordnance Systems Command and Naval Ship Systems Command merged to form the Naval Sea Systems Command (NAVSEA).  Traditional Naval Ordnance functions are now conducted at the Naval Surface Warfare Centers which fall under the command of Naval Sea Systems Command.|In what year was the Naval Ordnance Systems Command disestablished?|st-multi-qa-minilm-l6-dot-v1|fp32|dot|5|False|-1|False|-1
891|Q2906424|BuOrd was disestablished by Congress by an act of August 18, 1959 (73 Stat. 395), and its functions were transferred to the newly established Bureau of Naval Weapons.  BuAir merged with BuOrd to form BuWeps.  BuWeps, in turn, was disestablished in 1966 when the Navy overhauled its materiel organization, and was replaced with the Naval Ordnance Systems Command (NAVORD) and the Naval Air Systems Command (NAVAIR). Other systems commands at the time included the Naval Ship Systems Command (NAVSHIPS) and the Naval Electronics Systems Command (NAVELEX).  Ship and submarine ordnance functions fell under the new Naval Ordnance Systems Command while air ordnance stayed with the Naval Air Systems Command.  In July 1974, the Naval Ordnance Systems Command and Naval Ship Systems Command merged to form the Naval Sea Systems Command (NAVSEA).  Traditional Naval Ordnance functions are now conducted at the Naval Surface Warfare Centers which fall under the command of Naval Sea Systems Command.|In what year was the Naval Ordnance Systems Command disestablished?|st-multi-qa-minilm-l6-dot-v1|fp32|dot|10|False|-1|False|-1
892|Q2906424|BuOrd was disestablished by Congress by an act of August 18, 1959 (73 Stat. 395), and its functions were transferred to the newly established Bureau of Naval Weapons.  BuAir merged with BuOrd to form BuWeps.  BuWeps, in turn, was disestablished in 1966 when the Navy overhauled its materiel organization, and was replaced with the Naval Ordnance Systems Command (NAVORD) and the Naval Air Systems Command (NAVAIR). Other systems commands at the time included the Naval Ship Systems Command (NAVSHIPS) and the Naval Electronics Systems Command (NAVELEX).  Ship and submarine ordnance functions fell under the new Naval Ordnance Systems Command while air ordnance stayed with the Naval Air Systems Command.  In July 1974, the Naval Ordnance Systems Command and Naval Ship Systems Command merged to form the Naval Sea Systems Command (NAVSEA).  Traditional Naval Ordnance functions are now conducted at the Naval Surface Warfare Centers which fall under the command of Naval Sea Systems Command.|In what year was the Naval Ordnance Systems Command disestablished?|st-multi-qa-minilm-l6-dot-v1|fp32|dot|20|True|11|False|-1
893|Q2906424|BuOrd was disestablished by Congress by an act of August 18, 1959 (73 Stat. 395), and its functions were transferred to the newly established Bureau of Naval Weapons.  BuAir merged with BuOrd to form BuWeps.  BuWeps, in turn, was disestablished in 1966 when the Navy overhauled its materiel organization, and was replaced with the Naval Ordnance Systems Command (NAVORD) and the Naval Air Systems Command (NAVAIR). Other systems commands at the time included the Naval Ship Systems Command (NAVSHIPS) and the Naval Electronics Systems Command (NAVELEX).  Ship and submarine ordnance functions fell under the new Naval Ordnance Systems Command while air ordnance stayed with the Naval Air Systems Command.  In July 1974, the Naval Ordnance Systems Command and Naval Ship Systems Command merged to form the Naval Sea Systems Command (NAVSEA).  Traditional Naval Ordnance functions are now conducted at the Naval Surface Warfare Centers which fall under the command of Naval Sea Systems Command.|In what year was the Naval Ordnance Systems Command disestablished?|st-multi-qa-minilm-l6-dot-v1|fp32|dot|25|True|11|False|-1
894|Q2906424|BuOrd was disestablished by Congress by an act of August 18, 1959 (73 Stat. 395), and its functions were transferred to the newly established Bureau of Naval Weapons.  BuAir merged with BuOrd to form BuWeps.  BuWeps, in turn, was disestablished in 1966 when the Navy overhauled its materiel organization, and was replaced with the Naval Ordnance Systems Command (NAVORD) and the Naval Air Systems Command (NAVAIR). Other systems commands at the time included the Naval Ship Systems Command (NAVSHIPS) and the Naval Electronics Systems Command (NAVELEX).  Ship and submarine ordnance functions fell under the new Naval Ordnance Systems Command while air ordnance stayed with the Naval Air Systems Command.  In July 1974, the Naval Ordnance Systems Command and Naval Ship Systems Command merged to form the Naval Sea Systems Command (NAVSEA).  Traditional Naval Ordnance functions are now conducted at the Naval Surface Warfare Centers which fall under the command of Naval Sea Systems Command.|In what year was the Naval Ordnance Systems Command disestablished?|st-multi-qa-minilm-l6-dot-v1|fp32|dot|50|True|11|False|-1
895|Q2906424|BuOrd was disestablished by Congress by an act of August 18, 1959 (73 Stat. 395), and its functions were transferred to the newly established Bureau of Naval Weapons.  BuAir merged with BuOrd to form BuWeps.  BuWeps, in turn, was disestablished in 1966 when the Navy overhauled its materiel organization, and was replaced with the Naval Ordnance Systems Command (NAVORD) and the Naval Air Systems Command (NAVAIR). Other systems commands at the time included the Naval Ship Systems Command (NAVSHIPS) and the Naval Electronics Systems Command (NAVELEX).  Ship and submarine ordnance functions fell under the new Naval Ordnance Systems Command while air ordnance stayed with the Naval Air Systems Command.  In July 1974, the Naval Ordnance Systems Command and Naval Ship Systems Command merged to form the Naval Sea Systems Command (NAVSEA).  Traditional Naval Ordnance functions are now conducted at the Naval Surface Warfare Centers which fall under the command of Naval Sea Systems Command.|In what year was the Naval Ordnance Systems Command disestablished?|st-multi-qa-minilm-l6-dot-v1|binary|hamming|5|False|-1|False|-1
896|Q2906424|BuOrd was disestablished by Congress by an act of August 18, 1959 (73 Stat. 395), and its functions were transferred to the newly established Bureau of Naval Weapons.  BuAir merged with BuOrd to form BuWeps.  BuWeps, in turn, was disestablished in 1966 when the Navy overhauled its materiel organization, and was replaced with the Naval Ordnance Systems Command (NAVORD) and the Naval Air Systems Command (NAVAIR). Other systems commands at the time included the Naval Ship Systems Command (NAVSHIPS) and the Naval Electronics Systems Command (NAVELEX).  Ship and submarine ordnance functions fell under the new Naval Ordnance Systems Command while air ordnance stayed with the Naval Air Systems Command.  In July 1974, the Naval Ordnance Systems Command and Naval Ship Systems Command merged to form the Naval Sea Systems Command (NAVSEA).  Traditional Naval Ordnance functions are now conducted at the Naval Surface Warfare Centers which fall under the command of Naval Sea Systems Command.|In what year was the Naval Ordnance Systems Command disestablished?|st-multi-qa-minilm-l6-dot-v1|binary|hamming|10|False|-1|False|-1
897|Q2906424|BuOrd was disestablished by Congress by an act of August 18, 1959 (73 Stat. 395), and its functions were transferred to the newly established Bureau of Naval Weapons.  BuAir merged with BuOrd to form BuWeps.  BuWeps, in turn, was disestablished in 1966 when the Navy overhauled its materiel organization, and was replaced with the Naval Ordnance Systems Command (NAVORD) and the Naval Air Systems Command (NAVAIR). Other systems commands at the time included the Naval Ship Systems Command (NAVSHIPS) and the Naval Electronics Systems Command (NAVELEX).  Ship and submarine ordnance functions fell under the new Naval Ordnance Systems Command while air ordnance stayed with the Naval Air Systems Command.  In July 1974, the Naval Ordnance Systems Command and Naval Ship Systems Command merged to form the Naval Sea Systems Command (NAVSEA).  Traditional Naval Ordnance functions are now conducted at the Naval Surface Warfare Centers which fall under the command of Naval Sea Systems Command.|In what year was the Naval Ordnance Systems Command disestablished?|st-multi-qa-minilm-l6-dot-v1|binary|hamming|20|False|-1|False|-1
898|Q2906424|BuOrd was disestablished by Congress by an act of August 18, 1959 (73 Stat. 395), and its functions were transferred to the newly established Bureau of Naval Weapons.  BuAir merged with BuOrd to form BuWeps.  BuWeps, in turn, was disestablished in 1966 when the Navy overhauled its materiel organization, and was replaced with the Naval Ordnance Systems Command (NAVORD) and the Naval Air Systems Command (NAVAIR). Other systems commands at the time included the Naval Ship Systems Command (NAVSHIPS) and the Naval Electronics Systems Command (NAVELEX).  Ship and submarine ordnance functions fell under the new Naval Ordnance Systems Command while air ordnance stayed with the Naval Air Systems Command.  In July 1974, the Naval Ordnance Systems Command and Naval Ship Systems Command merged to form the Naval Sea Systems Command (NAVSEA).  Traditional Naval Ordnance functions are now conducted at the Naval Surface Warfare Centers which fall under the command of Naval Sea Systems Command.|In what year was the Naval Ordnance Systems Command disestablished?|st-multi-qa-minilm-l6-dot-v1|binary|hamming|25|False|-1|False|-1
899|Q2906424|BuOrd was disestablished by Congress by an act of August 18, 1959 (73 Stat. 395), and its functions were transferred to the newly established Bureau of Naval Weapons.  BuAir merged with BuOrd to form BuWeps.  BuWeps, in turn, was disestablished in 1966 when the Navy overhauled its materiel organization, and was replaced with the Naval Ordnance Systems Command (NAVORD) and the Naval Air Systems Command (NAVAIR). Other systems commands at the time included the Naval Ship Systems Command (NAVSHIPS) and the Naval Electronics Systems Command (NAVELEX).  Ship and submarine ordnance functions fell under the new Naval Ordnance Systems Command while air ordnance stayed with the Naval Air Systems Command.  In July 1974, the Naval Ordnance Systems Command and Naval Ship Systems Command merged to form the Naval Sea Systems Command (NAVSEA).  Traditional Naval Ordnance functions are now conducted at the Naval Surface Warfare Centers which fall under the command of Naval Sea Systems Command.|In what year was the Naval Ordnance Systems Command disestablished?|st-multi-qa-minilm-l6-dot-v1|binary|hamming|50|False|-1|False|-1
900|Q2906424|BuOrd was disestablished by Congress by an act of August 18, 1959 (73 Stat. 395), and its functions were transferred to the newly established Bureau of Naval Weapons.  BuAir merged with BuOrd to form BuWeps.  BuWeps, in turn, was disestablished in 1966 when the Navy overhauled its materiel organization, and was replaced with the Naval Ordnance Systems Command (NAVORD) and the Naval Air Systems Command (NAVAIR). Other systems commands at the time included the Naval Ship Systems Command (NAVSHIPS) and the Naval Electronics Systems Command (NAVELEX).  Ship and submarine ordnance functions fell under the new Naval Ordnance Systems Command while air ordnance stayed with the Naval Air Systems Command.  In July 1974, the Naval Ordnance Systems Command and Naval Ship Systems Command merged to form the Naval Sea Systems Command (NAVSEA).  Traditional Naval Ordnance functions are now conducted at the Naval Surface Warfare Centers which fall under the command of Naval Sea Systems Command.|In what year was the Naval Ordnance Systems Command disestablished?|st-paraphrase-minilm-l12-v2|fp32|l2|5|False|-1|False|-1
901|Q2906424|BuOrd was disestablished by Congress by an act of August 18, 1959 (73 Stat. 395), and its functions were transferred to the newly established Bureau of Naval Weapons.  BuAir merged with BuOrd to form BuWeps.  BuWeps, in turn, was disestablished in 1966 when the Navy overhauled its materiel organization, and was replaced with the Naval Ordnance Systems Command (NAVORD) and the Naval Air Systems Command (NAVAIR). Other systems commands at the time included the Naval Ship Systems Command (NAVSHIPS) and the Naval Electronics Systems Command (NAVELEX).  Ship and submarine ordnance functions fell under the new Naval Ordnance Systems Command while air ordnance stayed with the Naval Air Systems Command.  In July 1974, the Naval Ordnance Systems Command and Naval Ship Systems Command merged to form the Naval Sea Systems Command (NAVSEA).  Traditional Naval Ordnance functions are now conducted at the Naval Surface Warfare Centers which fall under the command of Naval Sea Systems Command.|In what year was the Naval Ordnance Systems Command disestablished?|st-paraphrase-minilm-l12-v2|fp32|l2|10|False|-1|False|-1
902|Q2906424|BuOrd was disestablished by Congress by an act of August 18, 1959 (73 Stat. 395), and its functions were transferred to the newly established Bureau of Naval Weapons.  BuAir merged with BuOrd to form BuWeps.  BuWeps, in turn, was disestablished in 1966 when the Navy overhauled its materiel organization, and was replaced with the Naval Ordnance Systems Command (NAVORD) and the Naval Air Systems Command (NAVAIR). Other systems commands at the time included the Naval Ship Systems Command (NAVSHIPS) and the Naval Electronics Systems Command (NAVELEX).  Ship and submarine ordnance functions fell under the new Naval Ordnance Systems Command while air ordnance stayed with the Naval Air Systems Command.  In July 1974, the Naval Ordnance Systems Command and Naval Ship Systems Command merged to form the Naval Sea Systems Command (NAVSEA).  Traditional Naval Ordnance functions are now conducted at the Naval Surface Warfare Centers which fall under the command of Naval Sea Systems Command.|In what year was the Naval Ordnance Systems Command disestablished?|st-paraphrase-minilm-l12-v2|fp32|l2|20|False|-1|False|-1
903|Q2906424|BuOrd was disestablished by Congress by an act of August 18, 1959 (73 Stat. 395), and its functions were transferred to the newly established Bureau of Naval Weapons.  BuAir merged with BuOrd to form BuWeps.  BuWeps, in turn, was disestablished in 1966 when the Navy overhauled its materiel organization, and was replaced with the Naval Ordnance Systems Command (NAVORD) and the Naval Air Systems Command (NAVAIR). Other systems commands at the time included the Naval Ship Systems Command (NAVSHIPS) and the Naval Electronics Systems Command (NAVELEX).  Ship and submarine ordnance functions fell under the new Naval Ordnance Systems Command while air ordnance stayed with the Naval Air Systems Command.  In July 1974, the Naval Ordnance Systems Command and Naval Ship Systems Command merged to form the Naval Sea Systems Command (NAVSEA).  Traditional Naval Ordnance functions are now conducted at the Naval Surface Warfare Centers which fall under the command of Naval Sea Systems Command.|In what year was the Naval Ordnance Systems Command disestablished?|st-paraphrase-minilm-l12-v2|fp32|l2|25|False|-1|False|-1
904|Q2906424|BuOrd was disestablished by Congress by an act of August 18, 1959 (73 Stat. 395), and its functions were transferred to the newly established Bureau of Naval Weapons.  BuAir merged with BuOrd to form BuWeps.  BuWeps, in turn, was disestablished in 1966 when the Navy overhauled its materiel organization, and was replaced with the Naval Ordnance Systems Command (NAVORD) and the Naval Air Systems Command (NAVAIR). Other systems commands at the time included the Naval Ship Systems Command (NAVSHIPS) and the Naval Electronics Systems Command (NAVELEX).  Ship and submarine ordnance functions fell under the new Naval Ordnance Systems Command while air ordnance stayed with the Naval Air Systems Command.  In July 1974, the Naval Ordnance Systems Command and Naval Ship Systems Command merged to form the Naval Sea Systems Command (NAVSEA).  Traditional Naval Ordnance functions are now conducted at the Naval Surface Warfare Centers which fall under the command of Naval Sea Systems Command.|In what year was the Naval Ordnance Systems Command disestablished?|st-paraphrase-minilm-l12-v2|fp32|l2|50|False|-1|False|-1
905|Q2906424|BuOrd was disestablished by Congress by an act of August 18, 1959 (73 Stat. 395), and its functions were transferred to the newly established Bureau of Naval Weapons.  BuAir merged with BuOrd to form BuWeps.  BuWeps, in turn, was disestablished in 1966 when the Navy overhauled its materiel organization, and was replaced with the Naval Ordnance Systems Command (NAVORD) and the Naval Air Systems Command (NAVAIR). Other systems commands at the time included the Naval Ship Systems Command (NAVSHIPS) and the Naval Electronics Systems Command (NAVELEX).  Ship and submarine ordnance functions fell under the new Naval Ordnance Systems Command while air ordnance stayed with the Naval Air Systems Command.  In July 1974, the Naval Ordnance Systems Command and Naval Ship Systems Command merged to form the Naval Sea Systems Command (NAVSEA).  Traditional Naval Ordnance functions are now conducted at the Naval Surface Warfare Centers which fall under the command of Naval Sea Systems Command.|In what year was the Naval Ordnance Systems Command disestablished?|st-paraphrase-minilm-l12-v2|fp32|cosine|5|False|-1|False|-1
906|Q2906424|BuOrd was disestablished by Congress by an act of August 18, 1959 (73 Stat. 395), and its functions were transferred to the newly established Bureau of Naval Weapons.  BuAir merged with BuOrd to form BuWeps.  BuWeps, in turn, was disestablished in 1966 when the Navy overhauled its materiel organization, and was replaced with the Naval Ordnance Systems Command (NAVORD) and the Naval Air Systems Command (NAVAIR). Other systems commands at the time included the Naval Ship Systems Command (NAVSHIPS) and the Naval Electronics Systems Command (NAVELEX).  Ship and submarine ordnance functions fell under the new Naval Ordnance Systems Command while air ordnance stayed with the Naval Air Systems Command.  In July 1974, the Naval Ordnance Systems Command and Naval Ship Systems Command merged to form the Naval Sea Systems Command (NAVSEA).  Traditional Naval Ordnance functions are now conducted at the Naval Surface Warfare Centers which fall under the command of Naval Sea Systems Command.|In what year was the Naval Ordnance Systems Command disestablished?|st-paraphrase-minilm-l12-v2|fp32|cosine|10|False|-1|False|-1
907|Q2906424|BuOrd was disestablished by Congress by an act of August 18, 1959 (73 Stat. 395), and its functions were transferred to the newly established Bureau of Naval Weapons.  BuAir merged with BuOrd to form BuWeps.  BuWeps, in turn, was disestablished in 1966 when the Navy overhauled its materiel organization, and was replaced with the Naval Ordnance Systems Command (NAVORD) and the Naval Air Systems Command (NAVAIR). Other systems commands at the time included the Naval Ship Systems Command (NAVSHIPS) and the Naval Electronics Systems Command (NAVELEX).  Ship and submarine ordnance functions fell under the new Naval Ordnance Systems Command while air ordnance stayed with the Naval Air Systems Command.  In July 1974, the Naval Ordnance Systems Command and Naval Ship Systems Command merged to form the Naval Sea Systems Command (NAVSEA).  Traditional Naval Ordnance functions are now conducted at the Naval Surface Warfare Centers which fall under the command of Naval Sea Systems Command.|In what year was the Naval Ordnance Systems Command disestablished?|st-paraphrase-minilm-l12-v2|fp32|cosine|20|False|-1|False|-1
908|Q2906424|BuOrd was disestablished by Congress by an act of August 18, 1959 (73 Stat. 395), and its functions were transferred to the newly established Bureau of Naval Weapons.  BuAir merged with BuOrd to form BuWeps.  BuWeps, in turn, was disestablished in 1966 when the Navy overhauled its materiel organization, and was replaced with the Naval Ordnance Systems Command (NAVORD) and the Naval Air Systems Command (NAVAIR). Other systems commands at the time included the Naval Ship Systems Command (NAVSHIPS) and the Naval Electronics Systems Command (NAVELEX).  Ship and submarine ordnance functions fell under the new Naval Ordnance Systems Command while air ordnance stayed with the Naval Air Systems Command.  In July 1974, the Naval Ordnance Systems Command and Naval Ship Systems Command merged to form the Naval Sea Systems Command (NAVSEA).  Traditional Naval Ordnance functions are now conducted at the Naval Surface Warfare Centers which fall under the command of Naval Sea Systems Command.|In what year was the Naval Ordnance Systems Command disestablished?|st-paraphrase-minilm-l12-v2|fp32|cosine|25|False|-1|False|-1
909|Q2906424|BuOrd was disestablished by Congress by an act of August 18, 1959 (73 Stat. 395), and its functions were transferred to the newly established Bureau of Naval Weapons.  BuAir merged with BuOrd to form BuWeps.  BuWeps, in turn, was disestablished in 1966 when the Navy overhauled its materiel organization, and was replaced with the Naval Ordnance Systems Command (NAVORD) and the Naval Air Systems Command (NAVAIR). Other systems commands at the time included the Naval Ship Systems Command (NAVSHIPS) and the Naval Electronics Systems Command (NAVELEX).  Ship and submarine ordnance functions fell under the new Naval Ordnance Systems Command while air ordnance stayed with the Naval Air Systems Command.  In July 1974, the Naval Ordnance Systems Command and Naval Ship Systems Command merged to form the Naval Sea Systems Command (NAVSEA).  Traditional Naval Ordnance functions are now conducted at the Naval Surface Warfare Centers which fall under the command of Naval Sea Systems Command.|In what year was the Naval Ordnance Systems Command disestablished?|st-paraphrase-minilm-l12-v2|fp32|cosine|50|False|-1|False|-1
910|Q2906424|BuOrd was disestablished by Congress by an act of August 18, 1959 (73 Stat. 395), and its functions were transferred to the newly established Bureau of Naval Weapons.  BuAir merged with BuOrd to form BuWeps.  BuWeps, in turn, was disestablished in 1966 when the Navy overhauled its materiel organization, and was replaced with the Naval Ordnance Systems Command (NAVORD) and the Naval Air Systems Command (NAVAIR). Other systems commands at the time included the Naval Ship Systems Command (NAVSHIPS) and the Naval Electronics Systems Command (NAVELEX).  Ship and submarine ordnance functions fell under the new Naval Ordnance Systems Command while air ordnance stayed with the Naval Air Systems Command.  In July 1974, the Naval Ordnance Systems Command and Naval Ship Systems Command merged to form the Naval Sea Systems Command (NAVSEA).  Traditional Naval Ordnance functions are now conducted at the Naval Surface Warfare Centers which fall under the command of Naval Sea Systems Command.|In what year was the Naval Ordnance Systems Command disestablished?|st-paraphrase-minilm-l12-v2|fp32|dot|5|False|-1|False|-1
911|Q2906424|BuOrd was disestablished by Congress by an act of August 18, 1959 (73 Stat. 395), and its functions were transferred to the newly established Bureau of Naval Weapons.  BuAir merged with BuOrd to form BuWeps.  BuWeps, in turn, was disestablished in 1966 when the Navy overhauled its materiel organization, and was replaced with the Naval Ordnance Systems Command (NAVORD) and the Naval Air Systems Command (NAVAIR). Other systems commands at the time included the Naval Ship Systems Command (NAVSHIPS) and the Naval Electronics Systems Command (NAVELEX).  Ship and submarine ordnance functions fell under the new Naval Ordnance Systems Command while air ordnance stayed with the Naval Air Systems Command.  In July 1974, the Naval Ordnance Systems Command and Naval Ship Systems Command merged to form the Naval Sea Systems Command (NAVSEA).  Traditional Naval Ordnance functions are now conducted at the Naval Surface Warfare Centers which fall under the command of Naval Sea Systems Command.|In what year was the Naval Ordnance Systems Command disestablished?|st-paraphrase-minilm-l12-v2|fp32|dot|10|False|-1|False|-1
912|Q2906424|BuOrd was disestablished by Congress by an act of August 18, 1959 (73 Stat. 395), and its functions were transferred to the newly established Bureau of Naval Weapons.  BuAir merged with BuOrd to form BuWeps.  BuWeps, in turn, was disestablished in 1966 when the Navy overhauled its materiel organization, and was replaced with the Naval Ordnance Systems Command (NAVORD) and the Naval Air Systems Command (NAVAIR). Other systems commands at the time included the Naval Ship Systems Command (NAVSHIPS) and the Naval Electronics Systems Command (NAVELEX).  Ship and submarine ordnance functions fell under the new Naval Ordnance Systems Command while air ordnance stayed with the Naval Air Systems Command.  In July 1974, the Naval Ordnance Systems Command and Naval Ship Systems Command merged to form the Naval Sea Systems Command (NAVSEA).  Traditional Naval Ordnance functions are now conducted at the Naval Surface Warfare Centers which fall under the command of Naval Sea Systems Command.|In what year was the Naval Ordnance Systems Command disestablished?|st-paraphrase-minilm-l12-v2|fp32|dot|20|True|18|False|-1
913|Q2906424|BuOrd was disestablished by Congress by an act of August 18, 1959 (73 Stat. 395), and its functions were transferred to the newly established Bureau of Naval Weapons.  BuAir merged with BuOrd to form BuWeps.  BuWeps, in turn, was disestablished in 1966 when the Navy overhauled its materiel organization, and was replaced with the Naval Ordnance Systems Command (NAVORD) and the Naval Air Systems Command (NAVAIR). Other systems commands at the time included the Naval Ship Systems Command (NAVSHIPS) and the Naval Electronics Systems Command (NAVELEX).  Ship and submarine ordnance functions fell under the new Naval Ordnance Systems Command while air ordnance stayed with the Naval Air Systems Command.  In July 1974, the Naval Ordnance Systems Command and Naval Ship Systems Command merged to form the Naval Sea Systems Command (NAVSEA).  Traditional Naval Ordnance functions are now conducted at the Naval Surface Warfare Centers which fall under the command of Naval Sea Systems Command.|In what year was the Naval Ordnance Systems Command disestablished?|st-paraphrase-minilm-l12-v2|fp32|dot|25|True|18|False|-1
914|Q2906424|BuOrd was disestablished by Congress by an act of August 18, 1959 (73 Stat. 395), and its functions were transferred to the newly established Bureau of Naval Weapons.  BuAir merged with BuOrd to form BuWeps.  BuWeps, in turn, was disestablished in 1966 when the Navy overhauled its materiel organization, and was replaced with the Naval Ordnance Systems Command (NAVORD) and the Naval Air Systems Command (NAVAIR). Other systems commands at the time included the Naval Ship Systems Command (NAVSHIPS) and the Naval Electronics Systems Command (NAVELEX).  Ship and submarine ordnance functions fell under the new Naval Ordnance Systems Command while air ordnance stayed with the Naval Air Systems Command.  In July 1974, the Naval Ordnance Systems Command and Naval Ship Systems Command merged to form the Naval Sea Systems Command (NAVSEA).  Traditional Naval Ordnance functions are now conducted at the Naval Surface Warfare Centers which fall under the command of Naval Sea Systems Command.|In what year was the Naval Ordnance Systems Command disestablished?|st-paraphrase-minilm-l12-v2|fp32|dot|50|True|18|False|-1
915|Q2906424|BuOrd was disestablished by Congress by an act of August 18, 1959 (73 Stat. 395), and its functions were transferred to the newly established Bureau of Naval Weapons.  BuAir merged with BuOrd to form BuWeps.  BuWeps, in turn, was disestablished in 1966 when the Navy overhauled its materiel organization, and was replaced with the Naval Ordnance Systems Command (NAVORD) and the Naval Air Systems Command (NAVAIR). Other systems commands at the time included the Naval Ship Systems Command (NAVSHIPS) and the Naval Electronics Systems Command (NAVELEX).  Ship and submarine ordnance functions fell under the new Naval Ordnance Systems Command while air ordnance stayed with the Naval Air Systems Command.  In July 1974, the Naval Ordnance Systems Command and Naval Ship Systems Command merged to form the Naval Sea Systems Command (NAVSEA).  Traditional Naval Ordnance functions are now conducted at the Naval Surface Warfare Centers which fall under the command of Naval Sea Systems Command.|In what year was the Naval Ordnance Systems Command disestablished?|st-paraphrase-minilm-l12-v2|binary|hamming|5|True|1|True|1
916|Q2906424|BuOrd was disestablished by Congress by an act of August 18, 1959 (73 Stat. 395), and its functions were transferred to the newly established Bureau of Naval Weapons.  BuAir merged with BuOrd to form BuWeps.  BuWeps, in turn, was disestablished in 1966 when the Navy overhauled its materiel organization, and was replaced with the Naval Ordnance Systems Command (NAVORD) and the Naval Air Systems Command (NAVAIR). Other systems commands at the time included the Naval Ship Systems Command (NAVSHIPS) and the Naval Electronics Systems Command (NAVELEX).  Ship and submarine ordnance functions fell under the new Naval Ordnance Systems Command while air ordnance stayed with the Naval Air Systems Command.  In July 1974, the Naval Ordnance Systems Command and Naval Ship Systems Command merged to form the Naval Sea Systems Command (NAVSEA).  Traditional Naval Ordnance functions are now conducted at the Naval Surface Warfare Centers which fall under the command of Naval Sea Systems Command.|In what year was the Naval Ordnance Systems Command disestablished?|st-paraphrase-minilm-l12-v2|binary|hamming|10|True|1|True|1
917|Q2906424|BuOrd was disestablished by Congress by an act of August 18, 1959 (73 Stat. 395), and its functions were transferred to the newly established Bureau of Naval Weapons.  BuAir merged with BuOrd to form BuWeps.  BuWeps, in turn, was disestablished in 1966 when the Navy overhauled its materiel organization, and was replaced with the Naval Ordnance Systems Command (NAVORD) and the Naval Air Systems Command (NAVAIR). Other systems commands at the time included the Naval Ship Systems Command (NAVSHIPS) and the Naval Electronics Systems Command (NAVELEX).  Ship and submarine ordnance functions fell under the new Naval Ordnance Systems Command while air ordnance stayed with the Naval Air Systems Command.  In July 1974, the Naval Ordnance Systems Command and Naval Ship Systems Command merged to form the Naval Sea Systems Command (NAVSEA).  Traditional Naval Ordnance functions are now conducted at the Naval Surface Warfare Centers which fall under the command of Naval Sea Systems Command.|In what year was the Naval Ordnance Systems Command disestablished?|st-paraphrase-minilm-l12-v2|binary|hamming|20|True|1|True|1
918|Q2906424|BuOrd was disestablished by Congress by an act of August 18, 1959 (73 Stat. 395), and its functions were transferred to the newly established Bureau of Naval Weapons.  BuAir merged with BuOrd to form BuWeps.  BuWeps, in turn, was disestablished in 1966 when the Navy overhauled its materiel organization, and was replaced with the Naval Ordnance Systems Command (NAVORD) and the Naval Air Systems Command (NAVAIR). Other systems commands at the time included the Naval Ship Systems Command (NAVSHIPS) and the Naval Electronics Systems Command (NAVELEX).  Ship and submarine ordnance functions fell under the new Naval Ordnance Systems Command while air ordnance stayed with the Naval Air Systems Command.  In July 1974, the Naval Ordnance Systems Command and Naval Ship Systems Command merged to form the Naval Sea Systems Command (NAVSEA).  Traditional Naval Ordnance functions are now conducted at the Naval Surface Warfare Centers which fall under the command of Naval Sea Systems Command.|In what year was the Naval Ordnance Systems Command disestablished?|st-paraphrase-minilm-l12-v2|binary|hamming|25|True|1|True|1
919|Q2906424|BuOrd was disestablished by Congress by an act of August 18, 1959 (73 Stat. 395), and its functions were transferred to the newly established Bureau of Naval Weapons.  BuAir merged with BuOrd to form BuWeps.  BuWeps, in turn, was disestablished in 1966 when the Navy overhauled its materiel organization, and was replaced with the Naval Ordnance Systems Command (NAVORD) and the Naval Air Systems Command (NAVAIR). Other systems commands at the time included the Naval Ship Systems Command (NAVSHIPS) and the Naval Electronics Systems Command (NAVELEX).  Ship and submarine ordnance functions fell under the new Naval Ordnance Systems Command while air ordnance stayed with the Naval Air Systems Command.  In July 1974, the Naval Ordnance Systems Command and Naval Ship Systems Command merged to form the Naval Sea Systems Command (NAVSEA).  Traditional Naval Ordnance functions are now conducted at the Naval Surface Warfare Centers which fall under the command of Naval Sea Systems Command.|In what year was the Naval Ordnance Systems Command disestablished?|st-paraphrase-minilm-l12-v2|binary|hamming|50|True|1|True|1
920|Q2906424|BuOrd was disestablished by Congress by an act of August 18, 1959 (73 Stat. 395), and its functions were transferred to the newly established Bureau of Naval Weapons.  BuAir merged with BuOrd to form BuWeps.  BuWeps, in turn, was disestablished in 1966 when the Navy overhauled its materiel organization, and was replaced with the Naval Ordnance Systems Command (NAVORD) and the Naval Air Systems Command (NAVAIR). Other systems commands at the time included the Naval Ship Systems Command (NAVSHIPS) and the Naval Electronics Systems Command (NAVELEX).  Ship and submarine ordnance functions fell under the new Naval Ordnance Systems Command while air ordnance stayed with the Naval Air Systems Command.  In July 1974, the Naval Ordnance Systems Command and Naval Ship Systems Command merged to form the Naval Sea Systems Command (NAVSEA).  Traditional Naval Ordnance functions are now conducted at the Naval Surface Warfare Centers which fall under the command of Naval Sea Systems Command.|In what year was the Naval Ordnance Systems Command disestablished?|st-paraphrase-minilm-l3-v2|fp32|l2|5|True|0|False|-1
921|Q2906424|BuOrd was disestablished by Congress by an act of August 18, 1959 (73 Stat. 395), and its functions were transferred to the newly established Bureau of Naval Weapons.  BuAir merged with BuOrd to form BuWeps.  BuWeps, in turn, was disestablished in 1966 when the Navy overhauled its materiel organization, and was replaced with the Naval Ordnance Systems Command (NAVORD) and the Naval Air Systems Command (NAVAIR). Other systems commands at the time included the Naval Ship Systems Command (NAVSHIPS) and the Naval Electronics Systems Command (NAVELEX).  Ship and submarine ordnance functions fell under the new Naval Ordnance Systems Command while air ordnance stayed with the Naval Air Systems Command.  In July 1974, the Naval Ordnance Systems Command and Naval Ship Systems Command merged to form the Naval Sea Systems Command (NAVSEA).  Traditional Naval Ordnance functions are now conducted at the Naval Surface Warfare Centers which fall under the command of Naval Sea Systems Command.|In what year was the Naval Ordnance Systems Command disestablished?|st-paraphrase-minilm-l3-v2|fp32|l2|10|True|0|False|-1
922|Q2906424|BuOrd was disestablished by Congress by an act of August 18, 1959 (73 Stat. 395), and its functions were transferred to the newly established Bureau of Naval Weapons.  BuAir merged with BuOrd to form BuWeps.  BuWeps, in turn, was disestablished in 1966 when the Navy overhauled its materiel organization, and was replaced with the Naval Ordnance Systems Command (NAVORD) and the Naval Air Systems Command (NAVAIR). Other systems commands at the time included the Naval Ship Systems Command (NAVSHIPS) and the Naval Electronics Systems Command (NAVELEX).  Ship and submarine ordnance functions fell under the new Naval Ordnance Systems Command while air ordnance stayed with the Naval Air Systems Command.  In July 1974, the Naval Ordnance Systems Command and Naval Ship Systems Command merged to form the Naval Sea Systems Command (NAVSEA).  Traditional Naval Ordnance functions are now conducted at the Naval Surface Warfare Centers which fall under the command of Naval Sea Systems Command.|In what year was the Naval Ordnance Systems Command disestablished?|st-paraphrase-minilm-l3-v2|fp32|l2|20|True|0|False|-1
923|Q2906424|BuOrd was disestablished by Congress by an act of August 18, 1959 (73 Stat. 395), and its functions were transferred to the newly established Bureau of Naval Weapons.  BuAir merged with BuOrd to form BuWeps.  BuWeps, in turn, was disestablished in 1966 when the Navy overhauled its materiel organization, and was replaced with the Naval Ordnance Systems Command (NAVORD) and the Naval Air Systems Command (NAVAIR). Other systems commands at the time included the Naval Ship Systems Command (NAVSHIPS) and the Naval Electronics Systems Command (NAVELEX).  Ship and submarine ordnance functions fell under the new Naval Ordnance Systems Command while air ordnance stayed with the Naval Air Systems Command.  In July 1974, the Naval Ordnance Systems Command and Naval Ship Systems Command merged to form the Naval Sea Systems Command (NAVSEA).  Traditional Naval Ordnance functions are now conducted at the Naval Surface Warfare Centers which fall under the command of Naval Sea Systems Command.|In what year was the Naval Ordnance Systems Command disestablished?|st-paraphrase-minilm-l3-v2|fp32|l2|25|True|0|False|-1
924|Q2906424|BuOrd was disestablished by Congress by an act of August 18, 1959 (73 Stat. 395), and its functions were transferred to the newly established Bureau of Naval Weapons.  BuAir merged with BuOrd to form BuWeps.  BuWeps, in turn, was disestablished in 1966 when the Navy overhauled its materiel organization, and was replaced with the Naval Ordnance Systems Command (NAVORD) and the Naval Air Systems Command (NAVAIR). Other systems commands at the time included the Naval Ship Systems Command (NAVSHIPS) and the Naval Electronics Systems Command (NAVELEX).  Ship and submarine ordnance functions fell under the new Naval Ordnance Systems Command while air ordnance stayed with the Naval Air Systems Command.  In July 1974, the Naval Ordnance Systems Command and Naval Ship Systems Command merged to form the Naval Sea Systems Command (NAVSEA).  Traditional Naval Ordnance functions are now conducted at the Naval Surface Warfare Centers which fall under the command of Naval Sea Systems Command.|In what year was the Naval Ordnance Systems Command disestablished?|st-paraphrase-minilm-l3-v2|fp32|l2|50|True|0|False|-1
925|Q2906424|BuOrd was disestablished by Congress by an act of August 18, 1959 (73 Stat. 395), and its functions were transferred to the newly established Bureau of Naval Weapons.  BuAir merged with BuOrd to form BuWeps.  BuWeps, in turn, was disestablished in 1966 when the Navy overhauled its materiel organization, and was replaced with the Naval Ordnance Systems Command (NAVORD) and the Naval Air Systems Command (NAVAIR). Other systems commands at the time included the Naval Ship Systems Command (NAVSHIPS) and the Naval Electronics Systems Command (NAVELEX).  Ship and submarine ordnance functions fell under the new Naval Ordnance Systems Command while air ordnance stayed with the Naval Air Systems Command.  In July 1974, the Naval Ordnance Systems Command and Naval Ship Systems Command merged to form the Naval Sea Systems Command (NAVSEA).  Traditional Naval Ordnance functions are now conducted at the Naval Surface Warfare Centers which fall under the command of Naval Sea Systems Command.|In what year was the Naval Ordnance Systems Command disestablished?|st-paraphrase-minilm-l3-v2|fp32|cosine|5|True|0|False|-1
926|Q2906424|BuOrd was disestablished by Congress by an act of August 18, 1959 (73 Stat. 395), and its functions were transferred to the newly established Bureau of Naval Weapons.  BuAir merged with BuOrd to form BuWeps.  BuWeps, in turn, was disestablished in 1966 when the Navy overhauled its materiel organization, and was replaced with the Naval Ordnance Systems Command (NAVORD) and the Naval Air Systems Command (NAVAIR). Other systems commands at the time included the Naval Ship Systems Command (NAVSHIPS) and the Naval Electronics Systems Command (NAVELEX).  Ship and submarine ordnance functions fell under the new Naval Ordnance Systems Command while air ordnance stayed with the Naval Air Systems Command.  In July 1974, the Naval Ordnance Systems Command and Naval Ship Systems Command merged to form the Naval Sea Systems Command (NAVSEA).  Traditional Naval Ordnance functions are now conducted at the Naval Surface Warfare Centers which fall under the command of Naval Sea Systems Command.|In what year was the Naval Ordnance Systems Command disestablished?|st-paraphrase-minilm-l3-v2|fp32|cosine|10|True|0|False|-1
927|Q2906424|BuOrd was disestablished by Congress by an act of August 18, 1959 (73 Stat. 395), and its functions were transferred to the newly established Bureau of Naval Weapons.  BuAir merged with BuOrd to form BuWeps.  BuWeps, in turn, was disestablished in 1966 when the Navy overhauled its materiel organization, and was replaced with the Naval Ordnance Systems Command (NAVORD) and the Naval Air Systems Command (NAVAIR). Other systems commands at the time included the Naval Ship Systems Command (NAVSHIPS) and the Naval Electronics Systems Command (NAVELEX).  Ship and submarine ordnance functions fell under the new Naval Ordnance Systems Command while air ordnance stayed with the Naval Air Systems Command.  In July 1974, the Naval Ordnance Systems Command and Naval Ship Systems Command merged to form the Naval Sea Systems Command (NAVSEA).  Traditional Naval Ordnance functions are now conducted at the Naval Surface Warfare Centers which fall under the command of Naval Sea Systems Command.|In what year was the Naval Ordnance Systems Command disestablished?|st-paraphrase-minilm-l3-v2|fp32|cosine|20|True|0|False|-1
928|Q2906424|BuOrd was disestablished by Congress by an act of August 18, 1959 (73 Stat. 395), and its functions were transferred to the newly established Bureau of Naval Weapons.  BuAir merged with BuOrd to form BuWeps.  BuWeps, in turn, was disestablished in 1966 when the Navy overhauled its materiel organization, and was replaced with the Naval Ordnance Systems Command (NAVORD) and the Naval Air Systems Command (NAVAIR). Other systems commands at the time included the Naval Ship Systems Command (NAVSHIPS) and the Naval Electronics Systems Command (NAVELEX).  Ship and submarine ordnance functions fell under the new Naval Ordnance Systems Command while air ordnance stayed with the Naval Air Systems Command.  In July 1974, the Naval Ordnance Systems Command and Naval Ship Systems Command merged to form the Naval Sea Systems Command (NAVSEA).  Traditional Naval Ordnance functions are now conducted at the Naval Surface Warfare Centers which fall under the command of Naval Sea Systems Command.|In what year was the Naval Ordnance Systems Command disestablished?|st-paraphrase-minilm-l3-v2|fp32|cosine|25|True|0|False|-1
929|Q2906424|BuOrd was disestablished by Congress by an act of August 18, 1959 (73 Stat. 395), and its functions were transferred to the newly established Bureau of Naval Weapons.  BuAir merged with BuOrd to form BuWeps.  BuWeps, in turn, was disestablished in 1966 when the Navy overhauled its materiel organization, and was replaced with the Naval Ordnance Systems Command (NAVORD) and the Naval Air Systems Command (NAVAIR). Other systems commands at the time included the Naval Ship Systems Command (NAVSHIPS) and the Naval Electronics Systems Command (NAVELEX).  Ship and submarine ordnance functions fell under the new Naval Ordnance Systems Command while air ordnance stayed with the Naval Air Systems Command.  In July 1974, the Naval Ordnance Systems Command and Naval Ship Systems Command merged to form the Naval Sea Systems Command (NAVSEA).  Traditional Naval Ordnance functions are now conducted at the Naval Surface Warfare Centers which fall under the command of Naval Sea Systems Command.|In what year was the Naval Ordnance Systems Command disestablished?|st-paraphrase-minilm-l3-v2|fp32|cosine|50|True|0|False|-1
930|Q2906424|BuOrd was disestablished by Congress by an act of August 18, 1959 (73 Stat. 395), and its functions were transferred to the newly established Bureau of Naval Weapons.  BuAir merged with BuOrd to form BuWeps.  BuWeps, in turn, was disestablished in 1966 when the Navy overhauled its materiel organization, and was replaced with the Naval Ordnance Systems Command (NAVORD) and the Naval Air Systems Command (NAVAIR). Other systems commands at the time included the Naval Ship Systems Command (NAVSHIPS) and the Naval Electronics Systems Command (NAVELEX).  Ship and submarine ordnance functions fell under the new Naval Ordnance Systems Command while air ordnance stayed with the Naval Air Systems Command.  In July 1974, the Naval Ordnance Systems Command and Naval Ship Systems Command merged to form the Naval Sea Systems Command (NAVSEA).  Traditional Naval Ordnance functions are now conducted at the Naval Surface Warfare Centers which fall under the command of Naval Sea Systems Command.|In what year was the Naval Ordnance Systems Command disestablished?|st-paraphrase-minilm-l3-v2|fp32|dot|5|True|0|False|-1
931|Q2906424|BuOrd was disestablished by Congress by an act of August 18, 1959 (73 Stat. 395), and its functions were transferred to the newly established Bureau of Naval Weapons.  BuAir merged with BuOrd to form BuWeps.  BuWeps, in turn, was disestablished in 1966 when the Navy overhauled its materiel organization, and was replaced with the Naval Ordnance Systems Command (NAVORD) and the Naval Air Systems Command (NAVAIR). Other systems commands at the time included the Naval Ship Systems Command (NAVSHIPS) and the Naval Electronics Systems Command (NAVELEX).  Ship and submarine ordnance functions fell under the new Naval Ordnance Systems Command while air ordnance stayed with the Naval Air Systems Command.  In July 1974, the Naval Ordnance Systems Command and Naval Ship Systems Command merged to form the Naval Sea Systems Command (NAVSEA).  Traditional Naval Ordnance functions are now conducted at the Naval Surface Warfare Centers which fall under the command of Naval Sea Systems Command.|In what year was the Naval Ordnance Systems Command disestablished?|st-paraphrase-minilm-l3-v2|fp32|dot|10|True|0|False|-1
932|Q2906424|BuOrd was disestablished by Congress by an act of August 18, 1959 (73 Stat. 395), and its functions were transferred to the newly established Bureau of Naval Weapons.  BuAir merged with BuOrd to form BuWeps.  BuWeps, in turn, was disestablished in 1966 when the Navy overhauled its materiel organization, and was replaced with the Naval Ordnance Systems Command (NAVORD) and the Naval Air Systems Command (NAVAIR). Other systems commands at the time included the Naval Ship Systems Command (NAVSHIPS) and the Naval Electronics Systems Command (NAVELEX).  Ship and submarine ordnance functions fell under the new Naval Ordnance Systems Command while air ordnance stayed with the Naval Air Systems Command.  In July 1974, the Naval Ordnance Systems Command and Naval Ship Systems Command merged to form the Naval Sea Systems Command (NAVSEA).  Traditional Naval Ordnance functions are now conducted at the Naval Surface Warfare Centers which fall under the command of Naval Sea Systems Command.|In what year was the Naval Ordnance Systems Command disestablished?|st-paraphrase-minilm-l3-v2|fp32|dot|20|True|0|False|-1
933|Q2906424|BuOrd was disestablished by Congress by an act of August 18, 1959 (73 Stat. 395), and its functions were transferred to the newly established Bureau of Naval Weapons.  BuAir merged with BuOrd to form BuWeps.  BuWeps, in turn, was disestablished in 1966 when the Navy overhauled its materiel organization, and was replaced with the Naval Ordnance Systems Command (NAVORD) and the Naval Air Systems Command (NAVAIR). Other systems commands at the time included the Naval Ship Systems Command (NAVSHIPS) and the Naval Electronics Systems Command (NAVELEX).  Ship and submarine ordnance functions fell under the new Naval Ordnance Systems Command while air ordnance stayed with the Naval Air Systems Command.  In July 1974, the Naval Ordnance Systems Command and Naval Ship Systems Command merged to form the Naval Sea Systems Command (NAVSEA).  Traditional Naval Ordnance functions are now conducted at the Naval Surface Warfare Centers which fall under the command of Naval Sea Systems Command.|In what year was the Naval Ordnance Systems Command disestablished?|st-paraphrase-minilm-l3-v2|fp32|dot|25|True|0|False|-1
934|Q2906424|BuOrd was disestablished by Congress by an act of August 18, 1959 (73 Stat. 395), and its functions were transferred to the newly established Bureau of Naval Weapons.  BuAir merged with BuOrd to form BuWeps.  BuWeps, in turn, was disestablished in 1966 when the Navy overhauled its materiel organization, and was replaced with the Naval Ordnance Systems Command (NAVORD) and the Naval Air Systems Command (NAVAIR). Other systems commands at the time included the Naval Ship Systems Command (NAVSHIPS) and the Naval Electronics Systems Command (NAVELEX).  Ship and submarine ordnance functions fell under the new Naval Ordnance Systems Command while air ordnance stayed with the Naval Air Systems Command.  In July 1974, the Naval Ordnance Systems Command and Naval Ship Systems Command merged to form the Naval Sea Systems Command (NAVSEA).  Traditional Naval Ordnance functions are now conducted at the Naval Surface Warfare Centers which fall under the command of Naval Sea Systems Command.|In what year was the Naval Ordnance Systems Command disestablished?|st-paraphrase-minilm-l3-v2|fp32|dot|50|True|0|False|-1
935|Q2906424|BuOrd was disestablished by Congress by an act of August 18, 1959 (73 Stat. 395), and its functions were transferred to the newly established Bureau of Naval Weapons.  BuAir merged with BuOrd to form BuWeps.  BuWeps, in turn, was disestablished in 1966 when the Navy overhauled its materiel organization, and was replaced with the Naval Ordnance Systems Command (NAVORD) and the Naval Air Systems Command (NAVAIR). Other systems commands at the time included the Naval Ship Systems Command (NAVSHIPS) and the Naval Electronics Systems Command (NAVELEX).  Ship and submarine ordnance functions fell under the new Naval Ordnance Systems Command while air ordnance stayed with the Naval Air Systems Command.  In July 1974, the Naval Ordnance Systems Command and Naval Ship Systems Command merged to form the Naval Sea Systems Command (NAVSEA).  Traditional Naval Ordnance functions are now conducted at the Naval Surface Warfare Centers which fall under the command of Naval Sea Systems Command.|In what year was the Naval Ordnance Systems Command disestablished?|st-paraphrase-minilm-l3-v2|binary|hamming|5|True|0|False|-1
936|Q2906424|BuOrd was disestablished by Congress by an act of August 18, 1959 (73 Stat. 395), and its functions were transferred to the newly established Bureau of Naval Weapons.  BuAir merged with BuOrd to form BuWeps.  BuWeps, in turn, was disestablished in 1966 when the Navy overhauled its materiel organization, and was replaced with the Naval Ordnance Systems Command (NAVORD) and the Naval Air Systems Command (NAVAIR). Other systems commands at the time included the Naval Ship Systems Command (NAVSHIPS) and the Naval Electronics Systems Command (NAVELEX).  Ship and submarine ordnance functions fell under the new Naval Ordnance Systems Command while air ordnance stayed with the Naval Air Systems Command.  In July 1974, the Naval Ordnance Systems Command and Naval Ship Systems Command merged to form the Naval Sea Systems Command (NAVSEA).  Traditional Naval Ordnance functions are now conducted at the Naval Surface Warfare Centers which fall under the command of Naval Sea Systems Command.|In what year was the Naval Ordnance Systems Command disestablished?|st-paraphrase-minilm-l3-v2|binary|hamming|10|True|0|False|-1
937|Q2906424|BuOrd was disestablished by Congress by an act of August 18, 1959 (73 Stat. 395), and its functions were transferred to the newly established Bureau of Naval Weapons.  BuAir merged with BuOrd to form BuWeps.  BuWeps, in turn, was disestablished in 1966 when the Navy overhauled its materiel organization, and was replaced with the Naval Ordnance Systems Command (NAVORD) and the Naval Air Systems Command (NAVAIR). Other systems commands at the time included the Naval Ship Systems Command (NAVSHIPS) and the Naval Electronics Systems Command (NAVELEX).  Ship and submarine ordnance functions fell under the new Naval Ordnance Systems Command while air ordnance stayed with the Naval Air Systems Command.  In July 1974, the Naval Ordnance Systems Command and Naval Ship Systems Command merged to form the Naval Sea Systems Command (NAVSEA).  Traditional Naval Ordnance functions are now conducted at the Naval Surface Warfare Centers which fall under the command of Naval Sea Systems Command.|In what year was the Naval Ordnance Systems Command disestablished?|st-paraphrase-minilm-l3-v2|binary|hamming|20|True|0|True|17
938|Q2906424|BuOrd was disestablished by Congress by an act of August 18, 1959 (73 Stat. 395), and its functions were transferred to the newly established Bureau of Naval Weapons.  BuAir merged with BuOrd to form BuWeps.  BuWeps, in turn, was disestablished in 1966 when the Navy overhauled its materiel organization, and was replaced with the Naval Ordnance Systems Command (NAVORD) and the Naval Air Systems Command (NAVAIR). Other systems commands at the time included the Naval Ship Systems Command (NAVSHIPS) and the Naval Electronics Systems Command (NAVELEX).  Ship and submarine ordnance functions fell under the new Naval Ordnance Systems Command while air ordnance stayed with the Naval Air Systems Command.  In July 1974, the Naval Ordnance Systems Command and Naval Ship Systems Command merged to form the Naval Sea Systems Command (NAVSEA).  Traditional Naval Ordnance functions are now conducted at the Naval Surface Warfare Centers which fall under the command of Naval Sea Systems Command.|In what year was the Naval Ordnance Systems Command disestablished?|st-paraphrase-minilm-l3-v2|binary|hamming|25|True|0|True|17
939|Q2906424|BuOrd was disestablished by Congress by an act of August 18, 1959 (73 Stat. 395), and its functions were transferred to the newly established Bureau of Naval Weapons.  BuAir merged with BuOrd to form BuWeps.  BuWeps, in turn, was disestablished in 1966 when the Navy overhauled its materiel organization, and was replaced with the Naval Ordnance Systems Command (NAVORD) and the Naval Air Systems Command (NAVAIR). Other systems commands at the time included the Naval Ship Systems Command (NAVSHIPS) and the Naval Electronics Systems Command (NAVELEX).  Ship and submarine ordnance functions fell under the new Naval Ordnance Systems Command while air ordnance stayed with the Naval Air Systems Command.  In July 1974, the Naval Ordnance Systems Command and Naval Ship Systems Command merged to form the Naval Sea Systems Command (NAVSEA).  Traditional Naval Ordnance functions are now conducted at the Naval Surface Warfare Centers which fall under the command of Naval Sea Systems Command.|In what year was the Naval Ordnance Systems Command disestablished?|st-paraphrase-minilm-l3-v2|binary|hamming|50|True|0|True|17
940|Q2906424|BuOrd was disestablished by Congress by an act of August 18, 1959 (73 Stat. 395), and its functions were transferred to the newly established Bureau of Naval Weapons.  BuAir merged with BuOrd to form BuWeps.  BuWeps, in turn, was disestablished in 1966 when the Navy overhauled its materiel organization, and was replaced with the Naval Ordnance Systems Command (NAVORD) and the Naval Air Systems Command (NAVAIR). Other systems commands at the time included the Naval Ship Systems Command (NAVSHIPS) and the Naval Electronics Systems Command (NAVELEX).  Ship and submarine ordnance functions fell under the new Naval Ordnance Systems Command while air ordnance stayed with the Naval Air Systems Command.  In July 1974, the Naval Ordnance Systems Command and Naval Ship Systems Command merged to form the Naval Sea Systems Command (NAVSEA).  Traditional Naval Ordnance functions are now conducted at the Naval Surface Warfare Centers which fall under the command of Naval Sea Systems Command.|In what year was the Naval Ordnance Systems Command disestablished?|st-paraphrase-minilm-l6-v2|fp32|l2|5|False|-1|False|-1
941|Q2906424|BuOrd was disestablished by Congress by an act of August 18, 1959 (73 Stat. 395), and its functions were transferred to the newly established Bureau of Naval Weapons.  BuAir merged with BuOrd to form BuWeps.  BuWeps, in turn, was disestablished in 1966 when the Navy overhauled its materiel organization, and was replaced with the Naval Ordnance Systems Command (NAVORD) and the Naval Air Systems Command (NAVAIR). Other systems commands at the time included the Naval Ship Systems Command (NAVSHIPS) and the Naval Electronics Systems Command (NAVELEX).  Ship and submarine ordnance functions fell under the new Naval Ordnance Systems Command while air ordnance stayed with the Naval Air Systems Command.  In July 1974, the Naval Ordnance Systems Command and Naval Ship Systems Command merged to form the Naval Sea Systems Command (NAVSEA).  Traditional Naval Ordnance functions are now conducted at the Naval Surface Warfare Centers which fall under the command of Naval Sea Systems Command.|In what year was the Naval Ordnance Systems Command disestablished?|st-paraphrase-minilm-l6-v2|fp32|l2|10|False|-1|False|-1
942|Q2906424|BuOrd was disestablished by Congress by an act of August 18, 1959 (73 Stat. 395), and its functions were transferred to the newly established Bureau of Naval Weapons.  BuAir merged with BuOrd to form BuWeps.  BuWeps, in turn, was disestablished in 1966 when the Navy overhauled its materiel organization, and was replaced with the Naval Ordnance Systems Command (NAVORD) and the Naval Air Systems Command (NAVAIR). Other systems commands at the time included the Naval Ship Systems Command (NAVSHIPS) and the Naval Electronics Systems Command (NAVELEX).  Ship and submarine ordnance functions fell under the new Naval Ordnance Systems Command while air ordnance stayed with the Naval Air Systems Command.  In July 1974, the Naval Ordnance Systems Command and Naval Ship Systems Command merged to form the Naval Sea Systems Command (NAVSEA).  Traditional Naval Ordnance functions are now conducted at the Naval Surface Warfare Centers which fall under the command of Naval Sea Systems Command.|In what year was the Naval Ordnance Systems Command disestablished?|st-paraphrase-minilm-l6-v2|fp32|l2|20|False|-1|False|-1
943|Q2906424|BuOrd was disestablished by Congress by an act of August 18, 1959 (73 Stat. 395), and its functions were transferred to the newly established Bureau of Naval Weapons.  BuAir merged with BuOrd to form BuWeps.  BuWeps, in turn, was disestablished in 1966 when the Navy overhauled its materiel organization, and was replaced with the Naval Ordnance Systems Command (NAVORD) and the Naval Air Systems Command (NAVAIR). Other systems commands at the time included the Naval Ship Systems Command (NAVSHIPS) and the Naval Electronics Systems Command (NAVELEX).  Ship and submarine ordnance functions fell under the new Naval Ordnance Systems Command while air ordnance stayed with the Naval Air Systems Command.  In July 1974, the Naval Ordnance Systems Command and Naval Ship Systems Command merged to form the Naval Sea Systems Command (NAVSEA).  Traditional Naval Ordnance functions are now conducted at the Naval Surface Warfare Centers which fall under the command of Naval Sea Systems Command.|In what year was the Naval Ordnance Systems Command disestablished?|st-paraphrase-minilm-l6-v2|fp32|l2|25|False|-1|False|-1
944|Q2906424|BuOrd was disestablished by Congress by an act of August 18, 1959 (73 Stat. 395), and its functions were transferred to the newly established Bureau of Naval Weapons.  BuAir merged with BuOrd to form BuWeps.  BuWeps, in turn, was disestablished in 1966 when the Navy overhauled its materiel organization, and was replaced with the Naval Ordnance Systems Command (NAVORD) and the Naval Air Systems Command (NAVAIR). Other systems commands at the time included the Naval Ship Systems Command (NAVSHIPS) and the Naval Electronics Systems Command (NAVELEX).  Ship and submarine ordnance functions fell under the new Naval Ordnance Systems Command while air ordnance stayed with the Naval Air Systems Command.  In July 1974, the Naval Ordnance Systems Command and Naval Ship Systems Command merged to form the Naval Sea Systems Command (NAVSEA).  Traditional Naval Ordnance functions are now conducted at the Naval Surface Warfare Centers which fall under the command of Naval Sea Systems Command.|In what year was the Naval Ordnance Systems Command disestablished?|st-paraphrase-minilm-l6-v2|fp32|l2|50|False|-1|False|-1
945|Q2906424|BuOrd was disestablished by Congress by an act of August 18, 1959 (73 Stat. 395), and its functions were transferred to the newly established Bureau of Naval Weapons.  BuAir merged with BuOrd to form BuWeps.  BuWeps, in turn, was disestablished in 1966 when the Navy overhauled its materiel organization, and was replaced with the Naval Ordnance Systems Command (NAVORD) and the Naval Air Systems Command (NAVAIR). Other systems commands at the time included the Naval Ship Systems Command (NAVSHIPS) and the Naval Electronics Systems Command (NAVELEX).  Ship and submarine ordnance functions fell under the new Naval Ordnance Systems Command while air ordnance stayed with the Naval Air Systems Command.  In July 1974, the Naval Ordnance Systems Command and Naval Ship Systems Command merged to form the Naval Sea Systems Command (NAVSEA).  Traditional Naval Ordnance functions are now conducted at the Naval Surface Warfare Centers which fall under the command of Naval Sea Systems Command.|In what year was the Naval Ordnance Systems Command disestablished?|st-paraphrase-minilm-l6-v2|fp32|cosine|5|False|-1|False|-1
946|Q2906424|BuOrd was disestablished by Congress by an act of August 18, 1959 (73 Stat. 395), and its functions were transferred to the newly established Bureau of Naval Weapons.  BuAir merged with BuOrd to form BuWeps.  BuWeps, in turn, was disestablished in 1966 when the Navy overhauled its materiel organization, and was replaced with the Naval Ordnance Systems Command (NAVORD) and the Naval Air Systems Command (NAVAIR). Other systems commands at the time included the Naval Ship Systems Command (NAVSHIPS) and the Naval Electronics Systems Command (NAVELEX).  Ship and submarine ordnance functions fell under the new Naval Ordnance Systems Command while air ordnance stayed with the Naval Air Systems Command.  In July 1974, the Naval Ordnance Systems Command and Naval Ship Systems Command merged to form the Naval Sea Systems Command (NAVSEA).  Traditional Naval Ordnance functions are now conducted at the Naval Surface Warfare Centers which fall under the command of Naval Sea Systems Command.|In what year was the Naval Ordnance Systems Command disestablished?|st-paraphrase-minilm-l6-v2|fp32|cosine|10|False|-1|False|-1
947|Q2906424|BuOrd was disestablished by Congress by an act of August 18, 1959 (73 Stat. 395), and its functions were transferred to the newly established Bureau of Naval Weapons.  BuAir merged with BuOrd to form BuWeps.  BuWeps, in turn, was disestablished in 1966 when the Navy overhauled its materiel organization, and was replaced with the Naval Ordnance Systems Command (NAVORD) and the Naval Air Systems Command (NAVAIR). Other systems commands at the time included the Naval Ship Systems Command (NAVSHIPS) and the Naval Electronics Systems Command (NAVELEX).  Ship and submarine ordnance functions fell under the new Naval Ordnance Systems Command while air ordnance stayed with the Naval Air Systems Command.  In July 1974, the Naval Ordnance Systems Command and Naval Ship Systems Command merged to form the Naval Sea Systems Command (NAVSEA).  Traditional Naval Ordnance functions are now conducted at the Naval Surface Warfare Centers which fall under the command of Naval Sea Systems Command.|In what year was the Naval Ordnance Systems Command disestablished?|st-paraphrase-minilm-l6-v2|fp32|cosine|20|False|-1|False|-1
948|Q2906424|BuOrd was disestablished by Congress by an act of August 18, 1959 (73 Stat. 395), and its functions were transferred to the newly established Bureau of Naval Weapons.  BuAir merged with BuOrd to form BuWeps.  BuWeps, in turn, was disestablished in 1966 when the Navy overhauled its materiel organization, and was replaced with the Naval Ordnance Systems Command (NAVORD) and the Naval Air Systems Command (NAVAIR). Other systems commands at the time included the Naval Ship Systems Command (NAVSHIPS) and the Naval Electronics Systems Command (NAVELEX).  Ship and submarine ordnance functions fell under the new Naval Ordnance Systems Command while air ordnance stayed with the Naval Air Systems Command.  In July 1974, the Naval Ordnance Systems Command and Naval Ship Systems Command merged to form the Naval Sea Systems Command (NAVSEA).  Traditional Naval Ordnance functions are now conducted at the Naval Surface Warfare Centers which fall under the command of Naval Sea Systems Command.|In what year was the Naval Ordnance Systems Command disestablished?|st-paraphrase-minilm-l6-v2|fp32|cosine|25|False|-1|False|-1
949|Q2906424|BuOrd was disestablished by Congress by an act of August 18, 1959 (73 Stat. 395), and its functions were transferred to the newly established Bureau of Naval Weapons.  BuAir merged with BuOrd to form BuWeps.  BuWeps, in turn, was disestablished in 1966 when the Navy overhauled its materiel organization, and was replaced with the Naval Ordnance Systems Command (NAVORD) and the Naval Air Systems Command (NAVAIR). Other systems commands at the time included the Naval Ship Systems Command (NAVSHIPS) and the Naval Electronics Systems Command (NAVELEX).  Ship and submarine ordnance functions fell under the new Naval Ordnance Systems Command while air ordnance stayed with the Naval Air Systems Command.  In July 1974, the Naval Ordnance Systems Command and Naval Ship Systems Command merged to form the Naval Sea Systems Command (NAVSEA).  Traditional Naval Ordnance functions are now conducted at the Naval Surface Warfare Centers which fall under the command of Naval Sea Systems Command.|In what year was the Naval Ordnance Systems Command disestablished?|st-paraphrase-minilm-l6-v2|fp32|cosine|50|False|-1|False|-1
950|Q2906424|BuOrd was disestablished by Congress by an act of August 18, 1959 (73 Stat. 395), and its functions were transferred to the newly established Bureau of Naval Weapons.  BuAir merged with BuOrd to form BuWeps.  BuWeps, in turn, was disestablished in 1966 when the Navy overhauled its materiel organization, and was replaced with the Naval Ordnance Systems Command (NAVORD) and the Naval Air Systems Command (NAVAIR). Other systems commands at the time included the Naval Ship Systems Command (NAVSHIPS) and the Naval Electronics Systems Command (NAVELEX).  Ship and submarine ordnance functions fell under the new Naval Ordnance Systems Command while air ordnance stayed with the Naval Air Systems Command.  In July 1974, the Naval Ordnance Systems Command and Naval Ship Systems Command merged to form the Naval Sea Systems Command (NAVSEA).  Traditional Naval Ordnance functions are now conducted at the Naval Surface Warfare Centers which fall under the command of Naval Sea Systems Command.|In what year was the Naval Ordnance Systems Command disestablished?|st-paraphrase-minilm-l6-v2|fp32|dot|5|True|0|False|-1
951|Q2906424|BuOrd was disestablished by Congress by an act of August 18, 1959 (73 Stat. 395), and its functions were transferred to the newly established Bureau of Naval Weapons.  BuAir merged with BuOrd to form BuWeps.  BuWeps, in turn, was disestablished in 1966 when the Navy overhauled its materiel organization, and was replaced with the Naval Ordnance Systems Command (NAVORD) and the Naval Air Systems Command (NAVAIR). Other systems commands at the time included the Naval Ship Systems Command (NAVSHIPS) and the Naval Electronics Systems Command (NAVELEX).  Ship and submarine ordnance functions fell under the new Naval Ordnance Systems Command while air ordnance stayed with the Naval Air Systems Command.  In July 1974, the Naval Ordnance Systems Command and Naval Ship Systems Command merged to form the Naval Sea Systems Command (NAVSEA).  Traditional Naval Ordnance functions are now conducted at the Naval Surface Warfare Centers which fall under the command of Naval Sea Systems Command.|In what year was the Naval Ordnance Systems Command disestablished?|st-paraphrase-minilm-l6-v2|fp32|dot|10|True|0|False|-1
952|Q2906424|BuOrd was disestablished by Congress by an act of August 18, 1959 (73 Stat. 395), and its functions were transferred to the newly established Bureau of Naval Weapons.  BuAir merged with BuOrd to form BuWeps.  BuWeps, in turn, was disestablished in 1966 when the Navy overhauled its materiel organization, and was replaced with the Naval Ordnance Systems Command (NAVORD) and the Naval Air Systems Command (NAVAIR). Other systems commands at the time included the Naval Ship Systems Command (NAVSHIPS) and the Naval Electronics Systems Command (NAVELEX).  Ship and submarine ordnance functions fell under the new Naval Ordnance Systems Command while air ordnance stayed with the Naval Air Systems Command.  In July 1974, the Naval Ordnance Systems Command and Naval Ship Systems Command merged to form the Naval Sea Systems Command (NAVSEA).  Traditional Naval Ordnance functions are now conducted at the Naval Surface Warfare Centers which fall under the command of Naval Sea Systems Command.|In what year was the Naval Ordnance Systems Command disestablished?|st-paraphrase-minilm-l6-v2|fp32|dot|20|True|0|False|-1
953|Q2906424|BuOrd was disestablished by Congress by an act of August 18, 1959 (73 Stat. 395), and its functions were transferred to the newly established Bureau of Naval Weapons.  BuAir merged with BuOrd to form BuWeps.  BuWeps, in turn, was disestablished in 1966 when the Navy overhauled its materiel organization, and was replaced with the Naval Ordnance Systems Command (NAVORD) and the Naval Air Systems Command (NAVAIR). Other systems commands at the time included the Naval Ship Systems Command (NAVSHIPS) and the Naval Electronics Systems Command (NAVELEX).  Ship and submarine ordnance functions fell under the new Naval Ordnance Systems Command while air ordnance stayed with the Naval Air Systems Command.  In July 1974, the Naval Ordnance Systems Command and Naval Ship Systems Command merged to form the Naval Sea Systems Command (NAVSEA).  Traditional Naval Ordnance functions are now conducted at the Naval Surface Warfare Centers which fall under the command of Naval Sea Systems Command.|In what year was the Naval Ordnance Systems Command disestablished?|st-paraphrase-minilm-l6-v2|fp32|dot|25|True|0|False|-1
954|Q2906424|BuOrd was disestablished by Congress by an act of August 18, 1959 (73 Stat. 395), and its functions were transferred to the newly established Bureau of Naval Weapons.  BuAir merged with BuOrd to form BuWeps.  BuWeps, in turn, was disestablished in 1966 when the Navy overhauled its materiel organization, and was replaced with the Naval Ordnance Systems Command (NAVORD) and the Naval Air Systems Command (NAVAIR). Other systems commands at the time included the Naval Ship Systems Command (NAVSHIPS) and the Naval Electronics Systems Command (NAVELEX).  Ship and submarine ordnance functions fell under the new Naval Ordnance Systems Command while air ordnance stayed with the Naval Air Systems Command.  In July 1974, the Naval Ordnance Systems Command and Naval Ship Systems Command merged to form the Naval Sea Systems Command (NAVSEA).  Traditional Naval Ordnance functions are now conducted at the Naval Surface Warfare Centers which fall under the command of Naval Sea Systems Command.|In what year was the Naval Ordnance Systems Command disestablished?|st-paraphrase-minilm-l6-v2|fp32|dot|50|True|0|False|-1
955|Q2906424|BuOrd was disestablished by Congress by an act of August 18, 1959 (73 Stat. 395), and its functions were transferred to the newly established Bureau of Naval Weapons.  BuAir merged with BuOrd to form BuWeps.  BuWeps, in turn, was disestablished in 1966 when the Navy overhauled its materiel organization, and was replaced with the Naval Ordnance Systems Command (NAVORD) and the Naval Air Systems Command (NAVAIR). Other systems commands at the time included the Naval Ship Systems Command (NAVSHIPS) and the Naval Electronics Systems Command (NAVELEX).  Ship and submarine ordnance functions fell under the new Naval Ordnance Systems Command while air ordnance stayed with the Naval Air Systems Command.  In July 1974, the Naval Ordnance Systems Command and Naval Ship Systems Command merged to form the Naval Sea Systems Command (NAVSEA).  Traditional Naval Ordnance functions are now conducted at the Naval Surface Warfare Centers which fall under the command of Naval Sea Systems Command.|In what year was the Naval Ordnance Systems Command disestablished?|st-paraphrase-minilm-l6-v2|binary|hamming|5|True|1|False|-1
956|Q2906424|BuOrd was disestablished by Congress by an act of August 18, 1959 (73 Stat. 395), and its functions were transferred to the newly established Bureau of Naval Weapons.  BuAir merged with BuOrd to form BuWeps.  BuWeps, in turn, was disestablished in 1966 when the Navy overhauled its materiel organization, and was replaced with the Naval Ordnance Systems Command (NAVORD) and the Naval Air Systems Command (NAVAIR). Other systems commands at the time included the Naval Ship Systems Command (NAVSHIPS) and the Naval Electronics Systems Command (NAVELEX).  Ship and submarine ordnance functions fell under the new Naval Ordnance Systems Command while air ordnance stayed with the Naval Air Systems Command.  In July 1974, the Naval Ordnance Systems Command and Naval Ship Systems Command merged to form the Naval Sea Systems Command (NAVSEA).  Traditional Naval Ordnance functions are now conducted at the Naval Surface Warfare Centers which fall under the command of Naval Sea Systems Command.|In what year was the Naval Ordnance Systems Command disestablished?|st-paraphrase-minilm-l6-v2|binary|hamming|10|True|1|False|-1
957|Q2906424|BuOrd was disestablished by Congress by an act of August 18, 1959 (73 Stat. 395), and its functions were transferred to the newly established Bureau of Naval Weapons.  BuAir merged with BuOrd to form BuWeps.  BuWeps, in turn, was disestablished in 1966 when the Navy overhauled its materiel organization, and was replaced with the Naval Ordnance Systems Command (NAVORD) and the Naval Air Systems Command (NAVAIR). Other systems commands at the time included the Naval Ship Systems Command (NAVSHIPS) and the Naval Electronics Systems Command (NAVELEX).  Ship and submarine ordnance functions fell under the new Naval Ordnance Systems Command while air ordnance stayed with the Naval Air Systems Command.  In July 1974, the Naval Ordnance Systems Command and Naval Ship Systems Command merged to form the Naval Sea Systems Command (NAVSEA).  Traditional Naval Ordnance functions are now conducted at the Naval Surface Warfare Centers which fall under the command of Naval Sea Systems Command.|In what year was the Naval Ordnance Systems Command disestablished?|st-paraphrase-minilm-l6-v2|binary|hamming|20|True|1|False|-1
958|Q2906424|BuOrd was disestablished by Congress by an act of August 18, 1959 (73 Stat. 395), and its functions were transferred to the newly established Bureau of Naval Weapons.  BuAir merged with BuOrd to form BuWeps.  BuWeps, in turn, was disestablished in 1966 when the Navy overhauled its materiel organization, and was replaced with the Naval Ordnance Systems Command (NAVORD) and the Naval Air Systems Command (NAVAIR). Other systems commands at the time included the Naval Ship Systems Command (NAVSHIPS) and the Naval Electronics Systems Command (NAVELEX).  Ship and submarine ordnance functions fell under the new Naval Ordnance Systems Command while air ordnance stayed with the Naval Air Systems Command.  In July 1974, the Naval Ordnance Systems Command and Naval Ship Systems Command merged to form the Naval Sea Systems Command (NAVSEA).  Traditional Naval Ordnance functions are now conducted at the Naval Surface Warfare Centers which fall under the command of Naval Sea Systems Command.|In what year was the Naval Ordnance Systems Command disestablished?|st-paraphrase-minilm-l6-v2|binary|hamming|25|True|1|False|-1
959|Q2906424|BuOrd was disestablished by Congress by an act of August 18, 1959 (73 Stat. 395), and its functions were transferred to the newly established Bureau of Naval Weapons.  BuAir merged with BuOrd to form BuWeps.  BuWeps, in turn, was disestablished in 1966 when the Navy overhauled its materiel organization, and was replaced with the Naval Ordnance Systems Command (NAVORD) and the Naval Air Systems Command (NAVAIR). Other systems commands at the time included the Naval Ship Systems Command (NAVSHIPS) and the Naval Electronics Systems Command (NAVELEX).  Ship and submarine ordnance functions fell under the new Naval Ordnance Systems Command while air ordnance stayed with the Naval Air Systems Command.  In July 1974, the Naval Ordnance Systems Command and Naval Ship Systems Command merged to form the Naval Sea Systems Command (NAVSEA).  Traditional Naval Ordnance functions are now conducted at the Naval Surface Warfare Centers which fall under the command of Naval Sea Systems Command.|In what year was the Naval Ordnance Systems Command disestablished?|st-paraphrase-minilm-l6-v2|binary|hamming|50|True|1|True|42
